lag,period,horizon,target_pct,target_label,n,target_hits,target_hit_rate,target_hit_wilson_lower_95,target_hit_wilson_upper_95,mean_realized_return,median_realized_return,entry_dates,codes,events,retention_vs_parent_crosses
0,full_period,T+20,1,target_1pct,20028,17480,0.8727781106450969,0.8680915268633711,0.8773217156215336,-0.004580942287707805,0.01,1161,2519,20135,0.35730763770584895
0,full_period,T+20,2,target_2pct,20028,16191,0.8084182144997004,0.8029088184862709,0.8138093169047357,-0.0018934243079812025,0.02,1161,2519,20135,0.35730763770584895
0,full_period,T+20,3,target_3pct,20028,14786,0.7382664270021969,0.7321331610739953,0.7443083059951132,-0.00029172074637649417,0.03,1161,2519,20135,0.35730763770584895
0,full_period,T+20,4,target_4pct,20028,13430,0.6705612142999801,0.664019603532001,0.677037406423589,0.0008564666454696452,0.04,1161,2519,20135,0.35730763770584895
0,full_period,T+20,5,target_5pct,20028,12253,0.6117934891152387,0.6050231707203234,0.6185209291890927,0.002110795277797401,0.05,1161,2519,20135,0.35730763770584895
0,full_period,T+20,6,target_6pct,20028,11097,0.5540742959856201,0.5471803931952923,0.5609474586143983,0.0030324460548301433,0.06,1161,2519,20135,0.35730763770584895
0,full_period,T+20,7,target_7pct,20028,10024,0.5004993009786299,0.4935750719191774,0.5074233385315123,0.003774431530448166,0.07,1161,2519,20135,0.35730763770584895
0,full_period,T+20,8,target_8pct,20028,9124,0.45556221290193727,0.44867399355705084,0.46246747633156876,0.004923155873418449,0.031546102619111394,1161,2519,20135,0.35730763770584895
0,full_period,T+20,9,target_9pct,20028,8235,0.41117435590173756,0.4043773711313313,0.418005409690977,0.005416984592337244,0.020455429254694235,1161,2519,20135,0.35730763770584895
0,full_period,T+20,10,target_10pct,20028,7441,0.3715298581985221,0.3648627754997335,0.37824621553781534,0.005949903702390861,0.014241790054026149,1161,2519,20135,0.35730763770584895
0,full_period,T+20,11,target_11pct,20028,6770,0.33802676253245456,0.33150699573078424,0.344608654065488,0.0066587627870435245,0.010676010691327842,1161,2519,20135,0.35730763770584895
0,full_period,T+20,12,target_12pct,20028,6142,0.3066706610744957,0.30032203167245,0.31309344182051124,0.007175402362725302,0.007521763047765306,1161,2519,20135,0.35730763770584895
0,full_period,T+20,13,target_13pct,20028,5565,0.2778609946075494,0.2717001912085948,0.2841069992795727,0.007562619005397111,0.0054008873109533395,1161,2519,20135,0.35730763770584895
0,full_period,T+20,14,target_14pct,20028,5093,0.2542939884162173,0.2483105053366717,0.2603717118789436,0.008122886247224206,0.003957785363242983,1161,2519,20135,0.35730763770584895
0,full_period,T+20,15,target_15pct,20028,4664,0.23287397643299382,0.22707183274493148,0.2387785761360972,0.008536500975143396,0.0027361061204933534,1161,2519,20135,0.35730763770584895
0,full_period,T+20,16,target_16pct,20028,4248,0.2121030557219892,0.20649685903850354,0.217819675093835,0.008883786295337972,0.0017937234158929005,1161,2519,20135,0.35730763770584895
0,full_period,T+20,17,target_17pct,20028,3855,0.19248052726183343,0.18707952400078814,0.19799947941944654,0.00911317251594892,0.0011442606295789526,1161,2519,20135,0.35730763770584895
0,full_period,T+20,18,target_18pct,20028,3507,0.17510485320551228,0.16990366106323138,0.18043065867300292,0.009360946164402398,0.0005089444708822333,1161,2519,20135,0.35730763770584895
0,full_period,T+20,19,target_19pct,20028,3215,0.16052526462951866,0.1555063530844789,0.16567438149161715,0.00958555870992196,0.0,1161,2519,20135,0.35730763770584895
0,full_period,T+20,20,target_20pct,20028,2969,0.1482424605552227,0.14338860857846894,0.15323122891066138,0.009978516148378766,0.0,1161,2519,20135,0.35730763770584895
0,selection_2021_2023,T+20,1,target_1pct,9542,8358,0.8759169985328024,0.8691504060237688,0.8823810252122156,-0.0038465477732132626,0.01,636,1879,20135,0.35730763770584895
0,selection_2021_2023,T+20,2,target_2pct,9542,7717,0.8087403060155104,0.800725293066434,0.8165068219102066,-0.0015745681477789923,0.02,636,1879,20135,0.35730763770584895
0,selection_2021_2023,T+20,3,target_3pct,9542,7015,0.7351708237266821,0.7262239902175754,0.7439283743471162,-0.00037495970158344126,0.03,636,1879,20135,0.35730763770584895
0,selection_2021_2023,T+20,4,target_4pct,9542,6306,0.6608677426116119,0.6513056877221293,0.6703003192327736,6.428916832478316e-06,0.04,636,1879,20135,0.35730763770584895
0,selection_2021_2023,T+20,5,target_5pct,9542,5709,0.5983022427164116,0.5884279511074808,0.6080974134030721,0.0006027397441489314,0.05,636,1879,20135,0.35730763770584895
0,selection_2021_2023,T+20,6,target_6pct,9542,5123,0.5368895409767345,0.5268716046130593,0.5468777859068925,0.0006867508031705588,0.06,636,1879,20135,0.35730763770584895
0,selection_2021_2023,T+20,7,target_7pct,9542,4589,0.48092643051771117,0.47091098786739066,0.4909572249887706,0.0010233000714402994,0.03815771331600981,636,1879,20135,0.35730763770584895
0,selection_2021_2023,T+20,8,target_8pct,9542,4137,0.4335569063089499,0.42364214979598025,0.4435251411425158,0.0016746059557256998,0.020237884536257078,636,1879,20135,0.35730763770584895
0,selection_2021_2023,T+20,9,target_9pct,9542,3706,0.3883881785789143,0.3786556706242236,0.39821051999012713,0.0018605801198214454,0.011241221355495545,636,1879,20135,0.35730763770584895
0,selection_2021_2023,T+20,10,target_10pct,9542,3325,0.3484594424648921,0.338961600041086,0.35807925594797624,0.0020126660964913156,0.005033748274595795,636,1879,20135,0.35730763770584895
0,selection_2021_2023,T+20,11,target_11pct,9542,3008,0.315237895619367,0.30599147952188616,0.32463302193642407,0.0023445358891077362,0.00128632737403922,636,1879,20135,0.35730763770584895
0,selection_2021_2023,T+20,12,target_12pct,9542,2693,0.2822259484384825,0.2732841290576518,0.2913430484978608,0.002482793305512762,-0.0012007458705587393,636,1879,20135,0.35730763770584895
0,selection_2021_2023,T+20,13,target_13pct,9542,2411,0.25267239572416683,0.24405403361989952,0.26148982539406096,0.0024608783838673673,-0.00289723286981336,636,1879,20135,0.35730763770584895
0,selection_2021_2023,T+20,14,target_14pct,9542,2174,0.22783483546426325,0.21952942685811705,0.23635930274326244,0.002472230278844184,-0.004255396204548678,636,1879,20135,0.35730763770584895
0,selection_2021_2023,T+20,15,target_15pct,9542,1970,0.20645566967092852,0.19845309429168725,0.21469451125835662,0.0027786063891347946,-0.004929023450605696,636,1879,20135,0.35730763770584895
0,selection_2021_2023,T+20,16,target_16pct,9542,1749,0.18329490672814924,0.17565961531586624,0.19118510584523074,0.002489818420520321,-0.0057814867635261336,636,1879,20135,0.35730763770584895
0,selection_2021_2023,T+20,17,target_17pct,9542,1551,0.1625445399287361,0.15527766230366952,0.17008302668995465,0.0022926535782185338,-0.006596351991088767,636,1879,20135,0.35730763770584895
0,selection_2021_2023,T+20,18,target_18pct,9542,1393,0.14598616642213372,0.1390438755306973,0.15321339385453947,0.002190590673873799,-0.007270540764364952,636,1879,20135,0.35730763770584895
0,selection_2021_2023,T+20,19,target_19pct,9542,1251,0.13110459023265564,0.12448059395759424,0.13802550084288936,0.0021194904897090493,-0.007506394327862431,636,1879,20135,0.35730763770584895
0,selection_2021_2023,T+20,20,target_20pct,9542,1136,0.11905260951582478,0.1127073993752308,0.12570443431788222,0.002218697340027275,-0.007707171801173085,636,1879,20135,0.35730763770584895
0,audit_2024_present,T+20,1,target_1pct,10486,9122,0.8699218004958993,0.8633474505199534,0.8762252042282365,-0.005249223086611764,0.01,525,2264,20135,0.35730763770584895
0,audit_2024_present,T+20,2,target_2pct,10486,8474,0.8081251192065612,0.8004757954834258,0.8155487591676187,-0.002183575507737972,0.02,525,2264,20135,0.35730763770584895
0,audit_2024_present,T+20,3,target_3pct,10486,7771,0.7410833492275415,0.7326118713424993,0.7493782475550063,-0.00021597536104512972,0.03,525,2264,20135,0.35730763770584895
0,audit_2024_present,T+20,4,target_4pct,10486,7124,0.6793820331871067,0.6703846359661624,0.688248043482496,0.0016299799018739793,0.04,525,2264,20135,0.35730763770584895
0,audit_2024_present,T+20,5,target_5pct,10486,6544,0.6240701888231929,0.6147554519811879,0.6332940514545934,0.0034830884212337632,0.05,525,2264,20135,0.35730763770584895
0,audit_2024_present,T+20,6,target_6pct,10486,5974,0.569711996948312,0.5602114393469618,0.5791614945589227,0.005166970572409369,0.06,525,2264,20135,0.35730763770584895
0,audit_2024_present,T+20,7,target_7pct,10486,5435,0.5183101277894335,0.5087413874767868,0.5278654569964415,0.006277892943937874,0.07,525,2264,20135,0.35730763770584895
0,audit_2024_present,T+20,8,target_8pct,10486,4987,0.4755864962807553,0.466038395188325,0.4851524788473706,0.007879255750838267,0.04352288615585531,525,2264,20135,0.35730763770584895
0,audit_2024_present,T+20,9,target_9pct,10486,4529,0.4319092122830441,0.42245480604062946,0.4414134910745529,0.00865322448140321,0.029388422035480866,525,2264,20135,0.35730763770584895
0,audit_2024_present,T+20,10,target_10pct,10486,4116,0.3925233644859813,0.38321786027211385,0.4019075890959681,0.009532692300091936,0.022196086516474867,525,2264,20135,0.35730763770584895
0,audit_2024_present,T+20,11,target_11pct,10486,3762,0.35876406637421326,0.34963686335309196,0.36799471651747545,0.010584602293061386,0.018243125743772626,525,2264,20135,0.35730763770584895
0,audit_2024_present,T+20,12,target_12pct,10486,3449,0.32891474346748045,0.319986301733282,0.33796849521999134,0.01144556025171272,0.015450643776824147,525,2264,20135,0.35730763770584895
0,audit_2024_present,T+20,13,target_13pct,10486,3154,0.30078199504100706,0.2920785038857552,0.3096314018195893,0.012205076473510485,0.013574879706590215,525,2264,20135,0.35730763770584895
0,audit_2024_present,T+20,14,target_14pct,10486,2919,0.27837116154873165,0.26987483882595226,0.2870298145293472,0.013264843070634674,0.01202752691727449,525,2264,20135,0.35730763770584895
0,audit_2024_present,T+20,15,target_15pct,10486,2694,0.25691398054548925,0.24864101394210533,0.2653649935461298,0.013776042281618129,0.010896918300639435,525,2264,20135,0.35730763770584895
0,audit_2024_present,T+20,16,target_16pct,10486,2499,0.2383177570093458,0.23025966538113513,0.2465675156889775,0.01470213852321419,0.010261437253053618,525,2264,20135,0.35730763770584895
0,audit_2024_present,T+20,17,target_17pct,10486,2304,0.21972153347320236,0.21189972671954288,0.22774862793244727,0.015319675634757175,0.009059169705767145,525,2264,20135,0.35730763770584895
0,audit_2024_present,T+20,18,target_18pct,10486,2114,0.20160213618157544,0.19403297844655143,0.20938985302880658,0.015885791872072043,0.008458156345480305,525,2264,20135,0.35730763770584895
0,audit_2024_present,T+20,19,target_19pct,10486,1964,0.18729734884608049,0.17994472634066036,0.19487900788998808,0.016379495669417633,0.0078536184210527,525,2264,20135,0.35730763770584895
0,audit_2024_present,T+20,20,target_20pct,10486,1833,0.17480450123974822,0.16765442791675123,0.1821927613868508,0.017039758859545076,0.007616630408508573,525,2264,20135,0.35730763770584895
0,year_2021,T+20,1,target_1pct,2423,2147,0.8860916219562526,0.8728255284167603,0.8981353781376683,-0.003386987287651372,0.01,226,1021,20135,0.35730763770584895
0,year_2021,T+20,2,target_2pct,2423,2019,0.8332645480808915,0.8178976350461166,0.8475763703442641,-0.00023113680668235108,0.02,226,1021,20135,0.35730763770584895
0,year_2021,T+20,3,target_3pct,2423,1868,0.7709451093685514,0.7537914600590345,0.7872409666143835,0.0026368315578694525,0.03,226,1021,20135,0.35730763770584895
0,year_2021,T+20,4,target_4pct,2423,1722,0.7106892282294676,0.692311760564045,0.7283996694691306,0.004511921836750193,0.04,226,1021,20135,0.35730763770584895
0,year_2021,T+20,5,target_5pct,2423,1588,0.6553858852661989,0.6362301048864686,0.6740497254905943,0.006414851801237287,0.05,226,1021,20135,0.35730763770584895
0,year_2021,T+20,6,target_6pct,2423,1453,0.599669830788279,0.5800174342116543,0.6190066800939518,0.0077361301745150065,0.06,226,1021,20135,0.35730763770584895
0,year_2021,T+20,7,target_7pct,2423,1322,0.5456046223689641,0.52572198780313,0.565342876092396,0.008523764901592713,0.07,226,1021,20135,0.35730763770584895
0,year_2021,T+20,8,target_8pct,2423,1212,0.5002063557573256,0.4803127982111901,0.520099259996482,0.00927159372779901,0.08,226,1021,20135,0.35730763770584895
0,year_2021,T+20,9,target_9pct,2423,1110,0.45810978126289725,0.43835268828398943,0.477999495558582,0.010179688962617773,0.03366336633663369,226,1021,20135,0.35730763770584895
0,year_2021,T+20,10,target_10pct,2423,997,0.411473380107305,0.3920340680829726,0.4311929608257128,0.0104207360693302,0.020815100560817257,226,1021,20135,0.35730763770584895
0,year_2021,T+20,11,target_11pct,2423,915,0.3776310359059018,0.35853550399249584,0.3971139788579714,0.011246590610019973,0.016355140186915973,226,1021,20135,0.35730763770584895
0,year_2021,T+20,12,target_12pct,2423,821,0.33883615352868346,0.3202580479104713,0.35792449189764813,0.011482012393657693,0.011727912431587217,226,1021,20135,0.35730763770584895
0,year_2021,T+20,13,target_13pct,2423,744,0.30705736690053653,0.2890078090183433,0.3257177668082785,0.011487844365035063,0.007416962270235583,226,1021,20135,0.35730763770584895
0,year_2021,T+20,14,target_14pct,2423,682,0.28146925299215847,0.2639192328389088,0.29971112523637733,0.01178129271931051,0.005714285714285561,226,1021,20135,0.35730763770584895
0,year_2021,T+20,15,target_15pct,2423,619,0.2554684275691292,0.23849935501794522,0.273211668890661,0.012382647315841868,0.004477611940298498,226,1021,20135,0.35730763770584895
0,year_2021,T+20,16,target_16pct,2423,569,0.23483285183656624,0.21838212284172026,0.25212308029967967,0.01288233681020234,0.003805175038051889,226,1021,20135,0.35730763770584895
0,year_2021,T+20,17,target_17pct,2423,509,0.2100701609574907,0.1943152702077494,0.22674294801300304,0.012691476048645293,0.0023809523809523725,226,1021,20135,0.35730763770584895
0,year_2021,T+20,18,target_18pct,2423,456,0.188196450680974,0.1731308990544917,0.20424914915302214,0.01268930215681192,0.0015698587127157548,226,1021,20135,0.35730763770584895
0,year_2021,T+20,19,target_19pct,2423,417,0.1721007016095749,0.15759267172294825,0.18764683628614476,0.012780168440609653,0.0013192612137202797,226,1021,20135,0.35730763770584895
0,year_2021,T+20,20,target_20pct,2423,366,0.15105241436236072,0.13734655018464806,0.1658630206418946,0.012381172843602573,0.0009946949602122057,226,1021,20135,0.35730763770584895
0,year_2022,T+20,1,target_1pct,3429,3046,0.8883056284631088,0.8773249101322935,0.8984172621834929,-0.004157698386764146,0.01,196,1330,20135,0.35730763770584895
0,year_2022,T+20,2,target_2pct,3429,2856,0.8328958880139983,0.8200376928743062,0.8450090136209777,-0.0010946430707460069,0.02,196,1330,20135,0.35730763770584895
0,year_2022,T+20,3,target_3pct,3429,2632,0.7675707203266259,0.7531383886535783,0.7814041897164812,0.0006068224527636475,0.03,196,1330,20135,0.35730763770584895
0,year_2022,T+20,4,target_4pct,3429,2409,0.7025371828521435,0.6870162895457463,0.7176047684139336,0.0020128571253992195,0.04,196,1330,20135,0.35730763770584895
0,year_2022,T+20,5,target_5pct,3429,2218,0.6468358121901429,0.6306818965856866,0.6626610878386456,0.003169382801563212,0.05,196,1330,20135,0.35730763770584895
0,year_2022,T+20,6,target_6pct,3429,2025,0.5905511811023622,0.573999843579603,0.6068998518796923,0.003665190329259971,0.06,196,1330,20135,0.35730763770584895
0,year_2022,T+20,7,target_7pct,3429,1840,0.536599591717702,0.5198771812217341,0.5532400869912824,0.004842172855604023,0.07,196,1330,20135,0.35730763770584895
0,year_2022,T+20,8,target_8pct,3429,1684,0.4911052785068533,0.4743916027456535,0.5078388619515817,0.006311326681798897,0.061833688699360234,196,1330,20135,0.35730763770584895
0,year_2022,T+20,9,target_9pct,3429,1528,0.4456109652960047,0.429044698407887,0.4622989627735669,0.006856804081913511,0.039215686274509665,196,1330,20135,0.35730763770584895
0,year_2022,T+20,10,target_10pct,3429,1392,0.40594925634295714,0.3896264660677532,0.4224825458948145,0.007515109009745414,0.02752293577981657,196,1330,20135,0.35730763770584895
0,year_2022,T+20,11,target_11pct,3429,1279,0.37299504228638086,0.3569588670613777,0.38931547312373305,0.00836261521960906,0.021201413427561988,196,1330,20135,0.35730763770584895
0,year_2022,T+20,12,target_12pct,3429,1164,0.3394575678040245,0.32379558327676167,0.3554788697012027,0.008999179455236896,0.01654645736105209,196,1330,20135,0.35730763770584895
0,year_2022,T+20,13,target_13pct,3429,1045,0.3047535724701079,0.2895722103345209,0.3203719245769181,0.009257665100616473,0.013454545454545386,196,1330,20135,0.35730763770584895
0,year_2022,T+20,14,target_14pct,3429,949,0.2767570720326626,0.2620382984076673,0.2919754958786755,0.009299829356582783,0.010362694300518172,196,1330,20135,0.35730763770584895
0,year_2022,T+20,15,target_15pct,3429,865,0.25226013414989795,0.23800596090581352,0.26706878533357026,0.009762847759268223,0.008515815085158085,196,1330,20135,0.35730763770584895
0,year_2022,T+20,16,target_16pct,3429,770,0.22455526392534267,0.21090072047045774,0.23882629285867463,0.009254842098005783,0.0057388809182208345,196,1330,20135,0.35730763770584895
0,year_2022,T+20,17,target_17pct,3429,693,0.2020997375328084,0.18899556066660675,0.2158706586194798,0.009382992864702719,0.004640371229698292,196,1330,20135,0.35730763770584895
0,year_2022,T+20,18,target_18pct,3429,629,0.18343540390784485,0.17083790956514988,0.19674141597087252,0.009410458794264864,0.003528434051967011,196,1330,20135,0.35730763770584895
0,year_2022,T+20,19,target_19pct,3429,553,0.16127150772820065,0.14934151379377253,0.1739596254140488,0.009056261643437919,0.002636203866432485,196,1330,20135,0.35730763770584895
0,year_2022,T+20,20,target_20pct,3429,513,0.14960629921259844,0.13805994931515528,0.161936881298876,0.009453394423838982,0.0022900763358777443,196,1330,20135,0.35730763770584895
0,year_2023,T+20,1,target_1pct,3690,3165,0.8577235772357723,0.8460797315817032,0.8686233569318917,-0.0038591709717635285,0.01,214,1305,20135,0.35730763770584895
0,year_2023,T+20,2,target_2pct,3690,2842,0.770189701897019,0.7563382727054195,0.7834791358158337,-0.002902697478029202,0.02,214,1305,20135,0.35730763770584895
0,year_2023,T+20,3,target_3pct,3690,2515,0.6815718157181572,0.6663580388784068,0.6964079227156149,-0.0032649600346215226,0.03,214,1305,20135,0.35730763770584895
0,year_2023,T+20,4,target_4pct,3690,2175,0.5894308943089431,0.5734731087080068,0.6052026634203921,-0.004816566116266705,0.04,214,1305,20135,0.35730763770584895
0,year_2023,T+20,5,target_5pct,3690,1903,0.5157181571815718,0.49958524598669357,0.5318183745692068,-0.005598823008750434,0.05,214,1305,20135,0.35730763770584895
0,year_2023,T+20,6,target_6pct,3690,1645,0.44579945799457993,0.4298262200360177,0.46188543321949815,-0.006709920023856051,0.008214757401355466,214,1305,20135,0.35730763770584895
0,year_2023,T+20,7,target_7pct,3690,1427,0.3867208672086721,0.3711329864867543,0.40254436881727396,-0.007450559294510028,-0.0024094152741432895,214,1305,20135,0.35730763770584895
0,year_2023,T+20,8,target_8pct,3690,1241,0.33631436314363145,0.32124764926993815,0.3517215435617198,-0.00762263435360726,-0.007047685670896031,214,1305,20135,0.35730763770584895
0,year_2023,T+20,9,target_9pct,3690,1068,0.2894308943089431,0.2750233592109932,0.30427641368668606,-0.00824490841462549,-0.01098036521755208,214,1305,20135,0.35730763770584895
0,year_2023,T+20,10,target_10pct,3690,936,0.25365853658536586,0.23988068778888696,0.26794877625743274,-0.008621651056282919,-0.012790914337912851,214,1305,20135,0.35730763770584895
0,year_2023,T+20,11,target_11pct,3690,814,0.22059620596205962,0.2075116033504383,0.23426196918174608,-0.009093315767547926,-0.01492110265857699,214,1305,20135,0.35730763770584895
0,year_2023,T+20,12,target_12pct,3690,708,0.191869918699187,0.17948758028606823,0.20489316847153957,-0.009481921046243126,-0.016834472236375075,214,1305,20135,0.35730763770584895
0,year_2023,T+20,13,target_13pct,3690,622,0.16856368563685636,0.1568305090694051,0.18098625058807455,-0.009782623031878436,-0.017886790833725075,214,1305,20135,0.35730763770584895
0,year_2023,T+20,14,target_14pct,3690,543,0.14715447154471545,0.136090995888017,0.15895186680539142,-0.009985139783707459,-0.018480838074657835,214,1305,20135,0.35730763770584895
0,year_2023,T+20,15,target_15pct,3690,486,0.13170731707317074,0.121177882342957,0.14300280152827347,-0.010018020934333703,-0.018876823414989252,214,1305,20135,0.35730763770584895
0,year_2023,T+20,16,target_16pct,3690,410,0.1111111111111111,0.10137259042643887,0.12165852168188757,-0.010620842351375934,-0.01915125952353175,214,1305,20135,0.35730763770584895
0,year_2023,T+20,17,target_17pct,3690,349,0.094579945799458,0.08555500439227594,0.10444816195898286,-0.01112445218308182,-0.019502583860737666,214,1305,20135,0.35730763770584895
0,year_2023,T+20,18,target_18pct,3690,308,0.08346883468834689,0.07497176369247195,0.0928322915761676,-0.011412473203627566,-0.019627196791038803,214,1305,20135,0.35730763770584895
0,year_2023,T+20,19,target_19pct,3690,281,0.07615176151761517,0.0680274504063108,0.0851576780518234,-0.01132685394421194,-0.019777533308886375,214,1305,20135,0.35730763770584895
0,year_2023,T+20,20,target_20pct,3690,257,0.06964769647696477,0.06187400014572534,0.07831652670307077,-0.01117736077529882,-0.019801980198019764,214,1305,20135,0.35730763770584895
0,year_2024,T+20,1,target_1pct,3059,2555,0.8352402745995423,0.8216751964970764,0.8479643957038392,-0.011659186262277708,0.01,177,1201,20135,0.35730763770584895
0,year_2024,T+20,2,target_2pct,3059,2375,0.7763975155279503,0.7612905812847367,0.790811101022308,-0.009061160809763996,0.02,177,1201,20135,0.35730763770584895
0,year_2024,T+20,3,target_3pct,3059,2172,0.7100359594638771,0.6937007242713199,0.72584431521097,-0.008023710797758045,0.03,177,1201,20135,0.35730763770584895
0,year_2024,T+20,4,target_4pct,3059,1996,0.6525008172605427,0.6354444322784202,0.6691746508631957,-0.0065083584573971094,0.04,177,1201,20135,0.35730763770584895
0,year_2024,T+20,5,target_5pct,3059,1844,0.6028113762667539,0.5853525683511898,0.620012279768935,-0.004935157546585131,0.05,177,1201,20135,0.35730763770584895
0,year_2024,T+20,6,target_6pct,3059,1676,0.5478914677999346,0.5302049457303009,0.5654578531555441,-0.004315285184209662,0.06,177,1201,20135,0.35730763770584895
0,year_2024,T+20,7,target_7pct,3059,1523,0.4978751225890814,0.4801701801060082,0.5155853953700466,-0.003927448653000511,0.05020576131687249,177,1201,20135,0.35730763770584895
0,year_2024,T+20,8,target_8pct,3059,1394,0.4557044785877738,0.43812180731625505,0.4733982660691921,-0.00298231178494732,0.021568627450980316,177,1201,20135,0.35730763770584895
0,year_2024,T+20,9,target_9pct,3059,1295,0.4233409610983982,0.40593844084433633,0.4409357820994817,-0.001668456447240542,0.011379800853485111,177,1201,20135,0.35730763770584895
0,year_2024,T+20,10,target_10pct,3059,1185,0.38738149722131415,0.3702694232771001,0.4047760769537967,-0.0006667171073575835,0.005689900426742556,177,1201,20135,0.35730763770584895
0,year_2024,T+20,11,target_11pct,3059,1085,0.35469107551487417,0.3379288644648316,0.3718177969361368,0.00027626517156434556,0.0031450866351618867,177,1201,20135,0.35730763770584895
0,year_2024,T+20,12,target_12pct,3059,1011,0.33050016345210853,0.31405217556384285,0.3473733451029785,0.001565875286274059,0.001115448968209698,177,1201,20135,0.35730763770584895
0,year_2024,T+20,13,target_13pct,3059,939,0.3069630598234717,0.29086853778723765,0.32354181892203526,0.0027657896500749503,-0.0006899084312558257,177,1201,20135,0.35730763770584895
0,year_2024,T+20,14,target_14pct,3059,879,0.2873488067996077,0.27158686932901754,0.3036441840822984,0.004398470925461375,-0.001612903225806428,177,1201,20135,0.35730763770584895
0,year_2024,T+20,15,target_15pct,3059,833,0.2723112128146453,0.25682901022441174,0.2883645773251371,0.005462172535483882,-0.0035676061362825973,177,1201,20135,0.35730763770584895
0,year_2024,T+20,16,target_16pct,3059,795,0.2598888525661981,0.24465478315544031,0.27572524563873574,0.006867900426482109,-0.003974562798092274,177,1201,20135,0.35730763770584895
0,year_2024,T+20,17,target_17pct,3059,747,0.2441974501471069,0.22930003021885703,0.2597365559369534,0.00792553627180162,-0.00424589256045782,177,1201,20135,0.35730763770584895
0,year_2024,T+20,18,target_18pct,3059,713,0.23308270676691728,0.21844025633533853,0.24839472461829618,0.009585946177901651,-0.004587155963302725,177,1201,20135,0.35730763770584895
0,year_2024,T+20,19,target_19pct,3059,676,0.2209872507355345,0.20663871186778177,0.23603569871877947,0.010861276945422228,-0.004860267314702238,177,1201,20135,0.35730763770584895
0,year_2024,T+20,20,target_20pct,3059,646,0.2111801242236025,0.1970831354356757,0.22600162350190703,0.012252131607083902,-0.004950495049505066,177,1201,20135,0.35730763770584895
0,year_2025,T+20,1,target_1pct,3741,3424,0.9152632985832665,0.9059074822959885,0.9237671293084115,0.004041483867230777,0.01,218,1656,20135,0.35730763770584895
0,year_2025,T+20,2,target_2pct,3741,3212,0.8585939588345363,0.8470599602608133,0.86939223894569,0.010026671301600409,0.02,218,1656,20135,0.35730763770584895
0,year_2025,T+20,3,target_3pct,3741,2969,0.7936380646885859,0.7803715379058479,0.8063021414294809,0.014772365920642863,0.03,218,1656,20135,0.35730763770584895
0,year_2025,T+20,4,target_4pct,3741,2740,0.7324244854317028,0.7180051047871818,0.7463670064390981,0.01955001654036913,0.04,218,1656,20135,0.35730763770584895
0,year_2025,T+20,5,target_5pct,3741,2523,0.6744186046511628,0.659230229869639,0.6892491290436993,0.023601642604780045,0.05,218,1656,20135,0.35730763770584895
0,year_2025,T+20,6,target_6pct,3741,2282,0.6099973269179364,0.5942620630994017,0.6255069119087803,0.026677378238428473,0.06,218,1656,20135,0.35730763770584895
0,year_2025,T+20,7,target_7pct,3741,2048,0.5474472066292435,0.5314563752279575,0.5633406917561307,0.0286190309411013,0.07,218,1656,20135,0.35730763770584895
0,year_2025,T+20,8,target_8pct,3741,1877,0.5017375033413526,0.48572146630405877,0.5177499755854994,0.03153066379034138,0.08,218,1656,20135,0.35730763770584895
0,year_2025,T+20,9,target_9pct,3741,1680,0.4490777866880513,0.43319885695214716,0.4650611922846483,0.0329857705518542,0.04750869061413665,218,1656,20135,0.35730763770584895
0,year_2025,T+20,10,target_10pct,3741,1516,0.4052392408446939,0.38961203331011046,0.42106086671321763,0.0346259730505351,0.04137931034482745,218,1656,20135,0.35730763770584895
0,year_2025,T+20,11,target_11pct,3741,1381,0.3691526329858327,0.3538300160838773,0.38474370623324283,0.03655309410766233,0.03783499737256957,218,1656,20135,0.35730763770584895
0,year_2025,T+20,12,target_12pct,3741,1261,0.33707564822240044,0.322101540887424,0.3523840234686225,0.03801979511585724,0.03533722526094962,218,1656,20135,0.35730763770584895
0,year_2025,T+20,13,target_13pct,3741,1148,0.30686982090350173,0.2922951384014509,0.32184074387458445,0.039531338931134946,0.03429796355841375,218,1656,20135,0.35730763770584895
0,year_2025,T+20,14,target_14pct,3741,1063,0.2841486233627372,0.2699231549604635,0.2988169487598113,0.04103413633330714,0.033280507131537185,218,1656,20135,0.35730763770584895
0,year_2025,T+20,15,target_15pct,3741,971,0.25955626837743917,0.24575965820757856,0.27384619107587305,0.04193778494346348,0.031932773109243806,218,1656,20135,0.35730763770584895
0,year_2025,T+20,16,target_16pct,3741,891,0.23817161186848437,0.2247944661676011,0.2520859444751348,0.04324105170372499,0.03171641791044788,218,1656,20135,0.35730763770584895
0,year_2025,T+20,17,target_17pct,3741,804,0.214915797914996,0.20204876265435798,0.22836773346659942,0.04401231951983805,0.031168831168830957,218,1656,20135,0.35730763770584895
0,year_2025,T+20,18,target_18pct,3741,720,0.19246190858059342,0.18014665372318622,0.20540813182501957,0.04438529153334957,0.030807621205805047,218,1656,20135,0.35730763770584895
0,year_2025,T+20,19,target_19pct,3741,667,0.17829457364341086,0.16636082710161978,0.19088835534711185,0.045283537679643646,0.030599755201958345,218,1656,20135,0.35730763770584895
0,year_2025,T+20,20,target_20pct,3741,616,0.16466185511895215,0.1531222298432724,0.17688948547200287,0.04593142400550635,0.030476190476190546,218,1656,20135,0.35730763770584895
0,year_2026,T+20,1,target_1pct,3686,3143,0.852685838307108,0.8408768893838126,0.8637604045314601,-0.009358951073579432,0.01,130,1655,20135,0.35730763770584895
0,year_2026,T+20,2,target_2pct,3686,2887,0.7832338578404775,0.7696405423045654,0.7962374075781614,-0.008868328593694913,0.02,130,1655,20135,0.35730763770584895
0,year_2026,T+20,3,target_3pct,3686,2630,0.7135105805751493,0.6986982270029224,0.7278783501596313,-0.008948347046853586,0.03,130,1655,20135,0.35730763770584895
0,year_2026,T+20,4,target_4pct,3686,2388,0.6478567552902875,0.6322903187973564,0.663115315959431,-0.009803465573872117,0.04,130,1655,20135,0.35730763770584895
0,year_2026,T+20,5,target_5pct,3686,2177,0.590613130765057,0.5746523911385387,0.6063851905289236,-0.0099493849333752,0.05,130,1655,20135,0.35730763770584895
0,year_2026,T+20,6,target_6pct,3686,2016,0.5469343461747151,0.5308233791563397,0.5629475838031542,-0.008795106128371923,0.06,130,1655,20135,0.35730763770584895
0,year_2026,T+20,7,target_7pct,3686,1864,0.5056972327726533,0.4895590844614935,0.5218235179786764,-0.007927222981822803,0.07,130,1655,20135,0.35730763770584895
0,year_2026,T+20,8,target_8pct,3686,1716,0.4655453065653825,0.4494862253461839,0.48167613132517034,-0.007111081303912964,0.025342051377512997,130,1655,20135,0.35730763770584895
0,year_2026,T+20,9,target_9pct,3686,1554,0.4215952251763429,0.40574296937355026,0.43761073990220845,-0.007476464311010217,0.011046301437074746,130,1655,20135,0.35730763770584895
0,year_2026,T+20,10,target_10pct,3686,1415,0.3838849701573521,0.3683132012825931,0.3996985204129941,-0.007470555098177133,0.0010047846889953416,130,1655,20135,0.35730763770584895
0,year_2026,T+20,11,target_11pct,3686,1296,0.35160065111231686,0.3363480799488107,0.3671622279191477,-0.007216516704161261,-0.004314684749055497,130,1655,20135,0.35730763770584895
0,year_2026,T+20,12,target_12pct,3686,1177,0.3193163320672816,0.3044602367266955,0.3345486573136341,-0.007326077381897639,-0.007633587786259555,130,1655,20135,0.35730763770584895
0,year_2026,T+20,13,target_13pct,3686,1067,0.2894736842105263,0.2750577740726375,0.30432796432870757,-0.007695295056897495,-0.010916194269955548,130,1655,20135,0.35730763770584895
0,year_2026,T+20,14,target_14pct,3686,977,0.2650569723277265,0.25105820961996855,0.2795449468949345,-0.007560629990562446,-0.01374197174052677,130,1655,20135,0.35730763770584895
0,year_2026,T+20,15,target_15pct,3686,890,0.24145415084102007,0.22791176309940792,0.2555348975919345,-0.007906256075554632,-0.016067131150127256,130,1655,20135,0.35730763770584895
0,year_2026,T+20,16,target_16pct,3686,813,0.22056429734129138,0.2074734846998516,0.2342369670442016,-0.00776100305855127,-0.017057077336484816,130,1655,20135,0.35730763770584895
0,year_2026,T+20,17,target_17pct,3686,753,0.20428648941942484,0.1915815284023751,0.2176072020840501,-0.007664727095250015,-0.01911571096172343,130,1655,20135,0.35730763770584895
0,year_2026,T+20,18,target_18pct,3686,681,0.18475311991318502,0.17255448496513218,0.19760818001213948,-0.00781073559791493,-0.019826459239910388,130,1655,20135,0.35730763770584895
0,year_2026,T+20,19,target_19pct,3686,621,0.16847531199131852,0.15673857244728379,0.18090237127235992,-0.008376280262094471,-0.0208260370400436,130,1655,20135,0.35730763770584895
0,year_2026,T+20,20,target_20pct,3686,571,0.15491047205642974,0.14358957519386945,0.16694993414441764,-0.008309771131166377,-0.021424249694870667,130,1655,20135,0.35730763770584895
1,full_period,T+20,1,target_1pct,19753,17268,0.8741963246089202,0.8694986657497337,0.8787484629816117,-0.003842394888492479,0.01,1159,2497,19927,0.3536165530948325
1,full_period,T+20,2,target_2pct,19753,15970,0.8084847871209436,0.8029374772877248,0.8139121309006608,-0.0012167976454609693,0.02,1159,2497,19927,0.3536165530948325
1,full_period,T+20,3,target_3pct,19753,14618,0.7400394876727586,0.733876480782214,0.7461091460702076,0.0006478500127897855,0.03,1159,2497,19927,0.3536165530948325
1,full_period,T+20,4,target_4pct,19753,13348,0.6757454563863717,0.6691839192121358,0.6822386482492545,0.0020704932759873346,0.04,1159,2497,19927,0.3536165530948325
1,full_period,T+20,5,target_5pct,19753,12118,0.6134764339593985,0.6066641070714253,0.6202446312159738,0.0030424696887077912,0.05,1159,2497,19927,0.3536165530948325
1,full_period,T+20,6,target_6pct,19753,11031,0.5584468182048297,0.5515110827574531,0.5653598243818743,0.004246899574475766,0.06,1159,2497,19927,0.3536165530948325
1,full_period,T+20,7,target_7pct,19753,10015,0.5070115931757202,0.5000387557028967,0.5139817039236056,0.005350065216071375,0.07,1159,2497,19927,0.3536165530948325
1,full_period,T+20,8,target_8pct,19753,9066,0.45896825798612867,0.4520275886042555,0.4659248841229642,0.0061382813067743175,0.033462486791123514,1159,2497,19927,0.3536165530948325
1,full_period,T+20,9,target_9pct,19753,8256,0.4179618285830001,0.41110009156005567,0.42485546927209683,0.007243826520184834,0.02397660818713443,1159,2497,19927,0.3536165530948325
1,full_period,T+20,10,target_10pct,19753,7506,0.37999291246899203,0.3732478478820766,0.38678464638056903,0.007884483028429562,0.01702786377708998,1159,2497,19927,0.3536165530948325
1,full_period,T+20,11,target_11pct,19753,6820,0.3452640105300461,0.3386641435367439,0.35192405250365966,0.008441035040904953,0.012948207171314952,1159,2497,19927,0.3536165530948325
1,full_period,T+20,12,target_12pct,19753,6213,0.3145345010884423,0.3080956946340258,0.32104543286279036,0.009281821384206182,0.010494752623688042,1159,2497,19927,0.3536165530948325
1,full_period,T+20,13,target_13pct,19753,5661,0.28658937882853236,0.2803255637240455,0.2929361867776136,0.010037952130169107,0.00874125874125875,1159,2497,19927,0.3536165530948325
1,full_period,T+20,14,target_14pct,19753,5136,0.2600111375487268,0.2539410831102433,0.26617452079276116,0.010422020022690123,0.007207207207207134,1159,2497,19927,0.3536165530948325
1,full_period,T+20,15,target_15pct,19753,4675,0.2366729104439832,0.23079700085998106,0.2426512247916332,0.010949004814114448,0.0058422590068158975,1159,2497,19927,0.3536165530948325
1,full_period,T+20,16,target_16pct,19753,4259,0.2156128183060801,0.20993329247915532,0.22140293891523918,0.011432195551176196,0.0050675675675675436,1159,2497,19927,0.3536165530948325
1,full_period,T+20,17,target_17pct,19753,3887,0.1967802359135321,0.19129511116361417,0.20238327921230498,0.011836196697696285,0.004377736085053208,1159,2497,19927,0.3536165530948325
1,full_period,T+20,18,target_18pct,19753,3560,0.18022578848782464,0.1749277527017878,0.18564818064982647,0.012238635627792392,0.0038643820389092642,1159,2497,19927,0.3536165530948325
1,full_period,T+20,19,target_19pct,19753,3260,0.16503822204222143,0.15992660262402314,0.1702801040997884,0.012521973637472315,0.0035419126328217754,1159,2497,19927,0.3536165530948325
1,full_period,T+20,20,target_20pct,19753,2988,0.15126816179820787,0.1463391205823334,0.1563328206656037,0.01286811522930156,0.0033333333333331883,1159,2497,19927,0.3536165530948325
1,selection_2021_2023,T+20,1,target_1pct,9345,8177,0.8750133761369716,0.8681537793012928,0.8815647740647199,-0.0034209106001042264,0.01,633,1844,19927,0.3536165530948325
1,selection_2021_2023,T+20,2,target_2pct,9345,7534,0.8062065275548421,0.7980671798920527,0.8140942241475664,-0.001127629653037874,0.02,633,1844,19927,0.3536165530948325
1,selection_2021_2023,T+20,3,target_3pct,9345,6872,0.735366506153023,0.7263269204073904,0.7442126595979013,0.00017567485778290667,0.03,633,1844,19927,0.3536165530948325
1,selection_2021_2023,T+20,4,target_4pct,9345,6222,0.6658105939004816,0.65618021406286,0.6753047048815364,0.0008150199215889853,0.04,633,1844,19927,0.3536165530948325
1,selection_2021_2023,T+20,5,target_5pct,9345,5596,0.5988228999464954,0.5888466011700173,0.6087179826603473,0.0009620474851137309,0.05,633,1844,19927,0.3536165530948325
1,selection_2021_2023,T+20,6,target_6pct,9345,5040,0.5393258426966292,0.5292055218264822,0.5494138442348703,0.0012589709052836916,0.06,633,1844,19927,0.3536165530948325
1,selection_2021_2023,T+20,7,target_7pct,9345,4540,0.48582129481005887,0.4756956488363152,0.49595859333204073,0.001879027519224332,0.041050903119868476,633,1844,19927,0.3536165530948325
1,selection_2021_2023,T+20,8,target_8pct,9345,4092,0.43788121990369183,0.4278496917040334,0.44796379945619763,0.002256558388270076,0.021812080536912637,633,1844,19927,0.3536165530948325
1,selection_2021_2023,T+20,9,target_9pct,9345,3681,0.393900481540931,0.384039259301606,0.4038489000185819,0.002820693636432645,0.013434579439252303,633,1844,19927,0.3536165530948325
1,selection_2021_2023,T+20,10,target_10pct,9345,3324,0.35569823434991976,0.34605308341267266,0.3654619774479157,0.00316216669135666,0.007575757575757569,633,1844,19927,0.3536165530948325
1,selection_2021_2023,T+20,11,target_11pct,9345,3003,0.32134831460674157,0.3119549582258833,0.3308884930954012,0.003453751162296802,0.003927729772191579,633,1844,19927,0.3536165530948325
1,selection_2021_2023,T+20,12,target_12pct,9345,2708,0.28978063135366505,0.2806704148491698,0.2990636133752468,0.003880114811855496,0.0014662756598240456,633,1844,19927,0.3536165530948325
1,selection_2021_2023,T+20,13,target_13pct,9345,2454,0.2626003210272873,0.25377710479755333,0.27161864048922096,0.0043346662086331785,0.0,633,1844,19927,0.3536165530948325
1,selection_2021_2023,T+20,14,target_14pct,9345,2200,0.23542001070090957,0.22692780893496853,0.24412965341416357,0.004355993094388156,-0.0017271157167529916,633,1844,19927,0.3536165530948325
1,selection_2021_2023,T+20,15,target_15pct,9345,1972,0.2110219368646335,0.20286853698305776,0.21941282887086794,0.004526409788177093,-0.0028024287716019725,633,1844,19927,0.3536165530948325
1,selection_2021_2023,T+20,16,target_16pct,9345,1764,0.18876404494382024,0.18095840035302624,0.1968254739614129,0.004538395206861007,-0.0037672666387610354,633,1844,19927,0.3536165530948325
1,selection_2021_2023,T+20,17,target_17pct,9345,1576,0.16864633493846978,0.16119097986665598,0.17637400786401647,0.004495842795522497,-0.004497751124437732,633,1844,19927,0.3536165530948325
1,selection_2021_2023,T+20,18,target_18pct,9345,1425,0.15248796147672553,0.14534204039351142,0.15991947992147607,0.004629925416193595,-0.004727116458960068,633,1844,19927,0.3536165530948325
1,selection_2021_2023,T+20,19,target_19pct,9345,1290,0.13804173354735153,0.13119649916789922,0.1451844376959792,0.0046776081723543415,-0.005235602094240788,633,1844,19927,0.3536165530948325
1,selection_2021_2023,T+20,20,target_20pct,9345,1154,0.1234884965222044,0.11697228647593493,0.13031413668904843,0.004725563877527654,-0.005376344086021501,633,1844,19927,0.3536165530948325
1,audit_2024_present,T+20,1,target_1pct,10408,9091,0.8734627209838586,0.8669375162733735,0.8797123367170907,-0.0042208317327457655,0.01,526,2243,19927,0.3536165530948325
1,audit_2024_present,T+20,2,target_2pct,10408,8436,0.8105303612605688,0.8028874841953072,0.8179440889627015,-0.0012968586455756714,0.02,526,2243,19927,0.3536165530948325
1,audit_2024_present,T+20,3,target_3pct,10408,7746,0.7442352036894696,0.7357641465168618,0.7525260326191711,0.0010718005146671187,0.03,526,2243,19927,0.3536165530948325
1,audit_2024_present,T+20,4,target_4pct,10408,7126,0.6846656418139893,0.6756720620456529,0.6935229514474451,0.003197741402126129,0.04,526,2243,19927,0.3536165530948325
1,audit_2024_present,T+20,5,target_5pct,10408,6522,0.6266333589546502,0.6172954252640587,0.6358778462155996,0.004910412184152304,0.05,526,2243,19927,0.3536165530948325
1,audit_2024_present,T+20,6,target_6pct,10408,5991,0.5756149116064566,0.5660932087191228,0.5850808160566671,0.0069296622006863665,0.06,526,2243,19927,0.3536165530948325
1,audit_2024_present,T+20,7,target_7pct,10408,5475,0.5260376633358954,0.5164368585314805,0.5356192541930925,0.008466595507869571,0.07,526,2243,19927,0.3536165530948325
1,audit_2024_present,T+20,8,target_8pct,10408,4974,0.47790161414296695,0.4683149245935088,0.48750461073249907,0.00962355231690327,0.04475356574127487,526,2243,19927,0.3536165530948325
1,audit_2024_present,T+20,9,target_9pct,10408,4575,0.43956571867794003,0.4300541794678125,0.4491218540976615,0.011215211685313984,0.03306331715422628,526,2243,19927,0.3536165530948325
1,audit_2024_present,T+20,10,target_10pct,10408,4182,0.4018063028439662,0.39242526769278435,0.4112597979732165,0.012124495150830243,0.02628149509281963,526,2243,19927,0.3536165530948325
1,audit_2024_present,T+20,11,target_11pct,10408,3817,0.3667371252882398,0.35752934549802434,0.3760432436201197,0.012918952781642191,0.021212054193580077,526,2243,19927,0.3536165530948325
1,audit_2024_present,T+20,12,target_12pct,10408,3505,0.33676018447348194,0.32774226075221996,0.34589856759076976,0.01413183559621782,0.018920708364529304,526,2243,19927,0.3536165530948325
1,audit_2024_present,T+20,13,target_13pct,10408,3207,0.30812836279784783,0.2993299508210729,0.31706836242257075,0.015158744495345244,0.016824474898896824,526,2243,19927,0.3536165530948325
1,audit_2024_present,T+20,14,target_14pct,10408,2936,0.28209069946195237,0.2735265927892117,0.29081560772985876,0.015868505576589222,0.014914251395778066,526,2243,19927,0.3536165530948325
1,audit_2024_present,T+20,15,target_15pct,10408,2703,0.25970407378939275,0.25136989704418966,0.26821557187035844,0.01671564110517753,0.01394323989820967,526,2243,19927,0.3536165530948325
1,audit_2024_present,T+20,16,target_16pct,10408,2495,0.23971944657955419,0.23161459724509045,0.2480163644860215,0.0176219115597874,0.013272612918364568,526,2243,19927,0.3536165530948325
1,audit_2024_present,T+20,17,target_17pct,10408,2311,0.22204073789392775,0.21415925164468697,0.23012733834723142,0.018426858420968195,0.012593656002187537,526,2243,19927,0.3536165530948325
1,audit_2024_present,T+20,18,target_18pct,10408,2135,0.20513066871637203,0.19748238659068842,0.21299654347678393,0.01907024563234569,0.01197609561752988,526,2243,19927,0.3536165530948325
1,audit_2024_present,T+20,19,target_19pct,10408,1970,0.18927747886241353,0.18186674697225536,0.19691750191604884,0.01956517072351454,0.01156876606463264,526,2243,19927,0.3536165530948325
1,audit_2024_present,T+20,20,target_20pct,10408,1834,0.17621060722521137,0.1690106943700276,0.1836494536675683,0.020179043590401402,0.011367036613894599,526,2243,19927,0.3536165530948325
1,year_2021,T+20,1,target_1pct,2369,2115,0.8927817644575771,0.8796807906001849,0.9046109210758073,-0.0025735083862125957,0.01,225,1004,19927,0.3536165530948325
1,year_2021,T+20,2,target_2pct,2369,1971,0.8319966230476995,0.8164062819022002,0.8465119676767014,0.0006827493030210449,0.02,225,1004,19927,0.3536165530948325
1,year_2021,T+20,3,target_3pct,2369,1837,0.7754326720135079,0.7581901982304049,0.7917833018970374,0.0038178846669810547,0.03,225,1004,19927,0.3536165530948325
1,year_2021,T+20,4,target_4pct,2369,1689,0.7129590544533558,0.6944087261462207,0.7308198268258782,0.005398132927721078,0.04,225,1004,19927,0.3536165530948325
1,year_2021,T+20,5,target_5pct,2369,1549,0.6538623891937526,0.6344695808358669,0.6727569950973938,0.0067850455802964315,0.05,225,1004,19927,0.3536165530948325
1,year_2021,T+20,6,target_6pct,2369,1417,0.5981426762346982,0.5782561904229049,0.6177113785880228,0.008096138611007457,0.06,225,1004,19927,0.3536165530948325
1,year_2021,T+20,7,target_7pct,2369,1307,0.5517095821021528,0.5316152474956602,0.5716364824133231,0.010008286557074999,0.07,225,1004,19927,0.3536165530948325
1,year_2021,T+20,8,target_8pct,2369,1188,0.50147741663149,0.48135679285468563,0.5215932565712852,0.010262688888695451,0.08,225,1004,19927,0.3536165530948325
1,year_2021,T+20,9,target_9pct,2369,1084,0.4575770367243563,0.43759982674023834,0.47769161117116715,0.011134822641859006,0.0347322720694645,225,1004,19927,0.3536165530948325
1,year_2021,T+20,10,target_10pct,2369,991,0.418319966230477,0.398603704235906,0.4383007060711284,0.012139989278203788,0.02444208289054206,225,1004,19927,0.3536165530948325
1,year_2021,T+20,11,target_11pct,2369,914,0.3858168003376952,0.3664140909306846,0.40558923200498875,0.013290004685911837,0.01671511627906974,225,1004,19927,0.3536165530948325
1,year_2021,T+20,12,target_12pct,2369,836,0.35289151540734487,0.3339003515305697,0.3723590127691796,0.01417608246243992,0.013293452974410203,225,1004,19927,0.3536165530948325
1,year_2021,T+20,13,target_13pct,2369,765,0.32292106373997465,0.30439120438745176,0.34202430012831525,0.014821957435128805,0.011166253101736912,225,1004,19927,0.3536165530948325
1,year_2021,T+20,14,target_14pct,2369,689,0.2908400168847615,0.27290204262680523,0.309455245782164,0.014965918124854366,0.009746146872166683,225,1004,19927,0.3536165530948325
1,year_2021,T+20,15,target_15pct,2369,620,0.26171380329252847,0.24440865524886474,0.2797905159052485,0.015043265971041242,0.007776049766718529,225,1004,19927,0.3536165530948325
1,year_2021,T+20,16,target_16pct,2369,554,0.23385394681300126,0.2172480042837062,0.2513216634092405,0.015259844761871819,0.006384676775738285,225,1004,19927,0.3536165530948325
1,year_2021,T+20,17,target_17pct,2369,501,0.21148163782186577,0.19551110937829802,0.2283863812928029,0.01534106576320123,0.005780346820809301,225,1004,19927,0.3536165530948325
1,year_2021,T+20,18,target_18pct,2369,461,0.19459687631912198,0.1791543630671697,0.21102827702140597,0.015572128246128513,0.005199306759098521,225,1004,19927,0.3536165530948325
1,year_2021,T+20,19,target_19pct,2369,424,0.178978471929084,0.1640653642219919,0.19493103907774803,0.01588076657003987,0.004562737642585635,225,1004,19927,0.3536165530948325
1,year_2021,T+20,20,target_20pct,2369,382,0.16124947235120304,0.14699028277649054,0.1766055274115979,0.016129851681160243,0.004354136429608246,225,1004,19927,0.3536165530948325
1,year_2022,T+20,1,target_1pct,3381,2989,0.8840579710144928,0.8728275986323126,0.8944165761024816,-0.0037581722689793975,0.01,195,1301,19927,0.3536165530948325
1,year_2022,T+20,2,target_2pct,3381,2804,0.8293404318249039,0.8162869948905923,0.8416463039674695,-0.000828812282943739,0.02,195,1301,19927,0.3536165530948325
1,year_2022,T+20,3,target_3pct,3381,2598,0.7684117125110914,0.7538922421332038,0.7823219192621182,0.0010059146057979117,0.03,195,1301,19927,0.3536165530948325
1,year_2022,T+20,4,target_4pct,3381,2417,0.7148772552499261,0.6994217997859257,0.7298449641299988,0.003145593700942818,0.04,195,1301,19927,0.3536165530948325
1,year_2022,T+20,5,target_5pct,3381,2205,0.6521739130434783,0.6359549069079163,0.6680475019492663,0.003661500673496216,0.05,195,1301,19927,0.3536165530948325
1,year_2022,T+20,6,target_6pct,3381,2025,0.5989352262644189,0.5823111516377242,0.6153347293393946,0.004393472528531015,0.06,195,1301,19927,0.3536165530948325
1,year_2022,T+20,7,target_7pct,3381,1837,0.5433303756285123,0.5265000443928961,0.5600623519094893,0.004957871956145225,0.07,195,1301,19927,0.3536165530948325
1,year_2022,T+20,8,target_8pct,3381,1687,0.4989648033126294,0.482121561715586,0.515810394686746,0.006069781683798194,0.07219512195121935,195,1301,19927,0.3536165530948325
1,year_2022,T+20,9,target_9pct,3381,1542,0.45607808340727596,0.43934852195537055,0.4729073425435768,0.007378600968656766,0.04237288135593231,195,1301,19927,0.3536165530948325
1,year_2022,T+20,10,target_10pct,3381,1418,0.4194025436261461,0.4028695946821967,0.43611843949937323,0.008313513102958237,0.03063583815028914,195,1301,19927,0.3536165530948325
1,year_2022,T+20,11,target_11pct,3381,1287,0.38065661047027505,0.36443390683398924,0.39715020983486754,0.00904977256616252,0.02249134948096887,195,1301,19927,0.3536165530948325
1,year_2022,T+20,12,target_12pct,3381,1170,0.3460514640638864,0.3301990908324808,0.36225328271433455,0.010012436937360935,0.018232819074333717,195,1301,19927,0.3536165530948325
1,year_2022,T+20,13,target_13pct,3381,1067,0.3155871044069802,0.3001381094964762,0.3314546953189692,0.01059764934085532,0.015440794521927259,195,1301,19927,0.3536165530948325
1,year_2022,T+20,14,target_14pct,3381,971,0.2871931381248151,0.27219011986452063,0.3026792034148907,0.011110410190745955,0.012806359019651214,195,1301,19927,0.3536165530948325
1,year_2022,T+20,15,target_15pct,3381,878,0.25968648328896776,0.24518538402995493,0.27473306651142343,0.011472635718683247,0.01001540832049308,195,1301,19927,0.3536165530948325
1,year_2022,T+20,16,target_16pct,3381,799,0.23632061520260278,0.22230498140119814,0.25093477079281884,0.011779337101742877,0.008443908323281013,195,1301,19927,0.3536165530948325
1,year_2022,T+20,17,target_17pct,3381,712,0.2105885832593907,0.19717725693827481,0.2246568401137113,0.01162989305974842,0.007366482504604033,195,1301,19927,0.3536165530948325
1,year_2022,T+20,18,target_18pct,3381,641,0.18958887902987281,0.1767312475656338,0.20315110793366045,0.01190754901397636,0.007152145643693153,195,1301,19927,0.3536165530948325
1,year_2022,T+20,19,target_19pct,3381,581,0.17184265010351968,0.1595007089716696,0.1849294705676034,0.011972038112191934,0.005479452054794498,195,1301,19927,0.3536165530948325
1,year_2022,T+20,20,target_20pct,3381,515,0.1523217982845312,0.14060444399841288,0.1648283419848367,0.01198803948585213,0.005271481286241331,195,1301,19927,0.3536165530948325
1,year_2023,T+20,1,target_1pct,3595,3073,0.854798331015299,0.8429029198023651,0.8659362800112638,-0.003662138456082619,0.01,213,1281,19927,0.3536165530948325
1,year_2023,T+20,2,target_2pct,3595,2759,0.7674547983310153,0.7533639440760858,0.7809746608794644,-0.002601646141269266,0.02,213,1281,19927,0.3536165530948325
1,year_2023,T+20,3,target_3pct,3595,2437,0.6778859527121002,0.6624277408663746,0.6929643942028655,-0.0030052529936855604,0.03,213,1281,19927,0.3536165530948325
1,year_2023,T+20,4,target_4pct,3595,2116,0.5885952712100139,0.5724229508431871,0.6045784487182717,-0.004396959121393558,0.04,213,1281,19927,0.3536165530948325
1,year_2023,T+20,5,target_5pct,3595,1842,0.5123783031988873,0.4960341295948405,0.5286960502496961,-0.005413900697753865,0.05,213,1281,19927,0.3536165530948325
1,year_2023,T+20,6,target_6pct,3595,1598,0.44450625869262866,0.42833035262200453,0.4608006388614774,-0.006194436683884263,0.01181375955524655,213,1281,19927,0.3536165530948325
1,year_2023,T+20,7,target_7pct,3595,1396,0.38831710709318495,0.37251264847043114,0.4043599985502102,-0.006373486445142224,0.0008328706274289832,213,1281,19927,0.3536165530948325
1,year_2023,T+20,8,target_8pct,3595,1217,0.33852573018080667,0.32323651159298816,0.3541596816709777,-0.006605480865607055,-0.005586592178770999,213,1281,19927,0.3536165530948325
1,year_2023,T+20,9,target_9pct,3595,1055,0.29346314325452016,0.278804857343047,0.30856236659923497,-0.006944662776392056,-0.009727626459144045,213,1281,19927,0.3536165530948325
1,year_2023,T+20,10,target_10pct,3595,915,0.2545201668984701,0.24054819244304443,0.2690162185051897,-0.007598657766464144,-0.012466004582413093,213,1281,19927,0.3536165530948325
1,year_2023,T+20,11,target_11pct,3595,802,0.2230876216968011,0.20977813653805047,0.23698828963641633,-0.00829095898065564,-0.014814814814814947,213,1281,19927,0.3536165530948325
1,year_2023,T+20,12,target_12pct,3595,702,0.1952712100139082,0.18264095426985547,0.20855203405172001,-0.008671909797482023,-0.015894039735099286,213,1281,19927,0.3536165530948325
1,year_2023,T+20,13,target_13pct,3595,622,0.1730180806675939,0.16100361441652647,0.18573062362273599,-0.008466318182357421,-0.01642512077294689,213,1281,19927,0.3536165530948325
1,year_2023,T+20,14,target_14pct,3595,540,0.1502086230876217,0.13890315173493786,0.16226086726495367,-0.00898798370671342,-0.0172570390554041,213,1281,19927,0.3536165530948325
1,year_2023,T+20,15,target_15pct,3595,474,0.13184979137691238,0.1211819848580134,0.14330356515896986,-0.008936628367107041,-0.017755681818181768,213,1281,19927,0.3536165530948325
1,year_2023,T+20,16,target_16pct,3595,411,0.11432545201668985,0.10433258748877583,0.1251416966808859,-0.009336636376564915,-0.01837524177949701,213,1281,19927,0.3536165530948325
1,year_2023,T+20,17,target_17pct,3595,363,0.10097357440890126,0.09154646031843515,0.11125257368183873,-0.009360223172148928,-0.01845926655180896,213,1281,19927,0.3536165530948325
1,year_2023,T+20,18,target_18pct,3595,323,0.08984700973574408,0.08093163328924138,0.09963802556987594,-0.009425074274548919,-0.018716577540107027,213,1281,19927,0.3536165530948325
1,year_2023,T+20,19,target_19pct,3595,285,0.07927677329624479,0.0708874768659898,0.08856427560902884,-0.009565159524643688,-0.018930661167673724,213,1281,19927,0.3536165530948325
1,year_2023,T+20,20,target_20pct,3595,257,0.07148817802503477,0.06351562910304562,0.08037556077316343,-0.0096196900414016,-0.01905717151454367,213,1281,19927,0.3536165530948325
1,year_2024,T+20,1,target_1pct,3113,2666,0.8564086090587857,0.8436502042361624,0.868288445453318,-0.00800438725206722,0.01,178,1213,19927,0.3536165530948325
1,year_2024,T+20,2,target_2pct,3113,2477,0.7956954706071314,0.7811712846153009,0.8094907496696625,-0.005885827136321791,0.02,178,1213,19927,0.3536165530948325
1,year_2024,T+20,3,target_3pct,3113,2272,0.7298425955669772,0.7139676087235278,0.74515100673643,-0.004028658250554066,0.03,178,1213,19927,0.3536165530948325
1,year_2024,T+20,4,target_4pct,3113,2104,0.6758753613877289,0.6592252504462528,0.6920919290985786,-0.0022179851319797266,0.04,178,1213,19927,0.3536165530948325
1,year_2024,T+20,5,target_5pct,3113,1936,0.6219081272084805,0.6047332525621187,0.6387824910675864,-0.000884283732415273,0.05,178,1213,19927,0.3536165530948325
1,year_2024,T+20,6,target_6pct,3113,1800,0.578220366206232,0.5607861203120648,0.5954617942434905,0.0015335729270916046,0.06,178,1213,19927,0.3536165530948325
1,year_2024,T+20,7,target_7pct,3113,1643,0.5277867009315772,0.5102258454111012,0.5452790605809132,0.002406747960435204,0.07,178,1213,19927,0.3536165530948325
1,year_2024,T+20,8,target_8pct,3113,1497,0.4808866045615162,0.46336927522499044,0.4984510495550688,0.0034356614788380894,0.04404567699836859,178,1213,19927,0.3536165530948325
1,year_2024,T+20,9,target_9pct,3113,1392,0.44715708319948605,0.429766698899501,0.4646777284336044,0.005351138093681464,0.030716723549488067,178,1213,19927,0.3536165530948325
1,year_2024,T+20,10,target_10pct,3113,1284,0.4124638612271121,0.3952888204926146,0.42985468375219515,0.006595735956650525,0.020163094269527226,178,1213,19927,0.3536165530948325
1,year_2024,T+20,11,target_11pct,3113,1181,0.3793768069386444,0.3624895962205138,0.396561361004903,0.007978300846776512,0.014804845222072593,178,1213,19927,0.3536165530948325
1,year_2024,T+20,12,target_12pct,3113,1091,0.3504657886283328,0.3338987821385952,0.3674014058465753,0.009716979151457429,0.013126491646777927,178,1213,19927,0.3536165530948325
1,year_2024,T+20,13,target_13pct,3113,1022,0.3283006745904272,0.3120246845499135,0.3449999136844015,0.011416009093804294,0.011212009772732845,178,1213,19927,0.3536165530948325
1,year_2024,T+20,14,target_14pct,3113,943,0.30292322518470927,0.28703166499527616,0.31930059135037825,0.0124246701983794,0.009554140127388422,178,1213,19927,0.3536165530948325
1,year_2024,T+20,15,target_15pct,3113,881,0.2830067459042724,0.26745746545085364,0.2990909276404089,0.013651184510830802,0.008122157244964123,178,1213,19927,0.3536165530948325
1,year_2024,T+20,16,target_16pct,3113,825,0.26501766784452296,0.2498101908989043,0.28080439022064946,0.014848026346912699,0.007682327989392723,178,1213,19927,0.3536165530948325
1,year_2024,T+20,17,target_17pct,3113,783,0.2515258592997109,0.23659627888937368,0.2670679432513985,0.016440485395181306,0.007633587786259444,178,1213,19927,0.3536165530948325
1,year_2024,T+20,18,target_18pct,3113,743,0.2386765178284613,0.2240297468277217,0.2539674667618299,0.01800411681563053,0.007435131846927234,178,1213,19927,0.3536165530948325
1,year_2024,T+20,19,target_19pct,3113,710,0.22807581111468037,0.2136763768960567,0.2431455546387379,0.019438820976580496,0.007261410788381717,178,1213,19927,0.3536165530948325
1,year_2024,T+20,20,target_20pct,3113,673,0.2161901702537745,0.2020839385419772,0.2309960100829384,0.020650123778030702,0.007246376811594235,178,1213,19927,0.3536165530948325
1,year_2025,T+20,1,target_1pct,3695,3395,0.918809201623816,0.9095613269840743,0.9271871296137968,0.004684194331962917,0.01,219,1638,19927,0.3536165530948325
1,year_2025,T+20,2,target_2pct,3695,3188,0.862787550744249,0.8513158844436708,0.873505638056779,0.010518164747799904,0.02,219,1638,19927,0.3536165530948325
1,year_2025,T+20,3,target_3pct,3695,2949,0.798105548037889,0.7848557691795374,0.8107361047736483,0.01537543045426779,0.03,219,1638,19927,0.3536165530948325
1,year_2025,T+20,4,target_4pct,3695,2710,0.7334235453315291,0.718929160253282,0.7474330651526397,0.01980188806647631,0.04,219,1638,19927,0.3536165530948325
1,year_2025,T+20,5,target_5pct,3695,2476,0.6700947225981055,0.6547644759198361,0.6850716500716094,0.023766657673081483,0.05,219,1638,19927,0.3536165530948325
1,year_2025,T+20,6,target_6pct,3695,2249,0.608660351826793,0.5928185808836557,0.624276414479217,0.026907931355153594,0.06,219,1638,19927,0.3536165530948325
1,year_2025,T+20,7,target_7pct,3695,2035,0.550744248985115,0.5346610354849496,0.5667220569945984,0.029552615383244413,0.07,219,1638,19927,0.3536165530948325
1,year_2025,T+20,8,target_8pct,3695,1836,0.49688768606224626,0.480777606956554,0.5130042300380337,0.031742777203245566,0.06606217616580312,219,1638,19927,0.3536165530948325
1,year_2025,T+20,9,target_9pct,3695,1666,0.45087956698240866,0.4348948256739888,0.46696634080580857,0.033743178936444324,0.04589193190229479,219,1638,19927,0.3536165530948325
1,year_2025,T+20,10,target_10pct,3695,1501,0.40622462787550745,0.3904940371213307,0.4221500079764643,0.03516078261179352,0.03946441155743474,219,1638,19927,0.3536165530948325
1,year_2025,T+20,11,target_11pct,3695,1361,0.36833558863328825,0.35292682185976326,0.38401784751996904,0.036454871308764514,0.03621169916434552,219,1638,19927,0.3536165530948325
1,year_2025,T+20,12,target_12pct,3695,1244,0.33667117726657647,0.32161019113508815,0.3520714285374061,0.038124844410214256,0.03424657534246567,219,1638,19927,0.3536165530948325
1,year_2025,T+20,13,target_13pct,3695,1123,0.3039242219215156,0.2893035343268354,0.3189521963321904,0.03941241152248505,0.03288314738696396,219,1638,19927,0.3536165530948325
1,year_2025,T+20,14,target_14pct,3695,1034,0.2798376184032476,0.2655970385359556,0.2945355175594446,0.04087544075581697,0.03201707577374613,219,1638,19927,0.3536165530948325
1,year_2025,T+20,15,target_15pct,3695,937,0.25358592692828147,0.2398186225196625,0.2678650803996515,0.04188260561483814,0.03141011361104917,219,1638,19927,0.3536165530948325
1,year_2025,T+20,16,target_16pct,3695,850,0.23004059539918809,0.21675496392225477,0.24388698408654882,0.04285711603224633,0.03064066852367686,219,1638,19927,0.3536165530948325
1,year_2025,T+20,17,target_17pct,3695,782,0.21163734776725304,0.19876959994337648,0.225104079859511,0.043824643452931314,0.03033268101761233,219,1638,19927,0.3536165530948325
1,year_2025,T+20,18,target_18pct,3695,714,0.193234100135318,0.18082427245742033,0.206281139139551,0.04450393721977742,0.03004073319755607,219,1638,19927,0.3536165530948325
1,year_2025,T+20,19,target_19pct,3695,648,0.1753721244925575,0.16344910357200854,0.18796945947216184,0.045106828074724256,0.029786470482684457,219,1638,19927,0.3536165530948325
1,year_2025,T+20,20,target_20pct,3695,595,0.16102841677943167,0.14952988529559366,0.17323105694102442,0.04573553544392732,0.02970297029702973,219,1638,19927,0.3536165530948325
1,year_2026,T+20,1,target_1pct,3600,3030,0.8416666666666667,0.829378179820216,0.8532267382205769,-0.010089127004259906,0.01,129,1629,19927,0.3536165530948325
1,year_2026,T+20,2,target_2pct,3600,2771,0.7697222222222222,0.7556860180975103,0.7831833928111156,-0.009455484347472913,0.02,129,1629,19927,0.3536165530948325
1,year_2026,T+20,3,target_3pct,3600,2525,0.7013888888888888,0.6862307777205932,0.7161176495798741,-0.009198806288302584,0.03,129,1629,19927,0.3536165530948325
1,year_2026,T+20,4,target_4pct,3600,2312,0.6422222222222222,0.6264195862990869,0.6577216478772432,-0.009161471160124543,0.04,129,1629,19927,0.3536165530948325
1,year_2026,T+20,5,target_5pct,3600,2110,0.5861111111111111,0.5699383519394655,0.6021002859407344,-0.009432626341769485,0.05,129,1629,19927,0.3536165530948325
1,year_2026,T+20,6,target_6pct,3600,1942,0.5394444444444444,0.5231285949109118,0.5556762005051796,-0.008909692970718051,0.06,129,1629,19927,0.3536165530948325
1,year_2026,T+20,7,target_7pct,3600,1797,0.49916666666666665,0.4828429520658433,0.5154921578901547,-0.00793577616556011,0.05893063496688988,129,1629,19927,0.3536165530948325
1,year_2026,T+20,8,target_8pct,3600,1641,0.4558333333333333,0.43961953355315625,0.47214129411474126,-0.007728567620912812,0.020261086108441684,129,1629,19927,0.3536165530948325
1,year_2026,T+20,9,target_9pct,3600,1517,0.42138888888888887,0.40535086820217686,0.43759450431364066,-0.006836448843067851,0.00968483832153788,129,1629,19927,0.3536165530948325
1,year_2026,T+20,10,target_10pct,3600,1397,0.38805555555555554,0.37226421824378214,0.40408555251195805,-0.006738853403830269,0.0018299778677510758,129,1629,19927,0.3536165530948325
1,year_2026,T+20,11,target_11pct,3600,1275,0.3541666666666667,0.33870651612329367,0.36993772617636794,-0.00696576096404673,-0.00433385906857503,129,1629,19927,0.3536165530948325
1,year_2026,T+20,12,target_12pct,3600,1170,0.325,0.3098933195126305,0.34047977124696344,-0.006676697585775996,-0.0073450631357134255,129,1629,19927,0.3536165530948325
1,year_2026,T+20,13,target_13pct,3600,1062,0.295,0.28032746645832984,0.31010958271719435,-0.006498523382511588,-0.009633341452946753,129,1629,19927,0.3536165530948325
1,year_2026,T+20,14,target_14pct,3600,959,0.2663888888888889,0.25220251096218815,0.2810733133692697,-0.006820373855321701,-0.011447651497777656,129,1629,19927,0.3536165530948325
1,year_2026,T+20,15,target_15pct,3600,885,0.24583333333333332,0.23204353677544845,0.2601649998039617,-0.006465547918432079,-0.012692829164101194,129,1629,19927,0.3536165530948325
1,year_2026,T+20,16,target_16pct,3600,820,0.22777777777777777,0.2143718396865143,0.24176407927285395,-0.005880581734117263,-0.014080879570181948,129,1629,19927,0.3536165530948325
1,year_2026,T+20,17,target_17pct,3600,746,0.20722222222222222,0.1942973674919518,0.22077126371536873,-0.005923485041206554,-0.015291002637884354,129,1629,19927,0.3536165530948325
1,year_2026,T+20,18,target_18pct,3600,678,0.18833333333333332,0.17589609641451667,0.20143502712876002,-0.0061127075368559575,-0.016342425272445893,129,1629,19927,0.3536165530948325
1,year_2026,T+20,19,target_19pct,3600,612,0.17,0.1580825978095435,0.1826209447656907,-0.006541245151628308,-0.01798790165861125,129,1629,19927,0.3536165530948325
1,year_2026,T+20,20,target_20pct,3600,566,0.15722222222222224,0.14569733959161385,0.1694778889755907,-0.0064592091937286785,-0.018591071184318964,129,1629,19927,0.3536165530948325
2,full_period,T+20,1,target_1pct,19491,17097,0.8771740803447745,0.8724914568036258,0.8817080541069937,-0.003946448616802333,0.01,1161,2475,19657,0.34882524134014764
2,full_period,T+20,2,target_2pct,19491,15793,0.8102714073161972,0.8047059335927776,0.8157145985750753,-0.001572429418482427,0.02,1161,2475,19657,0.34882524134014764
2,full_period,T+20,3,target_3pct,19491,14532,0.7455748807141758,0.7394123474471599,0.7516406293567142,0.0006334758484484301,0.03,1161,2475,19657,0.34882524134014764
2,full_period,T+20,4,target_4pct,19491,13225,0.6785182904930481,0.6719267734601353,0.685039450876871,0.001816680749429644,0.04,1161,2475,19657,0.34882524134014764
2,full_period,T+20,5,target_5pct,19491,12063,0.6189010312451901,0.6120600518919443,0.625695149976431,0.0030983511613048922,0.05,1161,2475,19657,0.34882524134014764
2,full_period,T+20,6,target_6pct,19491,10955,0.5620542814632394,0.5550774535450704,0.5690066528885002,0.004184447550950622,0.06,1161,2475,19657,0.34882524134014764
2,full_period,T+20,7,target_7pct,19491,9928,0.5093632958801498,0.5023438271569489,0.5163790743925564,0.005171716749765925,0.07,1161,2475,19657,0.34882524134014764
2,full_period,T+20,8,target_8pct,19491,9005,0.46200810630547434,0.4550170258258332,0.46901415994179063,0.006192491650394364,0.03419593345656202,1161,2475,19657,0.34882524134014764
2,full_period,T+20,9,target_9pct,19491,8172,0.41927043250731105,0.4123595599858678,0.42621312172291814,0.0071123596937512626,0.0243531202435312,1161,2475,19657,0.34882524134014764
2,full_period,T+20,10,target_10pct,19491,7411,0.3802267713303576,0.3734358330743571,0.38706491395402604,0.007888306558262701,0.018318459370596507,1161,2475,19657,0.34882524134014764
2,full_period,T+20,11,target_11pct,19491,6660,0.3416961674619055,0.3350695089725076,0.3483852157891442,0.00821797703269169,0.014018691588784993,1161,2475,19657,0.34882524134014764
2,full_period,T+20,12,target_12pct,19491,6102,0.31306756964752963,0.3065944325549349,0.31961437952384597,0.009020263259345988,0.011406844106463865,1161,2475,19657,0.34882524134014764
2,full_period,T+20,13,target_13pct,19491,5554,0.2849520291416551,0.2786577606590236,0.29133105115055785,0.009663270749417386,0.009146341463414531,1161,2475,19657,0.34882524134014764
2,full_period,T+20,14,target_14pct,19491,4989,0.2559642912113283,0.24988610960016808,0.26213865083697235,0.009864035138549871,0.007425742574257432,1161,2475,19657,0.34882524134014764
2,full_period,T+20,15,target_15pct,19491,4540,0.23292801805961727,0.2270467192040014,0.23891457385928774,0.010339615759036209,0.006134969325153339,1161,2475,19657,0.34882524134014764
2,full_period,T+20,16,target_16pct,19491,4138,0.2123031142578626,0.2066189710176654,0.21810064301602852,0.010658238084847477,0.005296610169491345,1161,2475,19657,0.34882524134014764
2,full_period,T+20,17,target_17pct,19491,3769,0.19337129957416244,0.18788731920484825,0.1989761267643665,0.010984699160486657,0.0045317220543807935,1161,2475,19657,0.34882524134014764
2,full_period,T+20,18,target_18pct,19491,3435,0.17623518547021702,0.17094995560686296,0.18164801574572295,0.011202068206731825,0.003968253968253954,1161,2475,19657,0.34882524134014764
2,full_period,T+20,19,target_19pct,19491,3168,0.16253655533323072,0.15742352357680228,0.167782586330754,0.011561425394800155,0.0034888791975578037,1161,2475,19657,0.34882524134014764
2,full_period,T+20,20,target_20pct,19491,2898,0.14868400800369402,0.14375846774618437,0.1537480069922408,0.011808834947912425,0.0031746031746031633,1161,2475,19657,0.34882524134014764
2,selection_2021_2023,T+20,1,target_1pct,9119,8050,0.8827722337975655,0.8760077651955845,0.8892143340240272,-0.002688211527733769,0.01,633,1797,19657,0.34882524134014764
2,selection_2021_2023,T+20,2,target_2pct,9119,7418,0.8134663888584275,0.805339755528897,0.8213290227605342,-0.0006037325516706595,0.02,633,1797,19657,0.34882524134014764
2,selection_2021_2023,T+20,3,target_3pct,9119,6793,0.7449281719486786,0.7358794572845059,0.7537706096420097,0.0010528170374525686,0.03,633,1797,19657,0.34882524134014764
2,selection_2021_2023,T+20,4,target_4pct,9119,6128,0.6720035091567058,0.6622967017967303,0.681565456239643,0.001439579822938596,0.04,633,1797,19657,0.34882524134014764
2,selection_2021_2023,T+20,5,target_5pct,9119,5553,0.6089483495997368,0.5988885809605405,0.6189163626219502,0.0021366895132940403,0.05,633,1797,19657,0.34882524134014764
2,selection_2021_2023,T+20,6,target_6pct,9119,5005,0.548854041013269,0.5386222200132493,0.559044717446237,0.002572052216449226,0.06,633,1797,19657,0.34882524134014764
2,selection_2021_2023,T+20,7,target_7pct,9119,4512,0.49479109551485906,0.4845335231016507,0.5050530548347677,0.00321983270808566,0.048678720445062496,633,1797,19657,0.34882524134014764
2,selection_2021_2023,T+20,8,target_8pct,9119,4042,0.44325035639872795,0.433080204464758,0.45346830252674797,0.00367339183889505,0.02450408401400228,633,1797,19657,0.34882524134014764
2,selection_2021_2023,T+20,9,target_9pct,9119,3653,0.4005921701941002,0.3905784487618553,0.41068961227737183,0.004321069534294044,0.015789473684210575,633,1797,19657,0.34882524134014764
2,selection_2021_2023,T+20,10,target_10pct,9119,3291,0.36089483495997365,0.3510979909050541,0.37080883251277225,0.004719432262984538,0.010302640051513157,633,1797,19657,0.34882524134014764
2,selection_2021_2023,T+20,11,target_11pct,9119,2931,0.3214168220199583,0.31190816814783134,0.33107587752495554,0.004783460232757439,0.006230529595015577,633,1797,19657,0.34882524134014764
2,selection_2021_2023,T+20,12,target_12pct,9119,2678,0.293672551814892,0.28441303293780923,0.30310583837526944,0.005407457632544547,0.0035366931918654476,633,1797,19657,0.34882524134014764
2,selection_2021_2023,T+20,13,target_13pct,9119,2396,0.2627481083452133,0.2538157774722142,0.2718802512739169,0.005528283723615847,0.0016877637130801038,633,1797,19657,0.34882524134014764
2,selection_2021_2023,T+20,14,target_14pct,9119,2139,0.23456519355192457,0.22598110266576968,0.2433728319679305,0.005488768373649727,0.0,633,1797,19657,0.34882524134014764
2,selection_2021_2023,T+20,15,target_15pct,9119,1923,0.21087838578791535,0.20262821657493324,0.21937205141174326,0.005595572692995543,-0.0011547344110853786,633,1797,19657,0.34882524134014764
2,selection_2021_2023,T+20,16,target_16pct,9119,1730,0.1897137844061849,0.18179776116595103,0.19789112875185708,0.005628329452106176,-0.001925298421255217,633,1797,19657,0.34882524134014764
2,selection_2021_2023,T+20,17,target_17pct,9119,1557,0.1707424059655664,0.16315822605674843,0.17860388455580462,0.005738235904087206,-0.0027510316368638543,633,1797,19657,0.34882524134014764
2,selection_2021_2023,T+20,18,target_18pct,9119,1390,0.1524289944072815,0.14519804045833906,0.1599526704780429,0.005708768397059709,-0.0032679738562091387,633,1797,19657,0.34882524134014764
2,selection_2021_2023,T+20,19,target_19pct,9119,1273,0.1395986402017765,0.13263694228007855,0.14686386588916558,0.005995956539765877,-0.003664057026877776,633,1797,19657,0.34882524134014764
2,selection_2021_2023,T+20,20,target_20pct,9119,1144,0.12545235223160434,0.11881116710003915,0.13240897904389917,0.005939005469419671,-0.003960396039603853,633,1797,19657,0.34882524134014764
2,audit_2024_present,T+20,1,target_1pct,10372,9047,0.8722522175086772,0.8656898523318886,0.8785389338901372,-0.00505268309570864,0.01,528,2223,19657,0.34882524134014764
2,audit_2024_present,T+20,2,target_2pct,10372,8375,0.8074623987659082,0.7997608263487903,0.8149362985572028,-0.0024241018759117087,0.02,528,2223,19657,0.34882524134014764
2,audit_2024_present,T+20,3,target_3pct,10372,7739,0.7461434631700733,0.7376775101958631,0.754427149536028,0.0002647935979153855,0.03,528,2223,19657,0.34882524134014764
2,audit_2024_present,T+20,4,target_4pct,10372,7097,0.6842460470497493,0.6752337116348358,0.6931219502326315,0.0021482256152869387,0.04,528,2223,19657,0.34882524134014764
2,audit_2024_present,T+20,5,target_5pct,10372,6510,0.6276513690705746,0.6183019398482823,0.6369062738160435,0.003943838296689674,0.05,528,2223,19657,0.34882524134014764
2,audit_2024_present,T+20,6,target_6pct,10372,5950,0.5736598534516004,0.56411664485043,0.583148517717202,0.005602055828555542,0.06,528,2223,19657,0.34882524134014764
2,audit_2024_present,T+20,7,target_7pct,10372,5416,0.5221750867720787,0.5125554681527505,0.5317782849762486,0.006887801456291411,0.07,528,2223,19657,0.34882524134014764
2,audit_2024_present,T+20,8,target_8pct,10372,4963,0.4784998071731585,0.46889579158853767,0.4881197434211719,0.008407269049262686,0.045479769952578075,528,2223,19657,0.34882524134014764
2,audit_2024_present,T+20,9,target_9pct,10372,4519,0.43569224836097187,0.42617506266676486,0.4452570532591376,0.009566445208993298,0.031620573119763185,528,2223,19657,0.34882524134014764
2,audit_2024_present,T+20,10,target_10pct,10372,4120,0.3972232934824528,0.3878458427900874,0.4066768492294208,0.010674361774097795,0.025769345030057234,528,2223,19657,0.34882524134014764
2,audit_2024_present,T+20,11,target_11pct,10372,3729,0.35952564596991904,0.35034413988809004,0.3688111718121196,0.01123758354046265,0.020660646171480224,528,2223,19657,0.34882524134014764
2,audit_2024_present,T+20,12,target_12pct,10372,3424,0.3301195526417277,0.32113368784917923,0.3392312120930096,0.012196620231077798,0.01817026900024976,528,2223,19657,0.34882524134014764
2,audit_2024_present,T+20,13,target_13pct,10372,3158,0.304473582722715,0.2956909350327695,0.3134010156384899,0.013298726465603681,0.016442862292718075,528,2223,19657,0.34882524134014764
2,audit_2024_present,T+20,14,target_14pct,10372,2850,0.2747782491322792,0.26627167007844127,0.2834516024896366,0.013710743355781306,0.014496650120951915,528,2223,19657,0.34882524134014764
2,audit_2024_present,T+20,15,target_15pct,10372,2617,0.25231392209795606,0.24404765665459233,0.2607635964393255,0.014510549881599345,0.013175436245284278,528,2223,19657,0.34882524134014764
2,audit_2024_present,T+20,16,target_16pct,10372,2408,0.2321635171615889,0.2241379675833317,0.24038739679771282,0.015080503493830116,0.012109494375930452,528,2223,19657,0.34882524134014764
2,audit_2024_present,T+20,17,target_17pct,10372,2212,0.21326648669494794,0.20549023990253926,0.2212550565946625,0.01559735809175417,0.0115302510027957,528,2223,19657,0.34882524134014764
2,audit_2024_present,T+20,18,target_18pct,10372,2045,0.19716544543000386,0.18962126006264915,0.20493387655393144,0.016031744350619218,0.010764810373439238,528,2223,19657,0.34882524134014764
2,audit_2024_present,T+20,19,target_19pct,10372,1895,0.18270343231777864,0.17538452590322012,0.19025729345531753,0.01645455212918673,0.01013699705593718,528,2223,19657,0.34882524134014764
2,audit_2024_present,T+20,20,target_20pct,10372,1754,0.16910913999228694,0.16201787586935834,0.17644542526661894,0.01696955371135008,0.009886206956734256,528,2223,19657,0.34882524134014764
2,year_2021,T+20,1,target_1pct,2338,2110,0.9024807527801539,0.8897869008135588,0.9138541310991033,-0.000683299014370945,0.01,224,989,19657,0.34882524134014764
2,year_2021,T+20,2,target_2pct,2338,1966,0.8408896492728828,0.8255050893442658,0.8551558059101356,0.0022597812365667412,0.02,224,989,19657,0.34882524134014764
2,year_2021,T+20,3,target_3pct,2338,1839,0.7865697177074422,0.7694980930662563,0.8027011538853734,0.005043213654392516,0.03,224,989,19657,0.34882524134014764
2,year_2021,T+20,4,target_4pct,2338,1683,0.7198460222412318,0.7012933651487782,0.7376774004230693,0.0064279278613372,0.04,224,989,19657,0.34882524134014764
2,year_2021,T+20,5,target_5pct,2338,1550,0.6629597946963216,0.6435453244136123,0.6818396204947025,0.008497948275779032,0.05,224,989,19657,0.34882524134014764
2,year_2021,T+20,6,target_6pct,2338,1423,0.6086398631308811,0.5886936155074357,0.6282296810981076,0.009870028650850777,0.06,224,989,19657,0.34882524134014764
2,year_2021,T+20,7,target_7pct,2338,1303,0.5573139435414884,0.5371021503823927,0.5773376990079332,0.01155886010040271,0.07,224,989,19657,0.34882524134014764
2,year_2021,T+20,8,target_8pct,2338,1196,0.5115483319076134,0.49128374184084117,0.5317750337825828,0.013100604797400248,0.08,224,989,19657,0.34882524134014764
2,year_2021,T+20,9,target_9pct,2338,1101,0.4709153122326775,0.45074621815630356,0.49117982842174,0.014415542025667642,0.042283134178600745,224,989,19657,0.34882524134014764
2,year_2021,T+20,10,target_10pct,2338,1006,0.43028229255774164,0.4103431223110292,0.45045019522163393,0.015222268229403564,0.029708777185126323,224,989,19657,0.34882524134014764
2,year_2021,T+20,11,target_11pct,2338,920,0.39349871685201027,0.37388634102777535,0.41346050600064876,0.01636396788340074,0.024425007123280218,224,989,19657,0.34882524134014764
2,year_2021,T+20,12,target_12pct,2338,849,0.36313088109495295,0.343876574382205,0.38283423304388225,0.01717646007994256,0.019147489899259962,224,989,19657,0.34882524134014764
2,year_2021,T+20,13,target_13pct,2338,768,0.32848588537211293,0.30974285020553954,0.34779163035027605,0.01752185652712223,0.015703510658834574,224,989,19657,0.34882524134014764
2,year_2021,T+20,14,target_14pct,2338,690,0.2951240376390077,0.27698412571050884,0.31393611415541545,0.017806884202000325,0.013526582675518872,224,989,19657,0.34882524134014764
2,year_2021,T+20,15,target_15pct,2338,629,0.26903336184773313,0.25144730393144976,0.28737718360007247,0.01821852701414969,0.010819397993311108,224,989,19657,0.34882524134014764
2,year_2021,T+20,16,target_16pct,2338,569,0.24337040205303678,0.22640616082674958,0.26117660309716395,0.01861208501510102,0.00974730172863103,224,989,19657,0.34882524134014764
2,year_2021,T+20,17,target_17pct,2338,515,0.2202737382378101,0.2039410103428276,0.23752420233423815,0.01850539566940367,0.008819659442724448,224,989,19657,0.34882524134014764
2,year_2021,T+20,18,target_18pct,2338,456,0.19503849443969204,0.17948281119291398,0.2115947066033366,0.018284197871050498,0.008420062577394694,224,989,19657,0.34882524134014764
2,year_2021,T+20,19,target_19pct,2338,418,0.1787852865697177,0.1637839905488771,0.19484043562922138,0.018524311357043508,0.00778969363369153,224,989,19657,0.34882524134014764
2,year_2021,T+20,20,target_20pct,2338,377,0.16124893071000856,0.14689920137194112,0.17671004700762477,0.01831919076012803,0.0067197676299838305,224,989,19657,0.34882524134014764
2,year_2022,T+20,1,target_1pct,3331,2927,0.8787151005703993,0.8671900950432554,0.8893675777409631,-0.004888267487419762,0.01,197,1272,19657,0.34882524134014764
2,year_2022,T+20,2,target_2pct,3331,2726,0.8183728610027019,0.8049156470019122,0.8310965701900528,-0.0030854699868585276,0.02,197,1272,19657,0.34882524134014764
2,year_2022,T+20,3,target_3pct,3331,2520,0.7565295706994897,0.7416645848686038,0.7708035335571709,-0.0013166644425277882,0.03,197,1272,19657,0.34882524134014764
2,year_2022,T+20,4,target_4pct,3331,2308,0.6928850195136596,0.6770045717581914,0.708321076092669,-0.0004060593657750719,0.04,197,1272,19657,0.34882524134014764
2,year_2022,T+20,5,target_5pct,3331,2145,0.6439507655358752,0.6275323556873609,0.6600375246931647,0.0011768233405947477,0.05,197,1272,19657,0.34882524134014764
2,year_2022,T+20,6,target_6pct,3331,1981,0.5947163014109877,0.5779438440814708,0.6112705401939323,0.0028744934422078945,0.06,197,1272,19657,0.34882524134014764
2,year_2022,T+20,7,target_7pct,3331,1835,0.5508856199339538,0.5339447535375578,0.567709250058895,0.004672211107670481,0.07,197,1272,19657,0.34882524134014764
2,year_2022,T+20,8,target_8pct,3331,1680,0.5043530471329931,0.4873784160160404,0.521317649188376,0.005199784764829699,0.08,197,1272,19657,0.34882524134014764
2,year_2022,T+20,9,target_9pct,3331,1529,0.4590213149204443,0.44215528653716774,0.4759817548143614,0.0059567803701206104,0.0381443298969073,197,1272,19657,0.34882524134014764
2,year_2022,T+20,10,target_10pct,3331,1387,0.41639147403182225,0.3997561908269234,0.4332193843848047,0.006585313705185379,0.026000000000000023,197,1272,19657,0.34882524134014764
2,year_2022,T+20,11,target_11pct,3331,1231,0.3695586910837586,0.3533256770740724,0.38609223111083196,0.00648987482875362,0.018972500532935532,197,1272,19657,0.34882524134014764
2,year_2022,T+20,12,target_12pct,3331,1137,0.3413389372560793,0.32542747157632684,0.35761594493856846,0.007941013425056808,0.015173067804646667,197,1272,19657,0.34882524134014764
2,year_2022,T+20,13,target_13pct,3331,1028,0.3086160312218553,0.29315706675136094,0.32451592857171524,0.008577440550869423,0.012239902080783294,197,1272,19657,0.34882524134014764
2,year_2022,T+20,14,target_14pct,3331,931,0.279495646952867,0.26451668549199187,0.2949826322567131,0.008790268204328492,0.009442870632672351,197,1272,19657,0.34882524134014764
2,year_2022,T+20,15,target_15pct,3331,852,0.25577904533173224,0.24124951846186854,0.2708712371386373,0.009315964065870824,0.007276302851524141,197,1272,19657,0.34882524134014764
2,year_2022,T+20,16,target_16pct,3331,774,0.23236265385770039,0.21833324062748607,0.24700868145960786,0.00927138302430086,0.005875440658049236,197,1272,19657,0.34882524134014764
2,year_2022,T+20,17,target_17pct,3331,707,0.21224857400180125,0.19869781978530077,0.22646228377104197,0.009938609717665029,0.0056022408963585235,197,1272,19657,0.34882524134014764
2,year_2022,T+20,18,target_18pct,3331,635,0.19063344341038727,0.17765320176800906,0.20432644008364584,0.009852625471096308,0.003987240829345984,197,1272,19657,0.34882524134014764
2,year_2022,T+20,19,target_19pct,3331,581,0.17442209546682677,0.16191221059947894,0.18768208497366004,0.010384057746749822,0.0034270047978066653,197,1272,19657,0.34882524134014764
2,year_2022,T+20,20,target_20pct,3331,528,0.15851095767036927,0.14650236179191453,0.17130631613749595,0.01061807305994839,0.002736075011752881,197,1272,19657,0.34882524134014764
2,year_2023,T+20,1,target_1pct,3450,3013,0.8733333333333333,0.8618179030838137,0.8840182695999597,-0.0019227329928144204,0.01,212,1237,19657,0.34882524134014764
2,year_2023,T+20,2,target_2pct,3450,2726,0.7901449275362319,0.776237805179559,0.8034066116344605,-0.00014814641842087858,0.02,212,1237,19657,0.34882524134014764
2,year_2023,T+20,3,target_3pct,3450,2434,0.7055072463768116,0.6900752223797251,0.7204821118072279,0.0006363519706145903,0.03,212,1237,19657,0.34882524134014764
2,year_2023,T+20,4,target_4pct,3450,2137,0.6194202898550725,0.6030941757715442,0.6354807490310292,-0.00015895164841523283,0.04,212,1237,19657,0.34882524134014764
2,year_2023,T+20,5,target_5pct,3450,1858,0.5385507246376812,0.5218820823444611,0.555133609400059,-0.0012474579549461243,0.05,212,1237,19657,0.34882524134014764
2,year_2023,T+20,6,target_6pct,3450,1601,0.46405797101449275,0.44746569284652915,0.48073020357211377,-0.002665658110111048,0.021531679151061134,212,1237,19657,0.34882524134014764
2,year_2023,T+20,7,target_7pct,3450,1374,0.3982608695652174,0.3820471493110699,0.4147009123255726,-0.0038336509128576142,0.0055853068864221145,212,1237,19657,0.34882524134014764
2,year_2023,T+20,8,target_8pct,3450,1166,0.33797101449275363,0.32237470632510234,0.35392776220732836,-0.004188996199734938,-0.002065617439810319,212,1237,19657,0.34882524134014764
2,year_2023,T+20,9,target_9pct,3450,1023,0.2965217391304348,0.2815143262545918,0.3119817970186933,-0.004099054952363861,-0.0052846161118828006,212,1237,19657,0.34882524134014764
2,year_2023,T+20,10,target_10pct,3450,898,0.26028985507246377,0.24592000739715347,0.275192946943312,-0.004199663845264361,-0.007657396123157523,212,1237,19657,0.34882524134014764
2,year_2023,T+20,11,target_11pct,3450,780,0.22608695652173913,0.21243782950706533,0.24034541336081836,-0.004711987276363523,-0.00964255275187903,212,1237,19657,0.34882524134014764
2,year_2023,T+20,12,target_12pct,3450,692,0.20057971014492754,0.18755383839896564,0.21427165354021305,-0.005014340067998898,-0.011013502375717743,212,1237,19657,0.34882524134014764
2,year_2023,T+20,13,target_13pct,3450,600,0.17391304347826086,0.1616294680218843,0.18692201158273913,-0.00554351761150867,-0.012443693693693636,212,1237,19657,0.34882524134014764
2,year_2023,T+20,14,target_14pct,3450,518,0.15014492753623188,0.13861439166465647,0.16245372912003728,-0.00604660865321249,-0.013589529379003096,212,1237,19657,0.34882524134014764
2,year_2023,T+20,15,target_15pct,3450,442,0.12811594202898552,0.11737547418273804,0.13968367989080144,-0.006550830456542416,-0.014090346390115138,212,1237,19657,0.34882524134014764
2,year_2023,T+20,16,target_16pct,3450,387,0.11217391304347826,0.10207162190581878,0.12313893783728005,-0.0066879116943467055,-0.014416424208411438,212,1237,19657,0.34882524134014764
2,year_2023,T+20,17,target_17pct,3450,335,0.09710144927536232,0.087664415659075,0.10743474580797087,-0.006969319082677322,-0.01449533301692768,212,1237,19657,0.34882524134014764
2,year_2023,T+20,18,target_18pct,3450,299,0.08666666666666667,0.0777320652707866,0.09652074354360722,-0.006814287262014602,-0.014536721253638363,212,1237,19657,0.34882524134014764
2,year_2023,T+20,19,target_19pct,3450,274,0.07942028985507246,0.07085814772123117,0.08891802730659872,-0.006731016991613433,-0.014581713322965206,212,1237,19657,0.34882524134014764
2,year_2023,T+20,20,target_20pct,3450,239,0.06927536231884059,0.061272434889446815,0.07823645283719359,-0.006968486517167953,-0.014629393033406157,212,1237,19657,0.34882524134014764
2,year_2024,T+20,1,target_1pct,3131,2637,0.8422229319706164,0.8290356929735375,0.8545714149581678,-0.01152964595684549,0.01,178,1203,19657,0.34882524134014764
2,year_2024,T+20,2,target_2pct,3131,2445,0.7809006707122325,0.7660724114528262,0.7950404690193481,-0.009419003630408544,0.02,178,1203,19657,0.34882524134014764
2,year_2024,T+20,3,target_3pct,3131,2272,0.7256467582242095,0.7097483337106895,0.7409921438943035,-0.006727688809010632,0.03,178,1203,19657,0.34882524134014764
2,year_2024,T+20,4,target_4pct,3131,2102,0.6713510060683487,0.6546963727579584,0.6875856742839079,-0.004897284921280712,0.04,178,1203,19657,0.34882524134014764
2,year_2024,T+20,5,target_5pct,3131,1931,0.6167358671351006,0.5995727051607376,0.6336129205499842,-0.0035639848270460563,0.05,178,1203,19657,0.34882524134014764
2,year_2024,T+20,6,target_6pct,3131,1774,0.5665921430852763,0.549163043803373,0.5838580313284615,-0.002494093842522452,0.06,178,1203,19657,0.34882524134014764
2,year_2024,T+20,7,target_7pct,3131,1629,0.5202810603641009,0.5027673610227343,0.5377450527464335,-0.0014354218288357167,0.07,178,1203,19657,0.34882524134014764
2,year_2024,T+20,8,target_8pct,3131,1496,0.47780261897157456,0.460343823638191,0.49531581798453084,-9.648270939607987e-05,0.03892617449664426,178,1203,19657,0.34882524134014764
2,year_2024,T+20,9,target_9pct,3131,1370,0.43755988502076015,0.42027001920683155,0.4550027856455731,0.0007513751342276068,0.01994434137291301,178,1203,19657,0.34882524134014764
2,year_2024,T+20,10,target_10pct,3131,1264,0.40370488661769405,0.386646926619306,0.42099885682314936,0.002266685222354275,0.014677103718199636,178,1203,19657,0.34882524134014764
2,year_2024,T+20,11,target_11pct,3131,1175,0.375279463430214,0.35848165800604515,0.39238294708277344,0.0035874629118687216,0.010057471264367734,178,1203,19657,0.34882524134014764
2,year_2024,T+20,12,target_12pct,3131,1092,0.34877036090705843,0.33227123438287925,0.3656401369604128,0.005122675184928249,0.007425742574257432,178,1203,19657,0.34882524134014764
2,year_2024,T+20,13,target_13pct,3131,1031,0.3292877674864261,0.31304418714283305,0.34594974735133727,0.00693361552776437,0.005785123966942196,178,1203,19657,0.34882524134014764
2,year_2024,T+20,14,target_14pct,3131,946,0.3021398914084957,0.2863060673197989,0.3184586518928082,0.007595269237630206,0.004156371750208221,178,1203,19657,0.34882524134014764
2,year_2024,T+20,15,target_15pct,3131,881,0.28137975087831363,0.2659039415193894,0.2973913777720223,0.008699623621333051,0.0030358227079538835,178,1203,19657,0.34882524134014764
2,year_2024,T+20,16,target_16pct,3131,826,0.26381347812200573,0.24867287144922962,0.2795329556011706,0.010041971690422764,0.0026269702276706663,178,1203,19657,0.34882524134014764
2,year_2024,T+20,17,target_17pct,3131,777,0.24816352603002237,0.2333480454041121,0.263596234013387,0.011182350025658979,0.002174700978615496,178,1203,19657,0.34882524134014764
2,year_2024,T+20,18,target_18pct,3131,741,0.23666560204407538,0.2221058234619134,0.2518707883069236,0.012620592511004232,0.0019646365422396617,178,1203,19657,0.34882524134014764
2,year_2024,T+20,19,target_19pct,3131,703,0.22452890450335355,0.2102553732886014,0.2394775892955368,0.013780451083370962,0.0016604400166042588,178,1203,19657,0.34882524134014764
2,year_2024,T+20,20,target_20pct,3131,668,0.213350367294794,0.19935613651908796,0.2280471491844066,0.01495508824227932,0.0015835312747427555,178,1203,19657,0.34882524134014764
2,year_2025,T+20,1,target_1pct,3705,3396,0.9165991902834008,0.9072588249578604,0.9250765327991275,0.0042630108112375635,0.01,219,1627,19657,0.34882524134014764
2,year_2025,T+20,2,target_2pct,3705,3163,0.8537112010796222,0.8419653292551477,0.864724328237909,0.009734227802146521,0.02,219,1627,19657,0.34882524134014764
2,year_2025,T+20,3,target_3pct,3705,2933,0.7916329284750337,0.7782562286173705,0.8044054844091443,0.014528998960482582,0.03,219,1627,19657,0.34882524134014764
2,year_2025,T+20,4,target_4pct,3705,2682,0.7238866396761133,0.7092643571196747,0.7380451208585704,0.018328295272975574,0.04,219,1627,19657,0.34882524134014764
2,year_2025,T+20,5,target_5pct,3705,2448,0.6607287449392713,0.645323560729793,0.6758009650520576,0.02193116534109009,0.05,219,1627,19657,0.34882524134014764
2,year_2025,T+20,6,target_6pct,3705,2218,0.5986504723346828,0.582772392953842,0.6143241883614667,0.02493025931270497,0.06,219,1627,19657,0.34882524134014764
2,year_2025,T+20,7,target_7pct,3705,1988,0.5365721997300945,0.5204854926017987,0.5525831442469684,0.027159502000552758,0.07,219,1627,19657,0.34882524134014764
2,year_2025,T+20,8,target_8pct,3705,1805,0.48717948717948717,0.4711061664262181,0.5032793667817786,0.029394066789197083,0.0568360398114196,219,1627,19657,0.34882524134014764
2,year_2025,T+20,9,target_9pct,3705,1625,0.43859649122807015,0.42268988696476606,0.4546302983998502,0.03121795163806647,0.04302600472813234,219,1627,19657,0.34882524134014764
2,year_2025,T+20,10,target_10pct,3705,1459,0.39379217273954115,0.3781771384098718,0.409627226165849,0.03272506337481602,0.037676609105180336,219,1627,19657,0.34882524134014764
2,year_2025,T+20,11,target_11pct,3705,1301,0.35114709851551956,0.3359382641464548,0.3666642951000765,0.03349482202656768,0.033333333333333215,219,1627,19657,0.34882524134014764
2,year_2025,T+20,12,target_12pct,3705,1186,0.32010796221322535,0.30527883543017775,0.3353097515830826,0.03470873856419813,0.03100775193798455,219,1627,19657,0.34882524134014764
2,year_2025,T+20,13,target_13pct,3705,1075,0.2901484480431849,0.2757582098976322,0.3049734126122102,0.03588857157268944,0.030153846153845976,219,1627,19657,0.34882524134014764
2,year_2025,T+20,14,target_14pct,3705,951,0.25668016194331983,0.24287201647942733,0.27099236640497515,0.03641539479818975,0.02923331494760073,219,1627,19657,0.34882524134014764
2,year_2025,T+20,15,target_15pct,3705,862,0.23265856950067476,0.21933416841628997,0.2465367924788855,0.03747294254947271,0.028530670470756192,219,1627,19657,0.34882524134014764
2,year_2025,T+20,16,target_16pct,3705,782,0.21106612685560053,0.1982289163409546,0.2245018899571628,0.038067388195186486,0.02754237288135597,219,1627,19657,0.34882524134014764
2,year_2025,T+20,17,target_17pct,3705,711,0.19190283400809716,0.17954406756626407,0.20489985152696438,0.03852600360977402,0.02710176991150437,219,1627,19657,0.34882524134014764
2,year_2025,T+20,18,target_18pct,3705,643,0.17354925775978408,0.16169402110683728,0.18608076657889186,0.038749001603242836,0.026612077789150534,219,1627,19657,0.34882524134014764
2,year_2025,T+20,19,target_19pct,3705,588,0.15870445344129555,0.1472926952275323,0.17082323617271947,0.039161030009805926,0.026494345718901524,219,1627,19657,0.34882524134014764
2,year_2025,T+20,20,target_20pct,3705,539,0.14547908232118759,0.1344928960965914,0.15719969061296232,0.03972975545023391,0.026185421089879535,219,1627,19657,0.34882524134014764
2,year_2026,T+20,1,target_1pct,3536,3014,0.8523755656108597,0.8403010870176323,0.8636852156463061,-0.009078496219864807,0.01,131,1603,19657,0.34882524134014764
2,year_2026,T+20,2,target_2pct,3536,2767,0.7825226244343891,0.7686225534858955,0.7958094821170535,-0.008969795898501118,0.02,131,1603,19657,0.34882524134014764
2,year_2026,T+20,3,target_3pct,3536,2534,0.7166289592760181,0.701546699067017,0.7312410279318406,-0.008489566824094255,0.03,131,1603,19657,0.34882524134014764
2,year_2026,T+20,4,target_4pct,3536,2313,0.6541289592760181,0.6382913777742331,0.6696320050121606,-0.008566611656133621,0.04,131,1603,19657,0.34882524134014764
2,year_2026,T+20,5,target_5pct,3536,2131,0.602658371040724,0.5864259547135575,0.6186679681331596,-0.008255271572961619,0.05,131,1603,19657,0.34882524134014764
2,year_2026,T+20,6,target_6pct,3536,1958,0.5537330316742082,0.537298466684535,0.5700509695162261,-0.007481074626373309,0.06,131,1603,19657,0.34882524134014764
2,year_2026,T+20,7,target_7pct,3536,1799,0.5087669683257918,0.4922884451148365,0.5252264628968666,-0.006982854202858832,0.07,131,1603,19657,0.34882524134014764
2,year_2026,T+20,8,target_8pct,3536,1662,0.47002262443438914,0.453613217469418,0.48649709707120997,-0.0060528098167147906,0.031516617409245495,131,1603,19657,0.34882524134014764
2,year_2026,T+20,9,target_9pct,3536,1524,0.4309954751131222,0.4147562684856508,0.4473844555512666,-0.005314450411941298,0.01858034409654452,131,1603,19657,0.34882524134014764
2,year_2026,T+20,10,target_10pct,3536,1397,0.395079185520362,0.3790878419859789,0.4112982589062192,-0.004985540416838875,0.009418034418486876,131,1603,19657,0.34882524134014764
2,year_2026,T+20,11,target_11pct,3536,1253,0.3543552036199095,0.3387552225847532,0.37027130560792076,-0.005309515131169564,0.002524828614667629,131,1603,19657,0.34882524134014764
2,year_2026,T+20,12,target_12pct,3536,1146,0.3240950226244344,0.30886620436878703,0.3397056413318794,-0.005127722666183689,-0.0012235752644718656,131,1603,19657,0.34882524134014764
2,year_2026,T+20,13,target_13pct,3536,1052,0.29751131221719457,0.2826690917967315,0.31279303283619,-0.004734705031957931,-0.0035062141764090615,131,1603,19657,0.34882524134014764
2,year_2026,T+20,14,target_14pct,3536,953,0.26951357466063347,0.25514449149631085,0.28438292690568767,-0.00466402591180698,-0.006328313235691552,131,1603,19657,0.34882524134014764
2,year_2026,T+20,15,target_15pct,3536,874,0.24717194570135748,0.23323310303843015,0.2616595497853572,-0.004403945229706392,-0.00843096816383565,131,1603,19657,0.34882524134014764
2,year_2026,T+20,16,target_16pct,3536,800,0.22624434389140272,0.21275487978694907,0.24032799262180504,-0.004543581557656573,-0.009882810612532711,131,1603,19657,0.34882524134014764
2,year_2026,T+20,17,target_17pct,3536,724,0.20475113122171945,0.1917745091962872,0.2183685887321625,-0.004517811984410846,-0.010884589129326827,131,1603,19657,0.34882524134014764
2,year_2026,T+20,18,target_18pct,3536,661,0.1869343891402715,0.1744264992966623,0.2001217855757456,-0.004750812694385302,-0.012196816025136059,131,1603,19657,0.34882524134014764
2,year_2026,T+20,19,target_19pct,3536,604,0.17081447963800905,0.1587685604751588,0.18357489353702075,-0.004969342150577114,-0.013642258828011733,131,1603,19657,0.34882524134014764
2,year_2026,T+20,20,target_20pct,3536,547,0.1546945701357466,0.14315076501557616,0.16698785813637507,-0.005094715536077532,-0.014522384037679748,131,1603,19657,0.34882524134014764
3,full_period,T+20,1,target_1pct,19222,16730,0.8703568827385287,0.8655340181388158,0.8750317420617675,-0.005066711878575926,0.01,1158,2460,19399,0.3442468767745599
3,full_period,T+20,2,target_2pct,19222,15531,0.8079804390802205,0.802350722591838,0.8134870777154317,-0.002220907398926058,0.02,1158,2460,19399,0.3442468767745599
3,full_period,T+20,3,target_3pct,19222,14299,0.7438872125689314,0.7376683248051594,0.7500086359787056,-7.614101332034624e-05,0.03,1158,2460,19399,0.3442468767745599
3,full_period,T+20,4,target_4pct,19222,13038,0.6782852980959317,0.6716463689736126,0.6848529792785856,0.0013375492845702922,0.04,1158,2460,19399,0.3442468767745599
3,full_period,T+20,5,target_5pct,19222,11851,0.6165331391114348,0.6096366694001958,0.6233830388241766,0.002564753558621591,0.05,1158,2460,19399,0.3442468767745599
3,full_period,T+20,6,target_6pct,19222,10766,0.5600873998543335,0.5530588192138023,0.5670919678393895,0.00368250481554247,0.06,1158,2460,19399,0.3442468767745599
3,full_period,T+20,7,target_7pct,19222,9798,0.5097284361668921,0.5026600438986298,0.516792940671887,0.004881298003403802,0.07,1158,2460,19399,0.3442468767745599
3,full_period,T+20,8,target_8pct,19222,8852,0.4605139943814379,0.453476167636722,0.4675676008711804,0.005660296686714995,0.03477748457235519,1158,2460,19399,0.3442468767745599
3,full_period,T+20,9,target_9pct,19222,8059,0.4192591821870773,0.4123002702584434,0.4262503604718129,0.006577123931950402,0.024523752527021436,1158,2460,19399,0.3442468767745599
3,full_period,T+20,10,target_10pct,19222,7317,0.3806575798564145,0.3738178783192169,0.38754497406171606,0.007395132110512618,0.01890453215961785,1158,2460,19399,0.3442468767745599
3,full_period,T+20,11,target_11pct,19222,6678,0.34741442097596503,0.3407142055782022,0.3541756139655102,0.008256725477240288,0.015270475394328686,1158,2460,19399,0.3442468767745599
3,full_period,T+20,12,target_12pct,19222,6083,0.31646030589949015,0.3099224962694991,0.32307146327711445,0.008900772563473701,0.012281152612140911,1158,2460,19399,0.3442468767745599
3,full_period,T+20,13,target_13pct,19222,5555,0.28899178025179484,0.28262623271921583,0.2954416527459386,0.009396572795347545,0.009810796688942025,1158,2460,19399,0.3442468767745599
3,full_period,T+20,14,target_14pct,19222,5034,0.2618874206638227,0.25571994736544207,0.2681500506064543,0.00983261676703291,0.007991283291955975,1158,2460,19399,0.3442468767745599
3,full_period,T+20,15,target_15pct,19222,4615,0.24008948080324627,0.23410335708114033,0.24617947225414344,0.010542431662980451,0.006757641178065876,1158,2460,19399,0.3442468767745599
3,full_period,T+20,16,target_16pct,19222,4224,0.2197482051815628,0.21395073452836622,0.22565767252310973,0.011089834648852763,0.006048693215182754,1158,2460,19399,0.3442468767745599
3,full_period,T+20,17,target_17pct,19222,3865,0.20107168869004266,0.19546554511045175,0.20679729263185023,0.011531057550576655,0.005412729802973804,1158,2460,19399,0.3442468767745599
3,full_period,T+20,18,target_18pct,19222,3538,0.1840599313286859,0.17864469542450254,0.1896014259832594,0.011783905767463757,0.004758902654401376,1158,2460,19399,0.3442468767745599
3,full_period,T+20,19,target_19pct,19222,3216,0.16730829258141713,0.16209823550426353,0.1726513028462449,0.011928893319926947,0.004078661208022583,1158,2460,19399,0.3442468767745599
3,full_period,T+20,20,target_20pct,19222,2964,0.1541983144313807,0.14916204018667664,0.15937278098858987,0.012171049110063177,0.0034914486371588893,1158,2460,19399,0.3442468767745599
3,selection_2021_2023,T+20,1,target_1pct,8960,7823,0.8731026785714285,0.8660501525129043,0.8798354061966561,-0.004177198622725742,0.01,633,1768,19399,0.3442468767745599
3,selection_2021_2023,T+20,2,target_2pct,8960,7231,0.80703125,0.7987290662414182,0.8150702672943283,-0.0016675484402147043,0.02,633,1768,19399,0.3442468767745599
3,selection_2021_2023,T+20,3,target_3pct,8960,6625,0.7393973214285714,0.730206792498483,0.7483826551329879,0.0002477642988039204,0.03,633,1768,19399,0.3442468767745599
3,selection_2021_2023,T+20,4,target_4pct,8960,5989,0.6684151785714286,0.6585966657973304,0.6780893372217325,0.000984227778530643,0.04,633,1768,19399,0.3442468767745599
3,selection_2021_2023,T+20,5,target_5pct,8960,5405,0.6032366071428571,0.5930643849207374,0.6133203419133467,0.0015227436338997849,0.05,633,1768,19399,0.3442468767745599
3,selection_2021_2023,T+20,6,target_6pct,8960,4885,0.5452008928571429,0.5348729653322771,0.5554900772275112,0.0022276717640684097,0.06,633,1768,19399,0.3442468767745599
3,selection_2021_2023,T+20,7,target_7pct,8960,4383,0.48917410714285714,0.47883025137494467,0.49952724213542704,0.002735555936367399,0.0446136505244209,633,1768,19399,0.3442468767745599
3,selection_2021_2023,T+20,8,target_8pct,8960,3901,0.4353794642857143,0.4251430112918879,0.4456713056411556,0.0028477133103225047,0.023046969441656406,633,1768,19399,0.3442468767745599
3,selection_2021_2023,T+20,9,target_9pct,8960,3525,0.39341517857142855,0.38334774702254143,0.40357396743524193,0.003301815968511259,0.015080149431099032,633,1768,19399,0.3442468767745599
3,selection_2021_2023,T+20,10,target_10pct,8960,3182,0.35513392857142856,0.3452888719355713,0.3651031546258976,0.003877023865022579,0.010027180118001522,633,1768,19399,0.3442468767745599
3,selection_2021_2023,T+20,11,target_11pct,8960,2886,0.3220982142857143,0.312500592028125,0.33184832194643693,0.004495117926970721,0.005568384182081942,633,1768,19399,0.3442468767745599
3,selection_2021_2023,T+20,12,target_12pct,8960,2582,0.28816964285714286,0.27888390569044536,0.2976369467083744,0.004504904817051181,0.002465513126282848,633,1768,19399,0.3442468767745599
3,selection_2021_2023,T+20,13,target_13pct,8960,2338,0.2609375,0.251948247903697,0.27013166033564534,0.004704190487869766,0.0,633,1768,19399,0.3442468767745599
3,selection_2021_2023,T+20,14,target_14pct,8960,2105,0.23493303571428573,0.22626920942178702,0.2438240595177266,0.0050194134029814125,-0.0010493225648394722,633,1768,19399,0.3442468767745599
3,selection_2021_2023,T+20,15,target_15pct,8960,1921,0.21439732142857143,0.20602272920419865,0.22301671299210254,0.005499237697876093,-0.0018348870955252061,633,1768,19399,0.3442468767745599
3,selection_2021_2023,T+20,16,target_16pct,8960,1733,0.19341517857142856,0.18536879191388872,0.20172434904478237,0.0056677310182827985,-0.0025031642000526433,633,1768,19399,0.3442468767745599
3,selection_2021_2023,T+20,17,target_17pct,8960,1572,0.17544642857142856,0.1677103784375706,0.1834606641207896,0.005994967671185517,-0.0030464267083984975,633,1768,19399,0.3442468767745599
3,selection_2021_2023,T+20,18,target_18pct,8960,1413,0.15770089285714287,0.15030116494052242,0.16539401646473578,0.006011598031062379,-0.0034880824092421436,633,1768,19399,0.3442468767745599
3,selection_2021_2023,T+20,19,target_19pct,8960,1269,0.1416294642857143,0.13456331106694452,0.1490027885392779,0.0058825058031313614,-0.004379582831556428,633,1768,19399,0.3442468767745599
3,selection_2021_2023,T+20,20,target_20pct,8960,1160,0.12946428571428573,0.12267139139854166,0.1365747782347995,0.006100048938515955,-0.004738213179508288,633,1768,19399,0.3442468767745599
3,audit_2024_present,T+20,1,target_1pct,10262,8907,0.8679594620931592,0.8612715134109378,0.8743720211629836,-0.005843367381637479,0.01,525,2213,19399,0.3442468767745599
3,audit_2024_present,T+20,2,target_2pct,10262,8300,0.8088091989865523,0.8010857277053801,0.8163015501189729,-0.002704058467923692,0.02,525,2213,19399,0.3442468767745599
3,audit_2024_present,T+20,3,target_3pct,10262,7674,0.7478074449425063,0.7393134167131208,0.756116008186636,-0.00035895056278764556,0.03,525,2213,19399,0.3442468767745599
3,audit_2024_present,T+20,4,target_4pct,10262,7049,0.6869031377899045,0.6778618196048228,0.6958045732216553,0.0016460428232679396,0.04,525,2213,19399,0.3442468767745599
3,audit_2024_present,T+20,5,target_5pct,10262,6446,0.6281426622490742,0.6187453509282693,0.6374440685539093,0.003474557585663823,0.05,525,2213,19399,0.3442468767745599
3,audit_2024_present,T+20,6,target_6pct,10262,5881,0.5730851685831222,0.5634893873073268,0.5826262511806077,0.004952754683132375,0.06,525,2213,19399,0.3442468767745599
3,audit_2024_present,T+20,7,target_7pct,10262,5415,0.5276749171701423,0.5180071041422147,0.5373220176318831,0.006754797216095884,0.07,525,2213,19399,0.3442468767745599
3,audit_2024_present,T+20,8,target_8pct,10262,4951,0.48245955954005065,0.47279979609455447,0.49213245066834127,0.008116031149049501,0.04801993984627384,525,2213,19399,0.3442468767745599
3,audit_2024_present,T+20,9,target_9pct,10262,4534,0.4418242058078347,0.43223936589721373,0.4514525858663904,0.009436874404803132,0.033549639260705644,525,2213,19399,0.3442468767745599
3,audit_2024_present,T+20,10,target_10pct,10262,4135,0.4029428961216137,0.393490844979477,0.412467587108546,0.010466877372604877,0.02683559635082866,525,2213,19399,0.3442468767745599
3,audit_2024_present,T+20,11,target_11pct,10262,3792,0.3695186123562658,0.3602301892372454,0.3789046908489621,0.011541075862195983,0.022615103706915773,525,2213,19399,0.3442468767745599
3,audit_2024_present,T+20,12,target_12pct,10262,3501,0.3411615669460144,0.3320495683610732,0.3503924439918157,0.012738910841386956,0.019697916090145484,525,2213,19399,0.3442468767745599
3,audit_2024_present,T+20,13,target_13pct,10262,3217,0.31348664977587215,0.3045820344921118,0.32253085608667925,0.013493605096555979,0.017511164174558225,525,2213,19399,0.3442468767745599
3,audit_2024_present,T+20,14,target_14pct,10262,2929,0.2854219450399532,0.27676557829801857,0.29423890710140554,0.014035140850242949,0.015743553618339012,525,2213,19399,0.3442468767745599
3,audit_2024_present,T+20,15,target_15pct,10262,2694,0.26252192555057496,0.2540986320875802,0.27112295325229113,0.014945766093630916,0.014574604236698652,525,2213,19399,0.3442468767745599
3,audit_2024_present,T+20,16,target_16pct,10262,2491,0.24274020658740986,0.2345421454110426,0.25113080711142766,0.015824004258081656,0.013664334029257152,525,2213,19399,0.3442468767745599
3,audit_2024_present,T+20,17,target_17pct,10262,2293,0.2234457220814656,0.2154904832614919,0.23160794070016363,0.016364751306115984,0.012738982707033775,525,2213,19399,0.3442468767745599
3,audit_2024_present,T+20,18,target_18pct,10262,2125,0.20707464431884623,0.19934489580296283,0.21502362513739537,0.01682384703799156,0.012030102391548225,525,2213,19399,0.3442468767745599
3,audit_2024_present,T+20,19,target_19pct,10262,1947,0.18972909764178522,0.18225957282311742,0.19743083658277094,0.0172081402650145,0.011579820883445446,525,2213,19399,0.3442468767745599
3,audit_2024_present,T+20,20,target_20pct,10262,1804,0.17579419216526992,0.16855110603620158,0.18327992163132056,0.017471785958344515,0.0108407623552631,525,2213,19399,0.3442468767745599
3,year_2021,T+20,1,target_1pct,2277,2027,0.8902064119455424,0.876701905589754,0.9023964763408456,-0.0017568300837232096,0.01,223,969,19399,0.3442468767745599
3,year_2021,T+20,2,target_2pct,2277,1891,0.8304787000439174,0.814513291314254,0.8453308644570192,0.0017201437494542737,0.02,223,969,19399,0.3442468767745599
3,year_2021,T+20,3,target_3pct,2277,1786,0.7843653930610452,0.7670014128670961,0.8007714653546971,0.005801027869302677,0.03,223,969,19399,0.3442468767745599
3,year_2021,T+20,4,target_4pct,2277,1639,0.7198067632850241,0.7010019799212338,0.7378711097312874,0.007609319716380112,0.04,223,969,19399,0.3442468767745599
3,year_2021,T+20,5,target_5pct,2277,1492,0.6552481335090031,0.635479055267682,0.6744942458155674,0.009203171801232035,0.05,223,969,19399,0.3442468767745599
3,year_2021,T+20,6,target_6pct,2277,1381,0.6064997804128239,0.5862704349424483,0.6263703727313507,0.011472063432970001,0.06,223,969,19399,0.3442468767745599
3,year_2021,T+20,7,target_7pct,2277,1253,0.5502854633289416,0.5297845765805677,0.5706169594138653,0.012174772940087054,0.07,223,969,19399,0.3442468767745599
3,year_2021,T+20,8,target_8pct,2277,1138,0.4997804128238911,0.4792607300024324,0.52030083534257,0.013276375148777825,0.07582061950994001,223,969,19399,0.3442468767745599
3,year_2021,T+20,9,target_9pct,2277,1058,0.46464646464646464,0.44423722819024536,0.4851747923551533,0.015145092624920038,0.039823008849557695,223,969,19399,0.3442468767745599
3,year_2021,T+20,10,target_10pct,2277,971,0.4264382960035134,0.4062650587606165,0.44685933181521303,0.016060477046453536,0.029279279279279313,223,969,19399,0.3442468767745599
3,year_2021,T+20,11,target_11pct,2277,893,0.3921826965305226,0.37232616692538545,0.4124024174708304,0.01741450368703395,0.023402909550917173,223,969,19399,0.3442468767745599
3,year_2021,T+20,12,target_12pct,2277,805,0.35353535353535354,0.334160567649509,0.3734035174671427,0.017643938786883962,0.019718309859154903,223,969,19399,0.3442468767745599
3,year_2021,T+20,13,target_13pct,2277,748,0.3285024154589372,0.30951385302720585,0.34806868141972813,0.018602064109831222,0.017492711370262315,223,969,19399,0.3442468767745599
3,year_2021,T+20,14,target_14pct,2277,674,0.29600351339481773,0.27760944883779487,0.3150847566695056,0.018958812102579263,0.015463917525773141,223,969,19399,0.3442468767745599
3,year_2021,T+20,15,target_15pct,2277,619,0.27184892402283706,0.25396989809898907,0.29049649535858374,0.01971000679715736,0.014051522248243575,223,969,19399,0.3442468767745599
3,year_2021,T+20,16,target_16pct,2277,566,0.24857268335529206,0.23125416533462315,0.26673815469321227,0.02012967922844891,0.012363636363636354,223,969,19399,0.3442468767745599
3,year_2021,T+20,17,target_17pct,2277,513,0.22529644268774704,0.2086072515007972,0.24291099509730066,0.02053909636751927,0.011306532663316604,223,969,19399,0.3442468767745599
3,year_2021,T+20,18,target_18pct,2277,465,0.20421607378129117,0.1881623597287909,0.2212661599895447,0.020643527292167355,0.010098928276999208,223,969,19399,0.3442468767745599
3,year_2021,T+20,19,target_19pct,2277,426,0.18708827404479578,0.17160171393686527,0.20362890269166345,0.020629018564135796,0.009280742459396807,223,969,19399,0.3442468767745599
3,year_2021,T+20,20,target_20pct,2277,383,0.16820377689942909,0.15340151369172259,0.18412372260701912,0.02043230914677189,0.008887836255744297,223,969,19399,0.3442468767745599
3,year_2022,T+20,1,target_1pct,3291,2857,0.8681251899118809,0.8561345775906051,0.8792573756978322,-0.0068247071140670355,0.01,197,1248,19399,0.3442468767745599
3,year_2022,T+20,2,target_2pct,3291,2683,0.8152537222728654,0.8016293132426703,0.8281429950831685,-0.004173916049129729,0.02,197,1248,19399,0.3442468767745599
3,year_2022,T+20,3,target_3pct,3291,2482,0.7541780613795199,0.7391763908244778,0.7685870172859455,-0.002012026954354673,0.03,197,1248,19399,0.3442468767745599
3,year_2022,T+20,4,target_4pct,3291,2291,0.6961409905803707,0.6802061597366135,0.7116184426964747,-0.0008336887534173133,0.04,197,1248,19399,0.3442468767745599
3,year_2022,T+20,5,target_5pct,3291,2130,0.6472196900638104,0.6307310195794722,0.663365060790522,0.0009854899335929143,0.05,197,1248,19399,0.3442468767745599
3,year_2022,T+20,6,target_6pct,3291,1964,0.5967790945001519,0.5799157863336407,0.613416724704219,0.002436178962367283,0.06,197,1248,19399,0.3442468767745599
3,year_2022,T+20,7,target_7pct,3291,1819,0.5527195381343056,0.5356801682275091,0.5696359720081853,0.00439998628633103,0.07,197,1248,19399,0.3442468767745599
3,year_2022,T+20,8,target_8pct,3291,1649,0.5010635065329687,0.48398934580634073,0.5181351872819874,0.005172355850668492,0.08,197,1248,19399,0.3442468767745599
3,year_2022,T+20,9,target_9pct,3291,1502,0.4563962321482832,0.43943908154244743,0.4734550618360992,0.005712427608806915,0.043887147335423204,197,1248,19399,0.3442468767745599
3,year_2022,T+20,10,target_10pct,3291,1370,0.41628684290489215,0.3995521972140338,0.43321669826185194,0.0070026554617224615,0.03179190751445082,197,1248,19399,0.3442468767745599
3,year_2022,T+20,11,target_11pct,3291,1253,0.3807353388027955,0.3642936581877455,0.3974551311925998,0.007947721423359044,0.024644549763033208,197,1248,19399,0.3442468767745599
3,year_2022,T+20,12,target_12pct,3291,1138,0.34579155271953815,0.32972968127181507,0.36221302092060603,0.008181441692064667,0.018181818181818077,197,1248,19399,0.3442468767745599
3,year_2022,T+20,13,target_13pct,3291,1036,0.31479793375873594,0.29915382721941086,0.3308739106845903,0.008892602296789925,0.015219842164599706,197,1248,19399,0.3442468767745599
3,year_2022,T+20,14,target_14pct,3291,949,0.2883621999392282,0.2731388718332196,0.30407904358948235,0.009650664534826483,0.013240418118466879,197,1248,19399,0.3442468767745599
3,year_2022,T+20,15,target_15pct,3291,877,0.2664843512610149,0.25165755546662694,0.28185567928189637,0.010673532026018975,0.011450381679389166,197,1248,19399,0.3442468767745599
3,year_2022,T+20,16,target_16pct,3291,804,0.24430264357338194,0.22992616531158722,0.2592753793089493,0.011253745819779325,0.010103248071635651,197,1248,19399,0.3442468767745599
3,year_2022,T+20,17,target_17pct,3291,743,0.22576724399878456,0.21180745316109023,0.240366514777156,0.012052232515558594,0.008807985907222537,197,1248,19399,0.3442468767745599
3,year_2022,T+20,18,target_18pct,3291,671,0.20388939532057127,0.19047334101042612,0.21799594625364146,0.012093594842842592,0.006993006993006867,197,1248,19399,0.3442468767745599
3,year_2022,T+20,19,target_19pct,3291,606,0.18413855970829535,0.17126685275625064,0.19774682001029448,0.012371246298852074,0.006165228113440113,197,1248,19399,0.3442468767745599
3,year_2022,T+20,20,target_20pct,3291,559,0.16985718626557278,0.15741429633382378,0.18306993210374362,0.012871072793198508,0.005405405405405572,197,1248,19399,0.3442468767745599
3,year_2023,T+20,1,target_1pct,3392,2939,0.8664504716981132,0.854587110005356,0.8774847275032014,-0.003233280202414592,0.01,213,1214,19399,0.3442468767745599
3,year_2023,T+20,2,target_2pct,3392,2657,0.7833136792452831,0.7691325739243006,0.7968537783248738,-0.0015099185212692214,0.02,213,1214,19399,0.3442468767745599
3,year_2023,T+20,3,target_3pct,3392,2357,0.6948702830188679,0.6791609365259937,0.7101387292770283,-0.0012875564959722392,0.03,213,1214,19399,0.3442468767745599
3,year_2023,T+20,4,target_4pct,3392,2059,0.6070165094339622,0.5904675639721285,0.6233233266277157,-0.0016993132108097237,0.04,213,1214,19399,0.3442468767745599
3,year_2023,T+20,5,target_5pct,3392,1783,0.5256485849056604,0.5088245366938774,0.5424146023755066,-0.0031117590221455054,0.05,213,1214,19399,0.3442468767745599
3,year_2023,T+20,6,target_6pct,3392,1540,0.4540094339622642,0.43731552412738073,0.4708073989206202,-0.0041802518856045015,0.01588386174417622,213,1214,19399,0.3442468767745599
3,year_2023,T+20,7,target_7pct,3392,1311,0.38649764150943394,0.3702474251014903,0.40300466062594764,-0.0052157227780193815,0.0015475576128459734,213,1214,19399,0.3442468767745599
3,year_2023,T+20,8,target_8pct,3392,1114,0.3284198113207547,0.31281676358913524,0.3444110647053294,-0.006408319002897249,-0.005063291139240422,213,1214,19399,0.3442468767745599
3,year_2023,T+20,9,target_9pct,3392,965,0.2844929245283019,0.26955988925228735,0.29991355144058834,-0.006987235875491042,-0.009266746848191953,213,1214,19399,0.3442468767745599
3,year_2023,T+20,10,target_10pct,3392,841,0.24793632075471697,0.2336948901322757,0.2627480534961903,-0.007334113068602896,-0.0114439464188833,213,1214,19399,0.3442468767745599
3,year_2023,T+20,11,target_11pct,3392,740,0.21816037735849056,0.20458469427444784,0.2323737315838136,-0.007527275788323477,-0.013704389188009258,213,1214,19399,0.3442468767745599
3,year_2023,T+20,12,target_12pct,3392,639,0.18838443396226415,0.17558058619315328,0.20189332189490355,-0.007882201080642989,-0.014782596514820334,213,1214,19399,0.3442468767745599
3,year_2023,T+20,13,target_13pct,3392,554,0.1633254716981132,0.15126717415101007,0.17614550611063695,-0.008688946746906907,-0.01613339612140935,213,1214,19399,0.3442468767745599
3,year_2023,T+20,14,target_14pct,3392,482,0.1420990566037736,0.13075348791987784,0.15425438759469265,-0.00883125237351812,-0.016531715708077155,213,1214,19399,0.3442468767745599
3,year_2023,T+20,15,target_15pct,3392,425,0.1252948113207547,0.11457590522623275,0.1368614998635688,-0.009060468632601995,-0.01671928312633425,213,1214,19399,0.3442468767745599
3,year_2023,T+20,16,target_16pct,3392,363,0.10701650943396226,0.0970540655251152,0.11786809103248158,-0.009460049284274191,-0.017228301376549182,213,1214,19399,0.3442468767745599
3,year_2023,T+20,17,target_17pct,3392,316,0.09316037735849056,0.08383374763610157,0.103407494711598,-0.009645197318314412,-0.01733636003620731,213,1214,19399,0.3442468767745599
3,year_2023,T+20,18,target_18pct,3392,277,0.0816627358490566,0.07291307756963265,0.09135889554006714,-0.00971150174343783,-0.0174920313098913,213,1214,19399,0.3442468767745599
3,year_2023,T+20,19,target_19pct,3392,237,0.06987028301886793,0.06176874478683318,0.07894500346337965,-0.01031214470636863,-0.017790983420384154,213,1214,19399,0.3442468767745599
3,year_2023,T+20,20,target_20pct,3392,218,0.06426886792452831,0.056498897895636245,0.0730246935463203,-0.010090397995434233,-0.017790983420384154,213,1214,19399,0.3442468767745599
3,year_2024,T+20,1,target_1pct,3086,2587,0.8383020090732339,0.8248926183256986,0.8508701780584267,-0.011005458319545306,0.01,176,1182,19399,0.3442468767745599
3,year_2024,T+20,2,target_2pct,3086,2394,0.7757615035644848,0.7607082266416946,0.7901290719434498,-0.009532764890250397,0.02,176,1182,19399,0.3442468767745599
3,year_2024,T+20,3,target_3pct,3086,2211,0.7164614387556708,0.7002975988497923,0.7320870256565256,-0.008171329994835906,0.03,176,1182,19399,0.3442468767745599
3,year_2024,T+20,4,target_4pct,3086,2041,0.6613739468567725,0.6444853571791984,0.6778612640844935,-0.006228231651564117,0.04,176,1182,19399,0.3442468767745599
3,year_2024,T+20,5,target_5pct,3086,1873,0.6069345430978613,0.5895787710481964,0.6240244117169007,-0.005260228286980625,0.05,176,1182,19399,0.3442468767745599
3,year_2024,T+20,6,target_6pct,3086,1738,0.5631885936487362,0.5456209798118626,0.5805990827311491,-0.003061207419881066,0.06,176,1182,19399,0.3442468767745599
3,year_2024,T+20,7,target_7pct,3086,1624,0.5262475696694751,0.5086089851627552,0.5438208869704959,-0.0009219216578446713,0.07,176,1182,19399,0.3442468767745599
3,year_2024,T+20,8,target_8pct,3086,1494,0.48412184057031754,0.4665202332139223,0.5017629305573209,0.00010650111605676758,0.0415637876550522,176,1182,19399,0.3442468767745599
3,year_2024,T+20,9,target_9pct,3086,1395,0.45204147764095914,0.4345520607434682,0.4696501481982459,0.001762763016662079,0.02457186768149877,176,1182,19399,0.3442468767745599
3,year_2024,T+20,10,target_10pct,3086,1283,0.415748541801685,0.3984748382800226,0.43323174499596157,0.0030918318780275887,0.019008109834383946,176,1182,19399,0.3442468767745599
3,year_2024,T+20,11,target_11pct,3086,1190,0.3856124432922878,0.368591408556068,0.4029179141224798,0.004333225044412767,0.012711931388063813,176,1182,19399,0.3442468767745599
3,year_2024,T+20,12,target_12pct,3086,1117,0.3619572261827609,0.3451829889981069,0.37907472052331337,0.006085854528829421,0.010413960756605167,176,1182,19399,0.3442468767745599
3,year_2024,T+20,13,target_13pct,3086,1043,0.33797796500324045,0.32149925315106986,0.3548595608412074,0.007257412071192964,0.007306897314448224,176,1182,19399,0.3442468767745599
3,year_2024,T+20,14,target_14pct,3086,970,0.31432274789371356,0.29818246039443563,0.33092474044071407,0.008681667403684824,0.005957276835517278,176,1182,19399,0.3442468767745599
3,year_2024,T+20,15,target_15pct,3086,903,0.29261179520414776,0.2768254110864194,0.3089138708236954,0.009876572619579192,0.0030834813161467745,176,1182,19399,0.3442468767745599
3,year_2024,T+20,16,target_16pct,3086,845,0.27381723914452366,0.25837272362762814,0.2898241807055908,0.011168872111765529,0.0018758730091881226,176,1182,19399,0.3442468767745599
3,year_2024,T+20,17,target_17pct,3086,797,0.25826312378483474,0.24312797127858257,0.273999379197895,0.01252473826154799,0.0012848208865937627,176,1182,19399,0.3442468767745599
3,year_2024,T+20,18,target_18pct,3086,753,0.2440051847051199,0.22917589925502138,0.25947102685277657,0.013746198867725339,0.0007579869661116234,176,1182,19399,0.3442468767745599
3,year_2024,T+20,19,target_19pct,3086,711,0.2303953337653921,0.2158790683026383,0.24558199818051094,0.015040608549101293,0.0005754623605230824,176,1182,19399,0.3442468767745599
3,year_2024,T+20,20,target_20pct,3086,674,0.21840570317563188,0.20418324387544526,0.23332837484313246,0.01625520855605467,0.0003082980968736049,176,1182,19399,0.3442468767745599
3,year_2025,T+20,1,target_1pct,3683,3375,0.9163725224002172,0.9069922246899239,0.9248851198642875,0.0030684387036282574,0.01,218,1610,19399,0.3442468767745599
3,year_2025,T+20,2,target_2pct,3683,3160,0.8579961987510182,0.8463496597028622,0.8688966909947105,0.008886063666442519,0.02,218,1610,19399,0.3442468767745599
3,year_2025,T+20,3,target_3pct,3683,2948,0.8004344284550639,0.7872162545011618,0.8130265115563765,0.013925132350798786,0.03,218,1610,19399,0.3442468767745599
3,year_2025,T+20,4,target_4pct,3683,2728,0.7407005158837904,0.7263009242534055,0.7545984992531536,0.01834517924588889,0.04,218,1610,19399,0.3442468767745599
3,year_2025,T+20,5,target_5pct,3683,2481,0.6736356231333153,0.6583182586008324,0.6885911394053092,0.02202478163846522,0.05,218,1610,19399,0.3442468767745599
3,year_2025,T+20,6,target_6pct,3683,2238,0.6076568015204996,0.5917829613113981,0.6233062901497984,0.024765834751639963,0.06,218,1610,19399,0.3442468767745599
3,year_2025,T+20,7,target_7pct,3683,2034,0.5522671734998642,0.5361612200650347,0.568264204667072,0.02759878369517409,0.07,218,1610,19399,0.3442468767745599
3,year_2025,T+20,8,target_8pct,3683,1849,0.5020363833831116,0.4858945696965131,0.5181739533449976,0.02991535741899507,0.08,218,1610,19399,0.3442468767745599
3,year_2025,T+20,9,target_9pct,3683,1671,0.4537062177572631,0.4376838847018166,0.4698250248211746,0.032144768521603265,0.049235993208828654,218,1610,19399,0.3442468767745599
3,year_2025,T+20,10,target_10pct,3683,1510,0.4099918544664676,0.39420920440398305,0.4259620771612462,0.033647660669582975,0.04159445407279039,218,1610,19399,0.3442468767745599
3,year_2025,T+20,11,target_11pct,3683,1360,0.3692641868042357,0.35382147500135397,0.38497934573366216,0.03518743717670273,0.038179148311306976,218,1610,19399,0.3442468767745599
3,year_2025,T+20,12,target_12pct,3683,1231,0.3342383926147163,0.3191830616840553,0.3496391627369776,0.036470116451832894,0.035910878112713096,218,1610,19399,0.3442468767745599
3,year_2025,T+20,13,target_13pct,3683,1129,0.30654357860439857,0.29186099443204466,0.3216293166244433,0.03772964957358769,0.034399999999999986,218,1610,19399,0.3442468767745599
3,year_2025,T+20,14,target_14pct,3683,1019,0.2766766223187619,0.2624669755840599,0.2913516641969386,0.03864976176145911,0.033068783068783025,218,1610,19399,0.3442468767745599
3,year_2025,T+20,15,target_15pct,3683,929,0.25224002172142274,0.23847680799353455,0.266519555289336,0.03976098863241329,0.032592592592592506,218,1610,19399,0.3442468767745599
3,year_2025,T+20,16,target_16pct,3683,843,0.22888949226174315,0.21560778008176432,0.2427361856584509,0.04056902624024639,0.032081377151799595,218,1610,19399,0.3442468767745599
3,year_2025,T+20,17,target_17pct,3683,760,0.20635351615530817,0.19359274374800617,0.2197262336661578,0.04089900358459068,0.03121387283236987,218,1610,19399,0.3442468767745599
3,year_2025,T+20,18,target_18pct,3683,692,0.1878903068150964,0.17560210025093187,0.20082893492020218,0.041168314951921074,0.03075531433740397,218,1610,19399,0.3442468767745599
3,year_2025,T+20,19,target_19pct,3683,628,0.17051316861254412,0.15871180412545516,0.18300116775812134,0.04152514375091629,0.03021718602455148,218,1610,19399,0.3442468767745599
3,year_2025,T+20,20,target_20pct,3683,575,0.15612272603855554,0.1447589619804741,0.1682031137430938,0.04172085917539282,0.02987697715289972,218,1610,19399,0.3442468767745599
3,year_2026,T+20,1,target_1pct,3493,2945,0.8431148010306327,0.8306773763296001,0.8547983398137906,-0.010679316187148543,0.01,131,1587,19399,0.3442468767745599
3,year_2026,T+20,2,target_2pct,3493,2746,0.7861437160034355,0.772235393623277,0.7994233283502892,-0.008891585465224163,0.02,131,1587,19399,0.3442468767745599
3,year_2026,T+20,3,target_3pct,3493,2515,0.7200114514743773,0.7048859016896997,0.7346535958957786,-0.008517918339322968,0.03,131,1587,19399,0.3442468767745599
3,year_2026,T+20,4,target_4pct,3493,2280,0.6527340395075866,0.6367849798000046,0.6683475146201029,-0.009004660988693484,0.04,131,1587,19399,0.3442468767745599
3,year_2026,T+20,5,target_5pct,3493,2092,0.598912109934154,0.5825580938231836,0.6150487980646273,-0.008367677164833392,0.05,131,1587,19399,0.3442468767745599
3,year_2026,T+20,6,target_6pct,3493,1905,0.5453764672201546,0.5288224266023405,0.5618308074474948,-0.008857862792508615,0.06,131,1587,19399,0.3442468767745599
3,year_2026,T+20,7,target_7pct,3493,1757,0.503006012024048,0.4864305062271725,0.519574913063195,-0.008440750381231476,0.07,131,1587,19399,0.3442468767745599
3,year_2026,T+20,8,target_8pct,3493,1608,0.46034926996850845,0.44387246200855246,0.47691319782802694,-0.0077927890543269575,0.026011560693641522,131,1587,19399,0.3442468767745599
3,year_2026,T+20,9,target_9pct,3493,1468,0.4202691096478672,0.4039960242871123,0.4367173783445654,-0.007726270825191606,0.013413057530704542,131,1587,19399,0.3442468767745599
3,year_2026,T+20,10,target_10pct,3493,1342,0.38419696535929,0.36820179306175127,0.4004465780855148,-0.007459098718578871,0.005806451612903274,131,1587,19399,0.3442468767745599
3,year_2026,T+20,11,target_11pct,3493,1242,0.3555682794159748,0.33986013550232796,0.3715937662128655,-0.007023516493271918,0.001616379310344973,131,1587,19399,0.3442468767745599
3,year_2026,T+20,12,target_12pct,3493,1153,0.33008874892642426,0.31468802809766566,0.3458627958229832,-0.006405291415332152,-0.0018691588785045843,131,1587,19399,0.3442468767745599
3,year_2026,T+20,13,target_13pct,3493,1045,0.29916976810764384,0.2842118849121391,0.31456891202187126,-0.00655118738344332,-0.005037783375314908,131,1587,19399,0.3442468767745599
3,year_2026,T+20,14,target_14pct,3493,940,0.2691096478671629,0.25466140121673364,0.2840652028136005,-0.007188686736338998,-0.008105369807497431,131,1587,19399,0.3442468767745599
3,year_2026,T+20,15,target_15pct,3493,862,0.24677927283137704,0.23276470756212103,0.26135021031119643,-0.0067407307713595955,-0.009769094138543544,131,1587,19399,0.3442468767745599
3,year_2026,T+20,16,target_16pct,3493,803,0.22988834812482106,0.21623581314482546,0.24413436776356912,-0.006154288944546783,-0.010989010989011061,131,1587,19399,0.3442468767745599
3,year_2026,T+20,17,target_17pct,3493,736,0.21070712854279988,0.1975043169072675,0.2245455694816384,-0.0061114499209339625,-0.01225490196078427,131,1587,19399,0.3442468767745599
3,year_2026,T+20,18,target_18pct,3493,680,0.19467506441454338,0.18188242932749596,0.2081385541794493,-0.00612578166901126,-0.013513513513513375,131,1587,19399,0.3442468767745599
3,year_2026,T+20,19,target_19pct,3493,608,0.17406241053535643,0.1618480183674156,0.1869929471484373,-0.006516600921148725,-0.014970059880239472,131,1587,19399,0.3442468767745599
3,year_2026,T+20,20,target_20pct,3493,555,0.15888920698539938,0.14714124460140326,0.17138665211545118,-0.007021480229723743,-0.015717092337917515,131,1587,19399,0.3442468767745599
4,full_period,T+20,1,target_1pct,19035,16568,0.8703966377725243,0.8655503903628687,0.8750934101507086,-0.004957716397241661,0.01,1161,2436,19213,0.3409461953435548
4,full_period,T+20,2,target_2pct,19035,15393,0.8086682427107958,0.803018152060331,0.8141937690683158,-0.002109122123178943,0.02,1161,2436,19213,0.3409461953435548
4,full_period,T+20,3,target_3pct,19035,14167,0.744260572629367,0.7380138669496962,0.7504087059866741,2.835762313720707e-05,0.03,1161,2436,19213,0.3409461953435548
4,full_period,T+20,4,target_4pct,19035,13027,0.6843708957184135,0.6777316715160155,0.6909357163149753,0.0022275551180830295,0.04,1161,2436,19213,0.3409461953435548
4,full_period,T+20,5,target_5pct,19035,11859,0.62301024428684,0.616101262910594,0.6298695843913763,0.003616599204749978,0.05,1161,2436,19213,0.3409461953435548
4,full_period,T+20,6,target_6pct,19035,10816,0.5682164433937483,0.561166666578181,0.5752386911931657,0.004971536803213388,0.06,1161,2436,19213,0.3409461953435548
4,full_period,T+20,7,target_7pct,19035,9880,0.5190438665615971,0.511942765177252,0.526137282718099,0.006333183953427169,0.07,1161,2436,19213,0.3409461953435548
4,full_period,T+20,8,target_8pct,19035,9008,0.4732335172051484,0.4661466890323547,0.4803311470981795,0.0075243520060298595,0.041005291005290934,1161,2436,19213,0.3409461953435548
4,full_period,T+20,9,target_9pct,19035,8192,0.43036511688993956,0.4233459590262856,0.4374123761867138,0.008424270796353949,0.02871500358937551,1161,2436,19213,0.3409461953435548
4,full_period,T+20,10,target_10pct,19035,7444,0.3910690832676648,0.38415921953215965,0.39802290650643285,0.009242498285598201,0.021666666666666723,1161,2436,19213,0.3409461953435548
4,full_period,T+20,11,target_11pct,19035,6770,0.35566062516417124,0.34888965384214826,0.36248984521308825,0.01002163031910746,0.017048222113979605,1161,2436,19213,0.3409461953435548
4,full_period,T+20,12,target_12pct,19035,6159,0.3235618597320725,0.3169518524657077,0.330243069309365,0.010682933038744135,0.013973799126637543,1161,2436,19213,0.3409461953435548
4,full_period,T+20,13,target_13pct,19035,5630,0.29577094825321776,0.289329107883992,0.30229520606586496,0.011532001294333044,0.012145748987854255,1161,2436,19213,0.3409461953435548
4,full_period,T+20,14,target_14pct,19035,5107,0.2682952456002101,0.26204806377079687,0.2746359328017676,0.011998366913441074,0.010344827586207028,1161,2436,19213,0.3409461953435548
4,full_period,T+20,15,target_15pct,19035,4651,0.24433937483582874,0.23828700452466015,0.25049491800575263,0.012441511915914862,0.008936170212765937,1161,2436,19213,0.3409461953435548
4,full_period,T+20,16,target_16pct,19035,4257,0.22364066193853427,0.21777724064151183,0.22961560914195395,0.012843986898653386,0.008075370121130465,1161,2436,19213,0.3409461953435548
4,full_period,T+20,17,target_17pct,19035,3885,0.2040977147360126,0.1984319875216342,0.20988285449060246,0.013263035954157093,0.007374631268436627,1161,2436,19213,0.3409461953435548
4,full_period,T+20,18,target_18pct,19035,3574,0.18775939059627003,0.18227476976504534,0.19337001736317994,0.013632548682481913,0.006664957703153229,1161,2436,19213,0.3409461953435548
4,full_period,T+20,19,target_19pct,19035,3253,0.17089571841344892,0.16561476348742848,0.17630948467691362,0.013865274040790266,0.006163328197226425,1161,2436,19213,0.3409461953435548
4,full_period,T+20,20,target_20pct,19035,2988,0.15697399527186762,0.1518753694352313,0.1622110506125094,0.014209198442455743,0.005813953488371881,1161,2436,19213,0.3409461953435548
4,selection_2021_2023,T+20,1,target_1pct,8858,7696,0.8688191465342063,0.8616284383088213,0.8756900892532149,-0.004482201550729774,0.01,632,1738,19213,0.3409461953435548
4,selection_2021_2023,T+20,2,target_2pct,8858,7123,0.8041318582072703,0.7957359301623447,0.8122641045031361,-0.0018205945895963162,0.02,632,1738,19213,0.3409461953435548
4,selection_2021_2023,T+20,3,target_3pct,8858,6492,0.732896816437119,0.7235832793170824,0.742008432455333,-0.0003493825127143822,0.03,632,1738,19213,0.3409461953435548
4,selection_2021_2023,T+20,4,target_4pct,8858,5928,0.6692255588168887,0.6593559806152586,0.6789484187773012,0.0013273283258644695,0.04,632,1738,19213,0.3409461953435548
4,selection_2021_2023,T+20,5,target_5pct,8858,5357,0.6047640550914427,0.5945393003388676,0.614897979605292,0.0022616330230361297,0.05,632,1738,19213,0.3409461953435548
4,selection_2021_2023,T+20,6,target_6pct,8858,4840,0.5463987356062316,0.5360132026459967,0.556744040949962,0.003165584247702724,0.06,632,1738,19213,0.3409461953435548
4,selection_2021_2023,T+20,7,target_7pct,8858,4376,0.4940167080605103,0.483609726774616,0.5044288768492629,0.004101398831642017,0.04972550067315207,632,1738,19213,0.3409461953435548
4,selection_2021_2023,T+20,8,target_8pct,8858,3977,0.44897268006321966,0.4386388110368321,0.4593507896800211,0.004785359823910695,0.027942440013391523,632,1738,19213,0.3409461953435548
4,selection_2021_2023,T+20,9,target_9pct,8858,3586,0.40483179047188983,0.39465295426161395,0.41509313734083586,0.005307441125909053,0.01787186877225344,632,1738,19213,0.3409461953435548
4,selection_2021_2023,T+20,10,target_10pct,8858,3221,0.3636261006999323,0.35366942545298,0.373701011861088,0.005437271061906336,0.011402903918516949,632,1738,19213,0.3409461953435548
4,selection_2021_2023,T+20,11,target_11pct,8858,2893,0.32659742605554304,0.3169080800748675,0.3364371117416958,0.005659733449575062,0.007818919566148663,632,1738,19213,0.3409461953435548
4,selection_2021_2023,T+20,12,target_12pct,8858,2608,0.29442312034319257,0.28502212534205884,0.3040023501123433,0.005863773165832602,0.00487837123215229,632,1738,19213,0.3409461953435548
4,selection_2021_2023,T+20,13,target_13pct,8858,2366,0.267103183562881,0.257991567544667,0.2764167206829176,0.006425998819090496,0.0032590984868904327,632,1738,19213,0.3409461953435548
4,selection_2021_2023,T+20,14,target_14pct,8858,2138,0.24136373899300068,0.2325657842690069,0.2503859308688489,0.006667967935700727,0.00172172790355829,632,1738,19213,0.3409461953435548
4,selection_2021_2023,T+20,15,target_15pct,8858,1915,0.21618875592684578,0.20774020320543482,0.22488337246308082,0.0065641510174060365,0.0005750651234873727,632,1738,19213,0.3409461953435548
4,selection_2021_2023,T+20,16,target_16pct,8858,1739,0.1963197109957101,0.1881800764476939,0.20472263578313632,0.006960972699371783,0.0,632,1738,19213,0.3409461953435548
4,selection_2021_2023,T+20,17,target_17pct,8858,1571,0.17735380447053511,0.16953962644019005,0.18544771614557679,0.0070364521286942604,-0.0006962924185801023,632,1738,19213,0.3409461953435548
4,selection_2021_2023,T+20,18,target_18pct,8858,1425,0.16087152856175208,0.1533673663119094,0.16866971455850469,0.007181711945256446,-0.0012785680364938434,632,1738,19213,0.3409461953435548
4,selection_2021_2023,T+20,19,target_19pct,8858,1289,0.14551817566041997,0.13832840874395894,0.15301527765188006,0.007469570630572666,-0.001464674580521741,632,1738,19213,0.3409461953435548
4,selection_2021_2023,T+20,20,target_20pct,8858,1170,0.13208399187175435,0.1251921838942415,0.13929478233634424,0.007651387446143634,-0.001751287982255656,632,1738,19213,0.3409461953435548
4,audit_2024_present,T+20,1,target_1pct,10177,8872,0.8717696767220202,0.8651331590434328,0.8781256300924278,-0.005371601678798336,0.01,529,2202,19213,0.3409461953435548
4,audit_2024_present,T+20,2,target_2pct,10177,8270,0.8126166846811438,0.8049177467732387,0.8200796994103853,-0.002360254764672006,0.02,529,2202,19213,0.3409461953435548
4,audit_2024_present,T+20,3,target_3pct,10177,7675,0.7541515181291146,0.7456908120987145,0.7624204230274659,0.0003571403806662805,0.03,529,2202,19213,0.3409461953435548
4,audit_2024_present,T+20,4,target_4pct,10177,7099,0.6975533064753857,0.6885561401651047,0.706401384760929,0.003011107139845042,0.04,529,2202,19213,0.3409461953435548
4,audit_2024_present,T+20,5,target_5pct,10177,6502,0.6388916183551144,0.6295087407839637,0.6481696782575426,0.00479595367439931,0.05,529,2202,19213,0.3409461953435548
4,audit_2024_present,T+20,6,target_6pct,10177,5976,0.5872064459074383,0.5776097799042611,0.5967372996141944,0.006543427118307568,0.06,529,2202,19213,0.3409461953435548
4,audit_2024_present,T+20,7,target_7pct,10177,5504,0.5408273558022993,0.5311317996576265,0.5504921006690421,0.008275716390174038,0.07,529,2202,19213,0.3409461953435548
4,audit_2024_present,T+20,8,target_8pct,10177,5031,0.4943500049130392,0.48464018509831047,0.504064088623029,0.009908354437906794,0.06346153846153846,529,2202,19213,0.3409461953435548
4,audit_2024_present,T+20,9,target_9pct,10177,4606,0.45258917166158985,0.4429382354541637,0.4622758875118589,0.01113714072077184,0.03849303849303842,529,2202,19213,0.3409461953435548
4,audit_2024_present,T+20,10,target_10pct,10177,4223,0.4149552913432249,0.4054162817951867,0.4245584817842799,0.012554545327699266,0.03126122888968741,529,2202,19213,0.3409461953435548
4,audit_2024_present,T+20,11,target_11pct,10177,3877,0.3809570600373391,0.3715685943326638,0.39043536416129787,0.013818199295261329,0.026651860077734346,529,2202,19213,0.3409461953435548
4,audit_2024_present,T+20,12,target_12pct,10177,3551,0.3489240444138744,0.3397222713592212,0.3582398303200741,0.014877501001233116,0.02304147465437789,529,2202,19213,0.3409461953435548
4,audit_2024_present,T+20,13,target_13pct,10177,3264,0.320723199371131,0.31172382023128925,0.32985787376147446,0.01597623534421989,0.02045556240937585,529,2202,19213,0.3409461953435548
4,audit_2024_present,T+20,14,target_14pct,10177,2969,0.2917362680554191,0.2829845802354068,0.30064512676249006,0.016637914338499937,0.018587360594795488,529,2202,19213,0.3409461953435548
4,audit_2024_present,T+20,15,target_15pct,10177,2736,0.26884150535521273,0.26031600784681536,0.2775414517958137,0.017557131729120243,0.017335766423357768,529,2202,19213,0.3409461953435548
4,audit_2024_present,T+20,16,target_16pct,10177,2518,0.24742065441682223,0.2391332134591903,0.2558987100312999,0.017964527311077127,0.016105417276720546,529,2202,19213,0.3409461953435548
4,audit_2024_present,T+20,17,target_17pct,10177,2314,0.22737545445612656,0.2193358786699148,0.23562077245802335,0.01868261731663619,0.015285655328310721,529,2202,19213,0.3409461953435548
4,audit_2024_present,T+20,18,target_18pct,10177,2149,0.2111624250761521,0.20334261545792784,0.21920021243559323,0.019247318439614976,0.014424951267056674,529,2202,19213,0.3409461953435548
4,audit_2024_present,T+20,19,target_19pct,10177,1964,0.1929841800137565,0.18543320064347085,0.2007668557447947,0.01943205607947627,0.013812154696132506,529,2202,19213,0.3409461953435548
4,audit_2024_present,T+20,20,target_20pct,10177,1818,0.17863810553208215,0.17131759735844215,0.18620113665270285,0.019917077955606245,0.013390392048592048,529,2202,19213,0.3409461953435548
4,year_2021,T+20,1,target_1pct,2246,2003,0.8918076580587712,0.8782856895494822,0.9039916049942759,-0.0020786962534128767,0.01,219,949,19213,0.3409461953435548
4,year_2021,T+20,2,target_2pct,2246,1872,0.8334817453250223,0.817507529366851,0.8483171224664159,0.0013245038516334151,0.02,219,949,19213,0.3409461953435548
4,year_2021,T+20,3,target_3pct,2246,1731,0.7707034728406055,0.7528641915167121,0.7876183028953389,0.004041812219706166,0.03,219,949,19213,0.3409461953435548
4,year_2021,T+20,4,target_4pct,2246,1610,0.7168299198575245,0.6978389101787014,0.735080456233583,0.007282132768281025,0.04,219,949,19213,0.3409461953435548
4,year_2021,T+20,5,target_5pct,2246,1481,0.6593944790739091,0.6395374504847353,0.6787071761592025,0.009566861283292559,0.05,219,949,19213,0.3409461953435548
4,year_2021,T+20,6,target_6pct,2246,1355,0.6032947462154942,0.5829023637464846,0.6233343775423242,0.011278846138321441,0.06,219,949,19213,0.3409461953435548
4,year_2021,T+20,7,target_7pct,2246,1250,0.5565449688334817,0.5359197950330159,0.5769770417931855,0.01356010865752007,0.07,219,949,19213,0.3409461953435548
4,year_2021,T+20,8,target_8pct,2246,1166,0.5191451469278717,0.49846664096309456,0.5397582722930209,0.015650067460139274,0.08,219,949,19213,0.3409461953435548
4,year_2021,T+20,9,target_9pct,2246,1057,0.47061442564559214,0.45003931190381374,0.49128989100540427,0.016505176813141672,0.04533690370574961,219,949,19213,0.3409461953435548
4,year_2021,T+20,10,target_10pct,2246,955,0.42520035618878005,0.4048992394506661,0.4457569134091618,0.01686087403039754,0.03345372690160375,219,949,19213,0.3409461953435548
4,year_2021,T+20,11,target_11pct,2246,881,0.39225289403383795,0.3722605182448969,0.4126132257555695,0.01772162784671473,0.024804150773142908,219,949,19213,0.3409461953435548
4,year_2021,T+20,12,target_12pct,2246,797,0.354853072128228,0.33532812631422815,0.3748736941161523,0.01823421569791074,0.02074883879007583,219,949,19213,0.3409461953435548
4,year_2021,T+20,13,target_13pct,2246,731,0.3254674977738201,0.3064018808705983,0.3451291424690003,0.019070892030190974,0.017958140787571186,219,949,19213,0.3409461953435548
4,year_2021,T+20,14,target_14pct,2246,666,0.2965271593944791,0.2779986056168356,0.31575057210305363,0.019622020750323287,0.014943081080526888,219,949,19213,0.3409461953435548
4,year_2021,T+20,15,target_15pct,2246,605,0.26936776491540515,0.2514256571350277,0.28809748084944187,0.01981844960742,0.012501469493058193,219,949,19213,0.3409461953435548
4,year_2021,T+20,16,target_16pct,2246,554,0.2466607301869991,0.2292755328681407,0.26491108009163383,0.020317840782100575,0.011396163091115574,219,949,19213,0.3409461953435548
4,year_2021,T+20,17,target_17pct,2246,507,0.2257346393588602,0.20892135933639414,0.2434845344829752,0.020460882123127112,0.010294190530968472,219,949,19213,0.3409461953435548
4,year_2021,T+20,18,target_18pct,2246,466,0.20747996438112198,0.19121588498424877,0.22474299852114998,0.021033953124926095,0.009659490448150287,219,949,19213,0.3409461953435548
4,year_2021,T+20,19,target_19pct,2246,422,0.18788958147818344,0.17227239622394747,0.2045726225542634,0.021184503962506193,0.008494898231207082,219,949,19213,0.3409461953435548
4,year_2021,T+20,20,target_20pct,2246,390,0.1736420302760463,0.15853658391971814,0.18986198778417426,0.02167865245087139,0.00817758125379564,219,949,19213,0.3409461953435548
4,year_2022,T+20,1,target_1pct,3087,2672,0.8655652737285391,0.8530762740318422,0.877145552929462,-0.007358252605011144,0.01,198,1201,19213,0.3409461953435548
4,year_2022,T+20,2,target_2pct,3087,2489,0.8062844185293165,0.791965555757856,0.8198419208853989,-0.004918068032889999,0.02,198,1201,19213,0.3409461953435548
4,year_2022,T+20,3,target_3pct,3087,2288,0.7411726595400064,0.7254287469364629,0.7563170662427048,-0.003611285920342689,0.03,198,1201,19213,0.3409461953435548
4,year_2022,T+20,4,target_4pct,3087,2118,0.6861030126336248,0.6695092179421493,0.7022341933022185,-0.0012079185447860608,0.04,198,1201,19213,0.3409461953435548
4,year_2022,T+20,5,target_5pct,3087,1950,0.6316812439261419,0.6145117129120766,0.6485234423026066,0.0004328335188938978,0.05,198,1201,19213,0.3409461953435548
4,year_2022,T+20,6,target_6pct,3087,1807,0.5853579527048914,0.5678829248864452,0.6026207981124946,0.0024285143159297933,0.06,198,1201,19213,0.3409461953435548
4,year_2022,T+20,7,target_7pct,3087,1662,0.5383867832847424,0.5207636565905125,0.5559144882875685,0.003637573159358466,0.07,198,1201,19213,0.3409461953435548
4,year_2022,T+20,8,target_8pct,3087,1520,0.49238743116294137,0.4747715561036913,0.5100222295112041,0.004575097327199816,0.05682656826568255,198,1201,19213,0.3409461953435548
4,year_2022,T+20,9,target_9pct,3087,1402,0.4541626174279236,0.4366663476572731,0.4717728295558201,0.0055925698252741966,0.03549295774647887,198,1201,19213,0.3409461953435548
4,year_2022,T+20,10,target_10pct,3087,1287,0.41690962099125367,0.399630312972792,0.4343954746961718,0.006536925431182747,0.02676399026763998,198,1201,19213,0.3409461953435548
4,year_2022,T+20,11,target_11pct,3087,1170,0.37900874635568516,0.3620549625550884,0.3962632896646308,0.006882193608403041,0.018018018018018056,198,1201,19213,0.3409461953435548
4,year_2022,T+20,12,target_12pct,3087,1066,0.3453190800129576,0.3287475743642201,0.3622750907895039,0.0073443937133908085,0.01423877327491807,198,1201,19213,0.3409461953435548
4,year_2022,T+20,13,target_13pct,3087,975,0.31584062196307094,0.2996797497025341,0.332459276768444,0.008189661787521979,0.01097560975609757,198,1201,19213,0.3409461953435548
4,year_2022,T+20,14,target_14pct,3087,900,0.2915451895043732,0.27577981445504135,0.30782874057411325,0.009016295250469519,0.009231783712495778,198,1201,19213,0.3409461953435548
4,year_2022,T+20,15,target_15pct,3087,812,0.26303854875283444,0.247808198544843,0.27885793665923864,0.00892643883053158,0.007692307692307665,198,1201,19213,0.3409461953435548
4,year_2022,T+20,16,target_16pct,3087,748,0.24230644638807905,0.2275174250872335,0.2577360411531588,0.009911829002431134,0.006764374295377573,198,1201,19213,0.3409461953435548
4,year_2022,T+20,17,target_17pct,3087,676,0.21898283122772919,0.20474807498092895,0.23391613867531277,0.010119290353682092,0.005374738727978556,198,1201,19213,0.3409461953435548
4,year_2022,T+20,18,target_18pct,3087,614,0.19889860706187237,0.18519517391339568,0.213350516684272,0.010204016312150996,0.004258339247693366,198,1201,19213,0.3409461953435548
4,year_2022,T+20,19,target_19pct,3087,565,0.1830255911888565,0.16978129352283136,0.19705782239951164,0.010951993804160601,0.003872752420470249,198,1201,19213,0.3409461953435548
4,year_2022,T+20,20,target_20pct,3087,516,0.16715257531584063,0.15440579350965117,0.18072674773736716,0.011291858545640772,0.003432494279176135,198,1201,19213,0.3409461953435548
4,year_2023,T+20,1,target_1pct,3525,3021,0.8570212765957447,0.8450763539878509,0.8681888716317973,-0.0034949400736254237,0.01,215,1221,19213,0.3409461953435548
4,year_2023,T+20,2,target_2pct,3525,2762,0.7835460992907801,0.7696459347525628,0.7968289107038045,-0.0011119394348599694,0.02,215,1221,19213,0.3409461953435548
4,year_2023,T+20,3,target_3pct,3525,2473,0.7015602836879432,0.6862419122883708,0.716439806267656,-0.00029069529276203114,0.03,215,1221,19213,0.3409461953435548
4,year_2023,T+20,4,target_4pct,3525,2200,0.624113475177305,0.6079969304458487,0.6399597928029364,-0.0002466244934176299,0.04,215,1221,19213,0.3409461953435548
4,year_2023,T+20,5,target_5pct,3525,1926,0.5463829787234042,0.529906353445213,0.5627586162717615,-0.0007914275736302169,0.05,215,1221,19213,0.3409461953435548
4,year_2023,T+20,6,target_6pct,3525,1678,0.47602836879432625,0.45957622446435786,0.492532705559591,-0.0013584019443388634,0.027472527472527597,215,1221,19213,0.3409461953435548
4,year_2023,T+20,7,target_7pct,3525,1464,0.4153191489361702,0.3991522020175471,0.4316704679487103,-0.0015191493722112534,0.010958904109588996,215,1221,19213,0.3409461953435548
4,year_2023,T+20,8,target_8pct,3525,1291,0.36624113475177306,0.3504901651092556,0.38228333200662507,-0.0019530949345638858,0.0026572187776794376,215,1221,19213,0.3409461953435548
4,year_2023,T+20,9,target_9pct,3525,1127,0.31971631205673756,0.30452384562294216,0.3353013026636796,-0.0020770430296837604,-0.000685871056241516,215,1221,19213,0.3409461953435548
4,year_2023,T+20,10,target_10pct,3525,979,0.2777304964539007,0.2631929694881083,0.29275196156235306,-0.0028044439182887083,-0.004638967325534371,215,1221,19213,0.3409461953435548
4,year_2023,T+20,11,target_11pct,3525,842,0.23886524822695035,0.22507817290925736,0.25322088137529875,-0.003096223806106542,-0.006550129733708054,215,1221,19213,0.3409461953435548
4,year_2023,T+20,12,target_12pct,3525,745,0.21134751773049645,0.19818766031364102,0.22513584618775592,-0.0033148621695885854,-0.008196653136480991,215,1221,19213,0.3409461953435548
4,year_2023,T+20,13,target_13pct,3525,660,0.18723404255319148,0.17469894124374138,0.20045011616932015,-0.0031753792619533786,-0.008670520231213952,215,1221,19213,0.3409461953435548
4,year_2023,T+20,14,target_14pct,3525,572,0.1622695035460993,0.15046665435307863,0.17480767929794155,-0.003642411934464814,-0.009812286689419691,215,1221,19213,0.3409461953435548
4,year_2023,T+20,15,target_15pct,3525,498,0.14127659574468085,0.1301683170581658,0.15316590797477414,-0.003949760220123017,-0.010738490269192047,215,1221,19213,0.3409461953435548
4,year_2023,T+20,16,target_16pct,3525,437,0.12397163120567375,0.11350001222065727,0.13526196111359493,-0.004133727760586538,-0.010928961748633781,215,1221,19213,0.3409461953435548
4,year_2023,T+20,17,target_17pct,3525,388,0.1100709219858156,0.10016016922754296,0.12083065110284533,-0.0042168787558542874,-0.011111111111111072,215,1221,19213,0.3409461953435548
4,year_2023,T+20,18,target_18pct,3525,345,0.09787234042553192,0.08849632443270897,0.10812389224122732,-0.004291192244854619,-0.011475409836065653,215,1221,19213,0.3409461953435548
4,year_2023,T+20,19,target_19pct,3525,302,0.08567375886524822,0.07687927414369951,0.09537033887378475,-0.004318792660317732,-0.011494252873563204,215,1221,19213,0.3409461953435548
4,year_2023,T+20,20,target_20pct,3525,264,0.0748936170212766,0.06665931068803042,0.08405348979584508,-0.004474391698470893,-0.011624606009605798,215,1221,19213,0.3409461953435548
4,year_2024,T+20,1,target_1pct,3072,2622,0.853515625,0.8405701723215202,0.8655780246467503,-0.009096750353886072,0.01,178,1170,19213,0.3409461953435548
4,year_2024,T+20,2,target_2pct,3072,2450,0.7975260416666666,0.7829481846010846,0.8113607030867598,-0.007038968014597334,0.02,178,1170,19213,0.3409461953435548
4,year_2024,T+20,3,target_3pct,3072,2257,0.7347005208333334,0.7188020187168864,0.750012760301643,-0.005766814745005674,0.03,178,1170,19213,0.3409461953435548
4,year_2024,T+20,4,target_4pct,3072,2094,0.681640625,0.6649491371975675,0.6978783894214885,-0.003965844492258184,0.04,178,1170,19213,0.3409461953435548
4,year_2024,T+20,5,target_5pct,3072,1920,0.625,0.6077339667632654,0.6419537934907087,-0.002527751484516656,0.05,178,1170,19213,0.3409461953435548
4,year_2024,T+20,6,target_6pct,3072,1784,0.5807291666666666,0.5631895835945946,0.5980670949027637,-0.0009865332725739237,0.06,178,1170,19213,0.3409461953435548
4,year_2024,T+20,7,target_7pct,3072,1662,0.541015625,0.5233535699740899,0.5585752263592453,0.0013585931459263935,0.07,178,1170,19213,0.3409461953435548
4,year_2024,T+20,8,target_8pct,3072,1543,0.5022786458333334,0.4846056762639761,0.5199459235323204,0.0032688035519711565,0.08,178,1170,19213,0.3409461953435548
4,year_2024,T+20,9,target_9pct,3072,1429,0.4651692708333333,0.4475853390603234,0.48284020691057444,0.004375928614945336,0.035667169242367125,178,1170,19213,0.3409461953435548
4,year_2024,T+20,10,target_10pct,3072,1339,0.4358723958333333,0.4184279342389851,0.4534770429223875,0.0066490670805340645,0.028886861973052014,178,1170,19213,0.3409461953435548
4,year_2024,T+20,11,target_11pct,3072,1240,0.4036458333333333,0.3864266620038198,0.42110568946707516,0.008294218170035108,0.021482194534018118,178,1170,19213,0.3409461953435548
4,year_2024,T+20,12,target_12pct,3072,1148,0.3736979166666667,0.356757681443835,0.39095364413287875,0.009787523198670102,0.01603519982849977,178,1170,19213,0.3409461953435548
4,year_2024,T+20,13,target_13pct,3072,1069,0.3479817708333333,0.33133676309279,0.36500650764000714,0.010942831412983337,0.013313973642173238,178,1170,19213,0.3409461953435548
4,year_2024,T+20,14,target_14pct,3072,984,0.3203125,0.30404558440221696,0.33702826023269533,0.01198799010653868,0.010756178294822782,178,1170,19213,0.3409461953435548
4,year_2024,T+20,15,target_15pct,3072,914,0.2975260416666667,0.28162028036727216,0.3139375663046761,0.013288648621444236,0.007937037073979414,178,1170,19213,0.3409461953435548
4,year_2024,T+20,16,target_16pct,3072,865,0.2815755208333333,0.26595092591788344,0.29774572217998996,0.014931768079857058,0.006959548946153471,178,1170,19213,0.3409461953435548
4,year_2024,T+20,17,target_17pct,3072,820,0.2669270833333333,0.2515824118029557,0.2828539518901551,0.0167432401708005,0.006700754084108529,178,1170,19213,0.3409461953435548
4,year_2024,T+20,18,target_18pct,3072,773,0.2516276041666667,0.2365986737508103,0.26727694845288186,0.017920779686583704,0.006192120716935978,178,1170,19213,0.3409461953435548
4,year_2024,T+20,19,target_19pct,3072,728,0.23697916666666666,0.22227621092891298,0.2523391268700166,0.01917947768867539,0.006054979050915121,178,1170,19213,0.3409461953435548
4,year_2024,T+20,20,target_20pct,3072,694,0.22591145833333334,0.21147104111782664,0.241036526241949,0.02063288916305687,0.006054979050915121,178,1170,19213,0.3409461953435548
4,year_2025,T+20,1,target_1pct,3640,3336,0.9164835164835164,0.9070506354313571,0.9250382237550574,0.0035042569164592816,0.01,220,1588,19213,0.3409461953435548
4,year_2025,T+20,2,target_2pct,3640,3144,0.8637362637362638,0.8522069098439312,0.8744986637463148,0.009322853498445376,0.02,220,1588,19213,0.3409461953435548
4,year_2025,T+20,3,target_3pct,3640,2941,0.807967032967033,0.794848511250745,0.8204361926727187,0.014514961240987449,0.03,220,1588,19213,0.3409461953435548
4,year_2025,T+20,4,target_4pct,3640,2720,0.7472527472527473,0.7328788137805405,0.7611053374514999,0.019308742733625584,0.04,220,1588,19213,0.3409461953435548
4,year_2025,T+20,5,target_5pct,3640,2495,0.6854395604395604,0.6701658577262795,0.7003222556977509,0.023277483282331455,0.05,220,1588,19213,0.3409461953435548
4,year_2025,T+20,6,target_6pct,3640,2274,0.6247252747252747,0.6088716746242222,0.6403158861083849,0.026606770104198752,0.06,220,1588,19213,0.3409461953435548
4,year_2025,T+20,7,target_7pct,3640,2087,0.5733516483516483,0.5572150039516667,0.5893336275805052,0.029749454995040274,0.07,220,1588,19213,0.3409461953435548
4,year_2025,T+20,8,target_8pct,3640,1884,0.5175824175824176,0.5013391340090098,0.5337886278563799,0.03221885811302944,0.08,220,1588,19213,0.3409461953435548
4,year_2025,T+20,9,target_9pct,3640,1717,0.4717032967032967,0.45552434388063,0.4879419143672586,0.034395912763531954,0.056650061274847396,220,1588,19213,0.3409461953435548
4,year_2025,T+20,10,target_10pct,3640,1548,0.42527472527472526,0.40930086511245595,0.44140614695963837,0.03624182658431134,0.046959679874733595,220,1588,19213,0.3409461953435548
4,year_2025,T+20,11,target_11pct,3640,1405,0.385989010989011,0.37030166466818776,0.4019167544859269,0.03793894066627824,0.041787931703531345,220,1588,19213,0.3409461953435548
4,year_2025,T+20,12,target_12pct,3640,1277,0.3508241758241758,0.33548526885181523,0.3664776265715203,0.03947010043221758,0.039162876576564365,220,1588,19213,0.3409461953435548
4,year_2025,T+20,13,target_13pct,3640,1163,0.3195054945054945,0.3045545217756999,0.33483704782491047,0.040987539158808095,0.03796218950755337,220,1588,19213,0.3409461953435548
4,year_2025,T+20,14,target_14pct,3640,1050,0.28846153846153844,0.2739726366672449,0.30339647838978706,0.0420369512480644,0.0364507410106899,220,1588,19213,0.3409461953435548
4,year_2025,T+20,15,target_15pct,3640,960,0.26373626373626374,0.24967521409434945,0.2782954858394786,0.04300712324710727,0.03514510674134763,220,1588,19213,0.3409461953435548
4,year_2025,T+20,16,target_16pct,3640,874,0.24010989010989012,0.22651180837843946,0.25425596154877145,0.04363314338965103,0.033962014698105225,220,1588,19213,0.3409461953435548
4,year_2025,T+20,17,target_17pct,3640,792,0.2175824175824176,0.20447985523695306,0.23128046980022748,0.044131574336536535,0.03345416335057694,220,1588,19213,0.3409461953435548
4,year_2025,T+20,18,target_18pct,3640,739,0.20302197802197802,0.19027048387055118,0.21639966337185362,0.04526445718462113,0.03342260349012882,220,1588,19213,0.3409461953435548
4,year_2025,T+20,19,target_19pct,3640,658,0.18076923076923077,0.16860609831581297,0.1936054753157082,0.04540568893132787,0.03290093735088939,220,1588,19213,0.3409461953435548
4,year_2025,T+20,20,target_20pct,3640,593,0.16291208791208792,0.15127167111372924,0.17526326937325568,0.045623454334579296,0.03240791747913807,220,1588,19213,0.3409461953435548
4,year_2026,T+20,1,target_1pct,3465,2914,0.8409812409812409,0.8284280244862376,0.8527792119583436,-0.011393093325802146,0.01,131,1569,19213,0.3409461953435548
4,year_2026,T+20,2,target_2pct,3465,2676,0.7722943722943723,0.7580341640741519,0.7859514707844706,-0.010485365002471908,0.02,131,1569,19213,0.3409461953435548
4,year_2026,T+20,3,target_3pct,3465,2477,0.7148629148629149,0.6995985080533381,0.7296514179161844,-0.009086345271716055,0.03,131,1569,19213,0.3409461953435548
4,year_2026,T+20,4,target_4pct,3465,2285,0.6594516594516594,0.6435036122168744,0.6750465343219586,-0.007924014980657144,0.04,131,1569,19213,0.3409461953435548
4,year_2026,T+20,5,target_5pct,3465,2087,0.6023088023088023,0.5859079053332995,0.6184830936676351,-0.008125935365913288,0.05,131,1569,19213,0.3409461953435548
4,year_2026,T+20,6,target_6pct,3465,1918,0.5535353535353535,0.5369323577412828,0.570019772906597,-0.007857303083093866,0.06,131,1569,19213,0.3409461953435548
4,year_2026,T+20,7,target_7pct,3465,1755,0.5064935064935064,0.48984846330069115,0.5231241671013427,-0.008149970742693018,0.07,131,1569,19213,0.3409461953435548
4,year_2026,T+20,8,target_8pct,3465,1604,0.4629148629148629,0.446362460040579,0.47954940633002713,-0.007642448752815343,0.026651860077734346,131,1569,19213,0.3409461953435548
4,year_2026,T+20,9,target_9pct,3465,1460,0.4213564213564214,0.40501114176071823,0.4378758900368709,-0.007301960764523345,0.012415946666666677,131,1569,19213,0.3409461953435548
4,year_2026,T+20,10,target_10pct,3465,1336,0.38556998556998556,0.36949857954589743,0.40189484470270465,-0.007093383849436807,0.005199306759098743,131,1569,19213,0.3409461953435548
4,year_2026,T+20,11,target_11pct,3465,1232,0.35555555555555557,0.33978491905378305,0.37164612466986224,-0.006623309672648223,0.0,131,1569,19213,0.3409461953435548
4,year_2026,T+20,12,target_12pct,3465,1126,0.32496392496392495,0.3095701976620266,0.34074534283425884,-0.006444475945176653,-0.0039525691699603405,131,1569,19213,0.3409461953435548
4,year_2026,T+20,13,target_13pct,3465,1032,0.29783549783549784,0.2828392521222792,0.3132795213610645,-0.005835749939572994,-0.005504587155963359,131,1569,19213,0.3409461953435548
4,year_2026,T+20,14,target_14pct,3465,935,0.2698412698412698,0.2553223919849007,0.2848699304318968,-0.005921371984798677,-0.008494208494208455,131,1569,19213,0.3409461953435548
4,year_2026,T+20,15,target_15pct,3465,862,0.24877344877344879,0.2346626088546813,0.26344073492440623,-0.005393860772666796,-0.009750152346130414,131,1569,19213,0.3409461953435548
4,year_2026,T+20,16,target_16pct,3465,779,0.2248196248196248,0.2112284720707807,0.23902027955858166,-0.006311699577148257,-0.012170385395537497,131,1569,19213,0.3409461953435548
4,year_2026,T+20,17,target_17pct,3465,702,0.2025974025974026,0.1895469145990461,0.21630661298780018,-0.006332227404988634,-0.012977649603460706,131,1569,19213,0.3409461953435548
4,year_2026,T+20,18,target_18pct,3465,637,0.18383838383838383,0.17129325797826328,0.19708378178048497,-0.006907734369190316,-0.015194681861348536,131,1569,19213,0.3409461953435548
4,year_2026,T+20,19,target_19pct,3465,578,0.1668109668109668,0.1547680130878465,0.1795919069500128,-0.0076294454397732355,-0.016467915956842605,131,1569,19213,0.3409461953435548
4,year_2026,T+20,20,target_20pct,3465,531,0.15324675324675324,0.14163686257313765,0.16562467395825078,-0.0077222242229652484,-0.016920473773265554,131,1569,19213,0.3409461953435548
5,full_period,T+20,1,target_1pct,18561,16094,0.8670869026453316,0.8621269133793146,0.8718949702224286,-0.005669547762107912,0.01,1157,2412,19014,0.33741482112436116
5,full_period,T+20,2,target_2pct,18561,14901,0.8028123484726039,0.7970259023537788,0.8084734734125084,-0.00321926745555716,0.02,1157,2412,19014,0.33741482112436116
5,full_period,T+20,3,target_3pct,18561,13737,0.7401002101179893,0.7337413577524156,0.7463596951970477,-0.0010108063723922138,0.03,1157,2412,19014,0.33741482112436116
5,full_period,T+20,4,target_4pct,18561,12626,0.6802435213619956,0.6734972044784777,0.6869152431020069,0.0010214113245769509,0.04,1157,2412,19014,0.33741482112436116
5,full_period,T+20,5,target_5pct,18561,11497,0.6194170572706212,0.6124079415875303,0.626376751302066,0.002350217880051207,0.05,1157,2412,19014,0.33741482112436116
5,full_period,T+20,6,target_6pct,18561,10444,0.562685200150854,0.5555364562279325,0.5698080013299495,0.0033895766683493082,0.06,1157,2412,19014,0.33741482112436116
5,full_period,T+20,7,target_7pct,18561,9526,0.5132266580464414,0.5060339279457252,0.5204139141947646,0.004589797106358555,0.07,1157,2412,19014,0.33741482112436116
5,full_period,T+20,8,target_8pct,18561,8668,0.4670007003932978,0.4598306977420721,0.4741843600540579,0.005653470301463247,0.03659574468085114,1157,2412,19014,0.33741482112436116
5,full_period,T+20,9,target_9pct,18561,7916,0.42648564193739563,0.41938649486939816,0.43361521347806214,0.006619254683293408,0.026143790849673332,1157,2412,19014,0.33741482112436116
5,full_period,T+20,10,target_10pct,18561,7192,0.3874791228920856,0.38049435259320596,0.394510460806333,0.007277057051189352,0.020000000000000018,1157,2412,19014,0.33741482112436116
5,full_period,T+20,11,target_11pct,18561,6574,0.354183503044017,0.34733375718563225,0.36109359616167547,0.00810677746220969,0.01588983050847448,1157,2412,19014,0.33741482112436116
5,full_period,T+20,12,target_12pct,18561,5973,0.321803782123808,0.31512033163263925,0.32856098046646315,0.008701163587802969,0.012820512820512775,1157,2412,19014,0.33741482112436116
5,full_period,T+20,13,target_13pct,18561,5440,0.2930876569150369,0.28658258447955987,0.2996783615874402,0.009347956098692064,0.010619469026548645,1157,2412,19014,0.33741482112436116
5,full_period,T+20,14,target_14pct,18561,4928,0.2655029362642099,0.25919884139135574,0.2719040795191032,0.009764317708297113,0.008695652173912993,1157,2412,19014,0.33741482112436116
5,full_period,T+20,15,target_15pct,18561,4534,0.24427563170087818,0.23814769920224704,0.25050939766196745,0.01046540736905624,0.007366482504604033,1157,2412,19014,0.33741482112436116
5,full_period,T+20,16,target_16pct,18561,4139,0.22299445073002533,0.21706366578298628,0.22903987651709987,0.011028637461440352,0.006384676775738285,1157,2412,19014,0.33741482112436116
5,full_period,T+20,17,target_17pct,18561,3792,0.20429933732018749,0.19856032649633393,0.2101607260980496,0.011418706673984152,0.005720228809152461,1157,2412,19014,0.33741482112436116
5,full_period,T+20,18,target_18pct,18561,3487,0.1878670330262378,0.18231237694364041,0.19355086769616298,0.01185155472570245,0.005141388174807027,1157,2412,19014,0.33741482112436116
5,full_period,T+20,19,target_19pct,18561,3216,0.17326652658800712,0.1678893108670523,0.17877896342622254,0.012387901707941278,0.004810996563573866,1157,2412,19014,0.33741482112436116
5,full_period,T+20,20,target_20pct,18561,2949,0.158881525779861,0.15369297151138792,0.16421125450689383,0.012794522843124479,0.0045486089987467615,1157,2412,19014,0.33741482112436116
5,selection_2021_2023,T+20,1,target_1pct,8754,7560,0.8636052090472927,0.8562558465320861,0.870635582972645,-0.005356906975015916,0.01,628,1720,19014,0.33741482112436116
5,selection_2021_2023,T+20,2,target_2pct,8754,6973,0.7965501485035412,0.7879877985417347,0.8048523368633176,-0.003368076751698343,0.02,628,1720,19014,0.33741482112436116
5,selection_2021_2023,T+20,3,target_3pct,8754,6382,0.7290381539867489,0.7196284943879682,0.7382468798366582,-0.0017054564132107275,0.03,628,1720,19014,0.33741482112436116
5,selection_2021_2023,T+20,4,target_4pct,8754,5821,0.6649531642677633,0.654994879919405,0.6747667362304007,-0.00030822413627460787,0.04,628,1720,19014,0.33741482112436116
5,selection_2021_2023,T+20,5,target_5pct,8754,5263,0.6012108750285584,0.5909112194375801,0.6114217389479656,0.00039680079294553947,0.05,628,1720,19014,0.33741482112436116
5,selection_2021_2023,T+20,6,target_6pct,8754,4763,0.5440941283984464,0.5336436199119904,0.5545059533801322,0.001156332591642852,0.06,628,1720,19014,0.33741482112436116
5,selection_2021_2023,T+20,7,target_7pct,8754,4318,0.4932602238976468,0.48279218193013124,0.503734178628845,0.00202054072286039,0.04721081522039716,628,1720,19014,0.33741482112436116
5,selection_2021_2023,T+20,8,target_8pct,8754,3905,0.4460817911811743,0.43569453161730837,0.4565163528545004,0.0027704737683488354,0.025913815735534973,628,1720,19014,0.33741482112436116
5,selection_2021_2023,T+20,9,target_9pct,8754,3537,0.4040438656614119,0.39380857268823216,0.41436334035481726,0.0032156528181305605,0.016625115394608203,628,1720,19014,0.33741482112436116
5,selection_2021_2023,T+20,10,target_10pct,8754,3208,0.3664610463787983,0.35642789766078614,0.376611347990791,0.003622606508252971,0.011409954262543431,628,1720,19014,0.33741482112436116
5,selection_2021_2023,T+20,11,target_11pct,8754,2919,0.33344756682659354,0.3236464601855118,0.3433947888820667,0.004291022267464609,0.007850226152957052,628,1720,19014,0.33741482112436116
5,selection_2021_2023,T+20,12,target_12pct,8754,2629,0.30031985378112863,0.2908064223133741,0.31000846340001914,0.004518710005883745,0.00462254004658158,628,1720,19014,0.33741482112436116
5,selection_2021_2023,T+20,13,target_13pct,8754,2375,0.27130454649303176,0.26209197693971253,0.2807177491462218,0.0046311795574754955,0.0025153308247247708,628,1720,19014,0.33741482112436116
5,selection_2021_2023,T+20,14,target_14pct,8754,2125,0.24274617317797578,0.2338787600394671,0.2518392734997557,0.004636940237942745,0.0005406861210793812,628,1720,19014,0.33741482112436116
5,selection_2021_2023,T+20,15,target_15pct,8754,1955,0.22332647932373773,0.2147243783735992,0.23217130423385976,0.005219945492934612,0.0,628,1720,19014,0.33741482112436116
5,selection_2021_2023,T+20,16,target_16pct,8754,1756,0.20059401416495318,0.19233744364468658,0.20911325169559006,0.00553478013458895,-0.0014088504328126916,628,1720,19014,0.33741482112436116
5,selection_2021_2023,T+20,17,target_17pct,8754,1592,0.18185972127027644,0.1739194008723712,0.19007914415726263,0.0056722394817526455,-0.001957216998295541,628,1720,19014,0.33741482112436116
5,selection_2021_2023,T+20,18,target_18pct,8754,1458,0.16655243317340646,0.15889413858089302,0.17450325924370347,0.006082013676019196,-0.00230947583449026,628,1720,19014,0.33741482112436116
5,selection_2021_2023,T+20,19,target_19pct,8754,1329,0.15181631254283756,0.14445192430910797,0.15948616016138537,0.006385961090273668,-0.002713771377137686,628,1720,19014,0.33741482112436116
5,selection_2021_2023,T+20,20,target_20pct,8754,1207,0.13787982636509025,0.13081601464151776,0.14526132386618035,0.006641998501616742,-0.0028820598006645826,628,1720,19014,0.33741482112436116
5,audit_2024_present,T+20,1,target_1pct,9807,8534,0.8701947588457224,0.863397677565628,0.8767019281603474,-0.005948619593473605,0.01,529,2168,19014,0.33741482112436116
5,audit_2024_present,T+20,2,target_2pct,9807,7928,0.8084021617212196,0.8004927159244904,0.8160700874134007,-0.003086436153587147,0.02,529,2168,19014,0.33741482112436116
5,audit_2024_present,T+20,3,target_3pct,9807,7355,0.7499745080044866,0.7413073002097159,0.7584459523552832,-0.00039074249380291394,0.03,529,2168,19014,0.33741482112436116
5,audit_2024_present,T+20,4,target_4pct,9807,6805,0.6938921178749873,0.6846960621104881,0.702936330201299,0.002208280787643592,0.04,529,2168,19014,0.33741482112436116
5,audit_2024_present,T+20,5,target_5pct,9807,6234,0.6356684001223616,0.6260922846785829,0.6451382690794147,0.004093892110756113,0.05,529,2168,19014,0.33741482112436116
5,audit_2024_present,T+20,6,target_6pct,9807,5681,0.5792801060467013,0.569480155852398,0.5890179693237336,0.0053830322253482195,0.06,529,2168,19014,0.33741482112436116
5,audit_2024_present,T+20,7,target_7pct,9807,5208,0.5310492505353319,0.5211621567655441,0.5409120285928252,0.006883186560946394,0.07,529,2168,19014,0.33741482112436116
5,audit_2024_present,T+20,8,target_8pct,9807,4763,0.48567349852146424,0.47578914537597716,0.4955690712320658,0.008226912908874642,0.0494752623688155,529,2168,19014,0.33741482112436116
5,audit_2024_present,T+20,9,target_9pct,9807,4379,0.44651779341286835,0.43670145283907247,0.45637601770127334,0.009657404038614665,0.03531280705768314,529,2168,19014,0.33741482112436116
5,audit_2024_present,T+20,10,target_10pct,9807,3984,0.40624044050168245,0.39655857119774796,0.41599573606983636,0.010539120888536665,0.027576197387518153,529,2168,19014,0.33741482112436116
5,audit_2024_present,T+20,11,target_11pct,9807,3655,0.3726929744060365,0.36317474990189474,0.38231089732331364,0.011512826302303337,0.02279484638255691,529,2168,19014,0.33741482112436116
5,audit_2024_present,T+20,12,target_12pct,9807,3344,0.34098093198735596,0.3316626865539779,0.3504237106007778,0.012434537571296483,0.020000000000000018,529,2168,19014,0.33741482112436116
5,audit_2024_present,T+20,13,target_13pct,9807,3065,0.3125318649943918,0.30343271712375014,0.3217778254661944,0.01355828156436045,0.017921146953405076,529,2168,19014,0.33741482112436116
5,audit_2024_present,T+20,14,target_14pct,9807,2803,0.28581625369633934,0.276959442206735,0.2948407996807702,0.014341156943076569,0.01637426900584793,529,2168,19014,0.33741482112436116
5,audit_2024_present,T+20,15,target_15pct,9807,2579,0.2629754257163251,0.25435607047111514,0.27178040287690014,0.015147652017120757,0.01535312180143289,529,2168,19014,0.33741482112436116
5,audit_2024_present,T+20,16,target_16pct,9807,2383,0.24298970123381258,0.23460286704568037,0.25157780883028114,0.015932606773080726,0.014068863383931873,529,2168,19014,0.33741482112436116
5,audit_2024_present,T+20,17,target_17pct,9807,2200,0.22432956051799735,0.21618241141559935,0.2326925964124752,0.016548162552519338,0.013134851138353776,529,2168,19014,0.33741482112436116
5,audit_2024_present,T+20,18,target_18pct,9807,2029,0.20689303558682573,0.1989912793489978,0.21502433374580535,0.017001606968888663,0.012307692307692353,529,2168,19014,0.33741482112436116
5,audit_2024_present,T+20,19,target_19pct,9807,1887,0.19241358213520954,0.1847327211752935,0.2003353243632258,0.017745400246440543,0.011917098445595853,529,2168,19014,0.33741482112436116
5,audit_2024_present,T+20,20,target_20pct,9807,1742,0.17762822473743245,0.1701904201994252,0.18531848945415635,0.018286436586935913,0.011612897585756343,529,2168,19014,0.33741482112436116
5,year_2021,T+20,1,target_1pct,2223,1984,0.8924876293297346,0.8789267851074563,0.9046942860994045,-0.0017408461402436074,0.01,219,939,19014,0.33741482112436116
5,year_2021,T+20,2,target_2pct,2223,1877,0.8443544759334233,0.8286915764282214,0.8588292602581418,0.0027734971689619566,0.02,219,939,19014,0.33741482112436116
5,year_2021,T+20,3,target_3pct,2223,1750,0.7872244714349977,0.7697228223920841,0.8037351191157447,0.006474209296528207,0.03,219,939,19014,0.33741482112436116
5,year_2021,T+20,4,target_4pct,2223,1623,0.7300944669365722,0.7112555471004436,0.7481394992288507,0.009146999180286261,0.04,219,939,19014,0.33741482112436116
5,year_2021,T+20,5,target_5pct,2223,1482,0.6666666666666666,0.6467973731138527,0.6859609155762812,0.010291016960759646,0.05,219,939,19014,0.33741482112436116
5,year_2021,T+20,6,target_6pct,2223,1353,0.6086369770580297,0.5881774501683478,0.628721677277448,0.01170038157168399,0.06,219,939,19014,0.33741482112436116
5,year_2021,T+20,7,target_7pct,2223,1243,0.5591542959964012,0.5384304803850214,0.5796740134415713,0.013100913261224905,0.07,219,939,19014,0.33741482112436116
5,year_2021,T+20,8,target_8pct,2223,1153,0.5186684660368871,0.4978833500254309,0.5393891708399957,0.015252212629345736,0.08,219,939,19014,0.33741482112436116
5,year_2021,T+20,9,target_9pct,2223,1056,0.4750337381916329,0.4543353031622719,0.49581831351167555,0.017103269365641147,0.04878048780487809,219,939,19014,0.33741482112436116
5,year_2021,T+20,10,target_10pct,2223,975,0.43859649122807015,0.41809197960281536,0.45931286140608246,0.018452833536737805,0.037548057858279416,219,939,19014,0.33741482112436116
5,year_2021,T+20,11,target_11pct,2223,886,0.3985605038236617,0.378399263733073,0.4190717373475606,0.019235814843399455,0.029525032092426295,219,939,19014,0.33741482112436116
5,year_2021,T+20,12,target_12pct,2223,802,0.36077372919478184,0.3410664508344087,0.38096137548246983,0.01977251538392758,0.02425742574257428,219,939,19014,0.33741482112436116
5,year_2021,T+20,13,target_13pct,2223,739,0.3324336482231219,0.3131541788849448,0.35229126635911734,0.02053914194203823,0.021186440677966045,219,939,19014,0.33741482112436116
5,year_2021,T+20,14,target_14pct,2223,662,0.297795771479982,0.2791480119612682,0.3171411897493518,0.020590937249669518,0.018505079825834603,219,939,19014,0.33741482112436116
5,year_2021,T+20,15,target_15pct,2223,610,0.2744039586144849,0.25625570110331886,0.2933305828964051,0.021379722824080058,0.016286644951140072,219,939,19014,0.33741482112436116
5,year_2021,T+20,16,target_16pct,2223,563,0.2532613585245164,0.2356194041894479,0.2717546272638893,0.022312413500111764,0.015602836879432758,219,939,19014,0.33741482112436116
5,year_2021,T+20,17,target_17pct,2223,497,0.22357174988753936,0.20673709876258364,0.2413601525192318,0.022226118526874276,0.014464802314368308,219,939,19014,0.33741482112436116
5,year_2021,T+20,18,target_18pct,2223,451,0.20287899235267656,0.18668079540954685,0.22010233635878368,0.022194660032359793,0.013296169007830594,219,939,19014,0.33741482112436116
5,year_2021,T+20,19,target_19pct,2223,418,0.18803418803418803,0.17233419093307656,0.20481055074949303,0.022763765338918152,0.012968299711815456,219,939,19014,0.33741482112436116
5,year_2021,T+20,20,target_20pct,2223,381,0.17139001349527666,0.15629430813367265,0.18761951133152865,0.02317949618490889,0.012757605495583801,219,939,19014,0.33741482112436116
5,year_2022,T+20,1,target_1pct,3030,2608,0.8607260726072608,0.8479403767285725,0.8725982301650769,-0.008329498670369685,0.01,195,1179,19014,0.33741482112436116
5,year_2022,T+20,2,target_2pct,3030,2429,0.8016501650165017,0.7870735314449299,0.8154628699281676,-0.006941824323573673,0.02,195,1179,19014,0.33741482112436116
5,year_2022,T+20,3,target_3pct,3030,2256,0.7445544554455445,0.7287229391170648,0.7597666379261138,-0.005103909512177562,0.03,195,1179,19014,0.33741482112436116
5,year_2022,T+20,4,target_4pct,3030,2090,0.6897689768976898,0.6730660098584461,0.7059913542438855,-0.0033854726510173846,0.04,195,1179,19014,0.33741482112436116
5,year_2022,T+20,5,target_5pct,3030,1942,0.640924092409241,0.6236738291197278,0.6578174656136558,-0.0018623507294807512,0.05,195,1179,19014,0.33741482112436116
5,year_2022,T+20,6,target_6pct,3030,1793,0.5917491749174918,0.5741425240651231,0.6091234711008738,-0.00025324018791038816,0.06,195,1179,19014,0.33741482112436116
5,year_2022,T+20,7,target_7pct,3030,1652,0.5452145214521452,0.5274378736103045,0.5628766635758162,0.0012575829285168976,0.07,195,1179,19014,0.33741482112436116
5,year_2022,T+20,8,target_8pct,3030,1519,0.5013201320132014,0.4835263234445493,0.5191105973492061,0.0023231855346729294,0.08,195,1179,19014,0.33741482112436116
5,year_2022,T+20,9,target_9pct,3030,1391,0.45907590759075906,0.44139514932234897,0.47686030607123514,0.0022360610414390598,0.036586765378409325,195,1179,19014,0.33741482112436116
5,year_2022,T+20,10,target_10pct,3030,1288,0.4250825082508251,0.40758577361251674,0.4427689713418672,0.0034474172761276064,0.02782757458871643,195,1179,19014,0.33741482112436116
5,year_2022,T+20,11,target_11pct,3030,1197,0.39504950495049507,0.377786055050934,0.41257874184551574,0.004698056029317179,0.021770039151040588,195,1179,19014,0.33741482112436116
5,year_2022,T+20,12,target_12pct,3030,1088,0.3590759075907591,0.34218253438634416,0.37632617088027226,0.004951639704945964,0.015673114883537287,195,1179,19014,0.33741482112436116
5,year_2022,T+20,13,target_13pct,3030,1002,0.3306930693069307,0.31416494918767224,0.34764995901320417,0.005248632084870873,0.01240509935189793,195,1179,19014,0.33741482112436116
5,year_2022,T+20,14,target_14pct,3030,911,0.30066006600660067,0.2845934773102668,0.31723148283267544,0.005563958584631997,0.008131195183211704,195,1179,19014,0.33741482112436116
5,year_2022,T+20,15,target_15pct,3030,840,0.27722772277227725,0.261578670627503,0.2934409454262818,0.0063204247880033915,0.005935389573226035,195,1179,19014,0.33741482112436116
5,year_2022,T+20,16,target_16pct,3030,757,0.24983498349834984,0.23474339376530073,0.26556011581806055,0.006764278892053297,0.0044362898348692115,195,1179,19014,0.33741482112436116
5,year_2022,T+20,17,target_17pct,3030,695,0.22937293729372937,0.21475096276066308,0.24468027451949023,0.006782789440235172,0.0030553742891769042,195,1179,19014,0.33741482112436116
5,year_2022,T+20,18,target_18pct,3030,652,0.2151815181518152,0.20091437811464344,0.2301699606326399,0.007935691627924714,0.002569281492262432,195,1179,19014,0.33741482112436116
5,year_2022,T+20,19,target_19pct,3030,597,0.19702970297029704,0.18325427040078088,0.21157240743236638,0.00838056985132669,0.00218971159876602,195,1179,19014,0.33741482112436116
5,year_2022,T+20,20,target_20pct,3030,544,0.17953795379537954,0.1662803439381609,0.19360713337772797,0.008579552473152889,0.0018220981676131398,195,1179,19014,0.33741482112436116
5,year_2023,T+20,1,target_1pct,3501,2968,0.8477577834904313,0.8354765772849231,0.8592766463700346,-0.005080286123481188,0.01,214,1206,19014,0.33741482112436116
5,year_2023,T+20,2,target_2pct,3501,2667,0.7617823479005998,0.7473890786028135,0.7756017464319043,-0.00417477874622722,0.02,214,1206,19014,0.33741482112436116
5,year_2023,T+20,3,target_3pct,3501,2376,0.6786632390745502,0.6630054658484114,0.6939293525468052,-0.003957979687383858,0.03,214,1206,19014,0.33741482112436116
5,year_2023,T+20,4,target_4pct,3501,2108,0.6021136818051985,0.5857966839606211,0.6182068293507936,-0.0036486692756759784,0.04,214,1206,19014,0.33741482112436116
5,year_2023,T+20,5,target_5pct,3501,1839,0.5252784918594687,0.5087183524273662,0.5417832166021729,-0.003930423836617188,0.05,214,1206,19014,0.33741482112436116
5,year_2023,T+20,6,target_6pct,3501,1617,0.46186803770351326,0.4454044122076524,0.4784152548494836,-0.00431879318972965,0.018675721561969505,214,1206,19014,0.33741482112436116
5,year_2023,T+20,7,target_7pct,3501,1423,0.4064552984861468,0.39029621844987605,0.4228194441809259,-0.00435475377468989,0.006091006807595889,214,1206,19014,0.33741482112436116
5,year_2023,T+20,8,target_8pct,3501,1233,0.35218508997429304,0.33653260191497986,0.36816161308178347,-0.004767835897448968,0.0,214,1206,19014,0.33741482112436116
5,year_2023,T+20,9,target_9pct,3501,1090,0.31133961725221365,0.2962150291869053,0.3268777804852922,-0.004754643811901086,-0.003949447077409074,214,1206,19014,0.33741482112436116
5,year_2023,T+20,10,target_10pct,3501,945,0.2699228791773779,0.2554759875851762,0.2848741383663076,-0.005642395294369691,-0.008073817762399016,214,1206,19014,0.33741482112436116
5,year_2023,T+20,11,target_11pct,3501,836,0.23878891745215652,0.22495730288313665,0.25319315047829344,-0.005550619033511242,-0.01016949152542368,214,1206,19014,0.33741482112436116
5,year_2023,T+20,12,target_12pct,3501,739,0.2110825478434733,0.1978852511548982,0.22491319999336484,-0.0055415545881036775,-0.01158301158301156,214,1206,19014,0.33741482112436116
5,year_2023,T+20,13,target_13pct,3501,634,0.18109111682376464,0.168686521014202,0.19419481433630284,-0.006004147931496499,-0.012378902045209972,214,1206,19014,0.33741482112436116
5,year_2023,T+20,14,target_14pct,3501,552,0.15766923736075408,0.1459733672574322,0.1701155538510139,-0.006295536468008996,-0.013061484549219515,214,1206,19014,0.33741482112436116
5,year_2023,T+20,15,target_15pct,3501,505,0.14424450157097973,0.13299612045350695,0.15627275834546647,-0.00599331850912044,-0.013227513227513255,214,1206,19014,0.33741482112436116
5,year_2023,T+20,16,target_16pct,3501,436,0.12453584690088546,0.11400792964406489,0.13588684448781027,-0.006182460712790138,-0.0135384615384615,214,1206,19014,0.33741482112436116
5,year_2023,T+20,17,target_17pct,3501,400,0.11425307055127107,0.10413540302142639,0.12521635997978886,-0.005799979738900722,-0.013672795851013553,214,1206,19014,0.33741482112436116
5,year_2023,T+20,18,target_18pct,3501,355,0.10139960011425307,0.09183332321631665,0.11183967587157366,-0.005753192563460629,-0.0137987012987012,214,1206,19014,0.33741482112436116
5,year_2023,T+20,19,target_19pct,3501,314,0.08968866038274778,0.08066783167944502,0.09960896028741589,-0.005739581152150597,-0.01386962552011095,214,1206,19014,0.33741482112436116
5,year_2023,T+20,20,target_20pct,3501,282,0.0805484147386461,0.07198665337151823,0.0900296842569783,-0.0055355638759076765,-0.01386962552011095,214,1206,19014,0.33741482112436116
5,year_2024,T+20,1,target_1pct,3000,2583,0.861,0.8481580882986818,0.8729185490313293,-0.010389335450825115,0.01,177,1141,19014,0.33741482112436116
5,year_2024,T+20,2,target_2pct,3000,2413,0.8043333333333333,0.7897516723758838,0.8181365731294717,-0.008084273596707834,0.02,177,1141,19014,0.33741482112436116
5,year_2024,T+20,3,target_3pct,3000,2278,0.7593333333333333,0.7437103895961595,0.7742929565190284,-0.005176451164640862,0.03,177,1141,19014,0.33741482112436116
5,year_2024,T+20,4,target_4pct,3000,2124,0.708,0.6914716240792826,0.7239963553241586,-0.0027445849587265057,0.04,177,1141,19014,0.33741482112436116
5,year_2024,T+20,5,target_5pct,3000,1958,0.6526666666666666,0.6354433664508592,0.6694994774061537,-0.001039169783248582,0.05,177,1141,19014,0.33741482112436116
5,year_2024,T+20,6,target_6pct,3000,1796,0.5986666666666667,0.5810108032528324,0.6160701613359796,-4.240567250531709e-05,0.06,177,1141,19014,0.33741482112436116
5,year_2024,T+20,7,target_7pct,3000,1667,0.5556666666666666,0.5378256697720412,0.5733652798439438,0.0012769881329747223,0.07,177,1141,19014,0.33741482112436116
5,year_2024,T+20,8,target_8pct,3000,1535,0.5116666666666667,0.4937757828331057,0.5295277096013823,0.0026186860827784805,0.08,177,1141,19014,0.33741482112436116
5,year_2024,T+20,9,target_9pct,3000,1414,0.4713333333333333,0.4535185443049215,0.48922144571319404,0.0034730213172397863,0.0413171562654453,177,1141,19014,0.33741482112436116
5,year_2024,T+20,10,target_10pct,3000,1299,0.433,0.41536591468894934,0.45080545733013455,0.004787512982462341,0.030144819481666474,177,1141,19014,0.33741482112436116
5,year_2024,T+20,11,target_11pct,3000,1223,0.4076666666666667,0.3902110577803174,0.42535844495244995,0.006556590639394631,0.02205095789166578,177,1141,19014,0.33741482112436116
5,year_2024,T+20,12,target_12pct,3000,1136,0.37866666666666665,0.3614747826167772,0.3961688960645488,0.007836164140381555,0.017248887743780972,177,1141,19014,0.33741482112436116
5,year_2024,T+20,13,target_13pct,3000,1058,0.3526666666666667,0.33576713318725526,0.36994304806864065,0.009479991248977674,0.015596774931032842,177,1141,19014,0.33741482112436116
5,year_2024,T+20,14,target_14pct,3000,992,0.33066666666666666,0.31405764924896373,0.34770880341618354,0.011150382998264548,0.013391827846804039,177,1141,19014,0.33741482112436116
5,year_2024,T+20,15,target_15pct,3000,932,0.31066666666666665,0.2943577368539259,0.3274598716378135,0.012416460633972387,0.011169496232773413,177,1141,19014,0.33741482112436116
5,year_2024,T+20,16,target_16pct,3000,873,0.291,0.27502130759294396,0.30751327079494445,0.013738867363655313,0.00997896376277363,177,1141,19014,0.33741482112436116
5,year_2024,T+20,17,target_17pct,3000,821,0.27366666666666667,0.25800952508453445,0.2899027216864005,0.014755283369538645,0.008824516423480144,177,1141,19014,0.33741482112436116
5,year_2024,T+20,18,target_18pct,3000,769,0.25633333333333336,0.24102802493431458,0.272261890219667,0.015815405957196844,0.00820197626650665,177,1141,19014,0.33741482112436116
5,year_2024,T+20,19,target_19pct,3000,725,0.24166666666666667,0.2266841598517746,0.2573099362417079,0.017237292540101506,0.007438222345627299,177,1141,19014,0.33741482112436116
5,year_2024,T+20,20,target_20pct,3000,690,0.23,0.21529167583472894,0.24539892782426567,0.01863560828580881,0.0067881723890667045,177,1141,19014,0.33741482112436116
5,year_2025,T+20,1,target_1pct,3638,3309,0.9095656954370533,0.8998087300125487,0.9184585993518037,0.0032940036564155055,0.01,221,1591,19014,0.33741482112436116
5,year_2025,T+20,2,target_2pct,3638,3110,0.8548653106102254,0.8430447531614703,0.865937208052878,0.009156921154350323,0.02,221,1591,19014,0.33741482112436116
5,year_2025,T+20,3,target_3pct,3638,2908,0.7993402968664101,0.7860132759362434,0.8120357990152866,0.014439348337466122,0.03,221,1591,19014,0.33741482112436116
5,year_2025,T+20,4,target_4pct,3638,2700,0.7421660252886201,0.727700829435927,0.7561203230271566,0.01926529764710239,0.04,221,1591,19014,0.33741482112436116
5,year_2025,T+20,5,target_5pct,3638,2477,0.6808686091258933,0.6655371025474853,0.695818536863081,0.023180284034475654,0.05,221,1591,19014,0.33741482112436116
5,year_2025,T+20,6,target_6pct,3638,2255,0.619846069268829,0.6039532991004617,0.6354859999618588,0.026360207707877188,0.06,221,1591,19014,0.33741482112436116
5,year_2025,T+20,7,target_7pct,3638,2055,0.5648708081363386,0.5487002559987533,0.5809045022092918,0.029357023016287648,0.07,221,1591,19014,0.33741482112436116
5,year_2025,T+20,8,target_8pct,3638,1875,0.5153930731170973,0.4991452907285244,0.5316083807106726,0.031858024731908456,0.08,221,1591,19014,0.33741482112436116
5,year_2025,T+20,9,target_9pct,3638,1725,0.47416162726772954,0.4579713234560243,0.49040644234246633,0.03457548758205582,0.055606170448795234,221,1591,19014,0.33741482112436116
5,year_2025,T+20,10,target_10pct,3638,1567,0.4307311709730621,0.41472143114986243,0.44688704737375057,0.03637859798485799,0.04530068587480962,221,1591,19014,0.33741482112436116
5,year_2025,T+20,11,target_11pct,3638,1437,0.3949972512369434,0.3792305243738296,0.41098550259450434,0.038376430513946735,0.04148241264520336,221,1591,19014,0.33741482112436116
5,year_2025,T+20,12,target_12pct,3638,1300,0.35733919736118747,0.34192475657586363,0.37305460990729156,0.03988630159465527,0.038606778187589286,221,1591,19014,0.33741482112436116
5,year_2025,T+20,13,target_13pct,3638,1184,0.32545354590434306,0.31041895901186456,0.3408563737758109,0.04117979468747182,0.0369873949579832,221,1591,19014,0.33741482112436116
5,year_2025,T+20,14,target_14pct,3638,1075,0.2954920285871358,0.2808874402079174,0.3105280678141779,0.0425408930802208,0.03624872674673785,221,1591,19014,0.33741482112436116
5,year_2025,T+20,15,target_15pct,3638,980,0.26937877954920286,0.2552113442468908,0.28403275686942364,0.043580915371245976,0.03501745162233971,221,1591,19014,0.33741482112436116
5,year_2025,T+20,16,target_16pct,3638,900,0.2473886750962067,0.2336383281286621,0.2616719566459421,0.044625650696182254,0.034343683654123436,221,1591,19014,0.33741482112436116
5,year_2025,T+20,17,target_17pct,3638,822,0.22594832325453545,0.21265166297642069,0.23982315086501604,0.04557091092795966,0.033639230724617275,221,1591,19014,0.33741482112436116
5,year_2025,T+20,18,target_18pct,3638,753,0.20698185816382628,0.19412891392530673,0.22045298332140495,0.04632151022236493,0.03309620909590849,221,1591,19014,0.33741482112436116
5,year_2025,T+20,19,target_19pct,3638,692,0.1902144035184167,0.17779016099430997,0.20329220129184766,0.04708337492769494,0.03288268247848147,221,1591,19014,0.33741482112436116
5,year_2025,T+20,20,target_20pct,3638,626,0.1720725673446949,0.16015481537304083,0.18468214843120592,0.047579504197260473,0.032672101606831094,221,1591,19014,0.33741482112436116
5,year_2026,T+20,1,target_1pct,3169,2642,0.8337014831177028,0.8203348364638945,0.8462600543746523,-0.012355219723180782,0.01,131,1496,19014,0.33741482112436116
5,year_2026,T+20,2,target_2pct,3169,2405,0.7589144840643737,0.7437138945864619,0.773488098730822,-0.012410456840527653,0.02,131,1496,19014,0.33741482112436116
5,year_2026,T+20,3,target_3pct,3169,2169,0.6844430419690755,0.6680470864558521,0.7003923591187395,-0.012885139600664036,0.03,131,1496,19014,0.33741482112436116
5,year_2026,T+20,4,target_4pct,3169,1981,0.6251183338592616,0.608121585980014,0.6418121012232805,-0.012684376232110533,0.04,131,1496,19014,0.33741482112436116
5,year_2026,T+20,5,target_5pct,3169,1799,0.5676869674976334,0.5503668734938534,0.5848431540095683,-0.012957893353578888,0.05,131,1496,19014,0.33741482112436116
5,year_2026,T+20,6,target_6pct,3169,1630,0.5143578415904071,0.49694952110693785,0.5317313938180305,-0.013562581757573765,0.06,131,1496,19014,0.33741482112436116
5,year_2026,T+20,7,target_7pct,3169,1486,0.46891763963395394,0.45159077993380836,0.4863197668769749,-0.01360946782233428,0.020169851380042347,131,1496,19014,0.33741482112436116
5,year_2026,T+20,8,target_8pct,3169,1353,0.426948564215841,0.4098253755943031,0.4442486506665731,-0.01359236898885605,0.008571428571428452,131,1496,19014,0.33741482112436116
5,year_2026,T+20,9,target_9pct,3169,1240,0.39129062795834646,0.37443982828742406,0.4084046729949596,-0.013093886515791867,0.0007288629737609575,131,1496,19014,0.33741482112436116
5,year_2026,T+20,10,target_10pct,3169,1118,0.3527926790785737,0.3363429790904773,0.3695988492062774,-0.01367962128823646,-0.006295907660020861,131,1496,19014,0.33741482112436116
5,year_2026,T+20,11,target_11pct,3169,995,0.31397917324076996,0.2980536346897016,0.3303551708428533,-0.014634565661481,-0.012261580381471404,131,1496,19014,0.33741482112436116
5,year_2026,T+20,12,target_12pct,3169,908,0.28652571789207953,0.2710493795560898,0.3025189952408116,-0.014726837381128403,-0.014681892332789603,131,1496,19014,0.33741482112436116
5,year_2026,T+20,13,target_13pct,3169,823,0.2597033764594509,0.2447343929860328,0.27525425063235653,-0.014290312249376014,-0.0157415078707539,131,1496,19014,0.33741482112436116
5,year_2026,T+20,14,target_14pct,3169,736,0.23224992111076048,0.21787722201121124,0.24727099087152452,-0.015011420599521928,-0.01881331403762665,131,1496,19014,0.33741482112436116
5,year_2026,T+20,15,target_15pct,3169,667,0.2104764910066267,0.19663813710935638,0.22501594105199904,-0.014908087311646185,-0.020606060606060628,131,1496,19014,0.33741482112436116
5,year_2026,T+20,16,target_16pct,3169,610,0.192489744398864,0.1791384218539772,0.20658571892884664,-0.01493014979491142,-0.021791767554479535,131,1496,19014,0.33741482112436116
5,year_2026,T+20,17,target_17pct,3169,557,0.175765225623225,0.16290784252293206,0.1894077599956431,-0.01507257617922879,-0.023057644110275777,131,1496,19014,0.33741482112436116
5,year_2026,T+20,18,target_18pct,3169,507,0.15998737772167876,0.14763632346451933,0.17316179012551933,-0.015534588992320303,-0.024112088628217676,131,1496,19014,0.33741482112436116
5,year_2026,T+20,19,target_19pct,3169,470,0.14831177027453454,0.13636338118558075,0.16111179059734088,-0.015453472827521724,-0.02496626180836703,131,1496,19014,0.33741482112436116
5,year_2026,T+20,20,target_20pct,3169,426,0.13442726412117387,0.12299227948692794,0.1467475020388816,-0.015672444783521478,-0.025411061285500858,131,1496,19014,0.33741482112436116
6,full_period,T+20,1,target_1pct,18390,16087,0.874768896139206,0.8699067394117677,0.8794745100168454,-0.005159331198627757,0.01,1161,2380,18868,0.33482396365701306
6,full_period,T+20,2,target_2pct,18390,14937,0.8122349102773246,0.806525568174981,0.8178138302897747,-0.00251886109658498,0.02,1161,2380,18868,0.33482396365701306
6,full_period,T+20,3,target_3pct,18390,13752,0.7477977161500816,0.7414696991610343,0.75402222678879,-0.0006241286133542548,0.03,1161,2380,18868,0.33482396365701306
6,full_period,T+20,4,target_4pct,18390,12641,0.6873844480696031,0.680645966463149,0.6940446582511576,0.0012183784088738356,0.04,1161,2380,18868,0.33482396365701306
6,full_period,T+20,5,target_5pct,18390,11535,0.6272430668841762,0.6202284774622767,0.634204506238094,0.002599276850248968,0.05,1161,2380,18868,0.33482396365701306
6,full_period,T+20,6,target_6pct,18390,10507,0.5713431212615552,0.5641762756275166,0.5784801665155971,0.003845004113503605,0.06,1161,2380,18868,0.33482396365701306
6,full_period,T+20,7,target_7pct,18390,9562,0.5199564980967918,0.5127322216098548,0.5271724386542633,0.004953995950001567,0.07,1161,2380,18868,0.33482396365701306
6,full_period,T+20,8,target_8pct,18390,8672,0.4715606307775965,0.464352400776084,0.4787807400464399,0.005980806122168988,0.03959095792470124,1161,2380,18868,0.33482396365701306
6,full_period,T+20,9,target_9pct,18390,7874,0.4281674823273518,0.42103156223818783,0.43533340721985064,0.0068897703378073775,0.02763376152636632,1161,2380,18868,0.33482396365701306
6,full_period,T+20,10,target_10pct,18390,7157,0.389178901576944,0.3821558649157129,0.39624822876746846,0.007425251752339303,0.02012156868947268,1161,2380,18868,0.33482396365701306
6,full_period,T+20,11,target_11pct,18390,6537,0.35546492659053835,0.34857766928094286,0.36241255692607194,0.008129558095660397,0.015284190802961395,1161,2380,18868,0.33482396365701306
6,full_period,T+20,12,target_12pct,18390,5963,0.32425231103860797,0.3175241368429257,0.3310538959264768,0.008779440109534013,0.012283117307885005,1161,2380,18868,0.33482396365701306
6,full_period,T+20,13,target_13pct,18390,5464,0.29711799891245244,0.2905559544198272,0.30376478823569286,0.009467151001292903,0.01034785238959468,1161,2380,18868,0.33482396365701306
6,full_period,T+20,14,target_14pct,18390,4973,0.27041870581837957,0.2640473617853411,0.27688594711082765,0.009935912739983933,0.008750196188846981,1161,2380,18868,0.33482396365701306
6,full_period,T+20,15,target_15pct,18390,4531,0.24638390429581294,0.24020932858866006,0.2526644167196609,0.010257238045199393,0.007363094058189801,1161,2380,18868,0.33482396365701306
6,full_period,T+20,16,target_16pct,18390,4140,0.22512234910277323,0.21914353373040374,0.23121598225020573,0.01074969933136313,0.006489996489996486,1161,2380,18868,0.33482396365701306
6,full_period,T+20,17,target_17pct,18390,3748,0.2038064165307232,0.19804640559178485,0.20969014901679672,0.010771575820110322,0.005683378160969421,1161,2380,18868,0.33482396365701306
6,full_period,T+20,18,target_18pct,18390,3418,0.18586188145731375,0.18030545384073102,0.1915495261434393,0.011105223710313847,0.005185085034225656,1161,2380,18868,0.33482396365701306
6,full_period,T+20,19,target_19pct,18390,3132,0.1703099510603589,0.16494589546091115,0.17581171984876945,0.011413780290663344,0.00461822835205461,1161,2380,18868,0.33482396365701306
6,full_period,T+20,20,target_20pct,18390,2864,0.15573681348559,0.15056794137456905,0.16104948605831693,0.01162079726459952,0.004187527723638396,1161,2380,18868,0.33482396365701306
6,selection_2021_2023,T+20,1,target_1pct,8595,7492,0.8716695753344968,0.8644322719946501,0.8785747860723343,-0.00485362801444985,0.01,631,1698,18868,0.33482396365701306
6,selection_2021_2023,T+20,2,target_2pct,8595,6919,0.8050029086678301,0.7964912305003213,0.8132420619468845,-0.0024875214703307435,0.02,631,1698,18868,0.33482396365701306
6,selection_2021_2023,T+20,3,target_3pct,8595,6328,0.7362420011634672,0.7268215819179047,0.7454513344712053,-0.0011873465459776096,0.03,631,1698,18868,0.33482396365701306
6,selection_2021_2023,T+20,4,target_4pct,8595,5761,0.6702734147760325,0.660260423577409,0.680134264004695,-8.882358182784373e-05,0.04,631,1698,18868,0.33482396365701306
6,selection_2021_2023,T+20,5,target_5pct,8595,5212,0.6063990692262944,0.5960251565787834,0.6166779126346326,0.0006262569469889892,0.05,631,1698,18868,0.33482396365701306
6,selection_2021_2023,T+20,6,target_6pct,8595,4724,0.5496218731820826,0.5390835314860049,0.5601158769552437,0.0014597727730800752,0.06,631,1698,18868,0.33482396365701306
6,selection_2021_2023,T+20,7,target_7pct,8595,4255,0.49505526468877253,0.48448966680725936,0.5056252807689351,0.001964582578954663,0.050405559460529936,631,1698,18868,0.33482396365701306
6,selection_2021_2023,T+20,8,target_8pct,8595,3848,0.4477021524141943,0.4372151364425805,0.4582358973338762,0.0029402692667354745,0.02644426362896679,631,1698,18868,0.33482396365701306
6,selection_2021_2023,T+20,9,target_9pct,8595,3465,0.4031413612565445,0.39281641130806205,0.41355285591974694,0.0034547262980835617,0.015873015873015817,631,1698,18868,0.33482396365701306
6,selection_2021_2023,T+20,10,target_10pct,8595,3147,0.3661431064572426,0.356020168743138,0.3763856474077259,0.0038130652404419186,0.010560895980293639,631,1698,18868,0.33482396365701306
6,selection_2021_2023,T+20,11,target_11pct,8595,2860,0.33275159976730656,0.32286648380939015,0.3427861547971869,0.004091525333606469,0.006842105263157983,631,1698,18868,0.33482396365701306
6,selection_2021_2023,T+20,12,target_12pct,8595,2589,0.3012216404886562,0.2916127826677231,0.31100810989529376,0.004368194223380091,0.003988035892323216,631,1698,18868,0.33482396365701306
6,selection_2021_2023,T+20,13,target_13pct,8595,2365,0.27515997673065734,0.26582037349163407,0.28470047806120774,0.004818490311930862,0.0017436791630340842,631,1698,18868,0.33482396365701306
6,selection_2021_2023,T+20,14,target_14pct,8595,2130,0.24781849912739964,0.23880480778895394,0.257057518596963,0.004971585445698603,0.0,631,1698,18868,0.33482396365701306
6,selection_2021_2023,T+20,15,target_15pct,8595,1930,0.22454915648632925,0.21585135051334164,0.23349308211349037,0.005138211460350071,-0.0012985326580963186,631,1698,18868,0.33482396365701306
6,selection_2021_2023,T+20,16,target_16pct,8595,1753,0.20395578824898197,0.19557029476635288,0.212605801883689,0.0055026629714005505,-0.0017931858936043321,631,1698,18868,0.33482396365701306
6,selection_2021_2023,T+20,17,target_17pct,8595,1576,0.18336242001163466,0.17532354911047437,0.19168421156277726,0.005449028561308998,-0.0025453388482340467,631,1698,18868,0.33482396365701306
6,selection_2021_2023,T+20,18,target_18pct,8595,1418,0.16497963932518905,0.1572827608100625,0.17297586379351204,0.005637548626525324,-0.00291414481058061,631,1698,18868,0.33482396365701306
6,selection_2021_2023,T+20,19,target_19pct,8595,1279,0.14880744618964514,0.14144020574742552,0.15648848269358498,0.005752539369592038,-0.0032281205164992333,631,1698,18868,0.33482396365701306
6,selection_2021_2023,T+20,20,target_20pct,8595,1150,0.13379872018615474,0.12676478972541197,0.14115985724098876,0.005810613128713192,-0.003410852713178314,631,1698,18868,0.33482396365701306
6,audit_2024_present,T+20,1,target_1pct,9795,8595,0.877488514548239,0.8708468451770912,0.8838341979372297,-0.005427582231604695,0.01,530,2143,18868,0.33482396365701306
6,audit_2024_present,T+20,2,target_2pct,9795,8018,0.8185809086268504,0.8108246987360487,0.8260873215582685,-0.0025463612586733068,0.02,530,2143,18868,0.33482396365701306
6,audit_2024_present,T+20,3,target_3pct,9795,7424,0.7579377233282287,0.7493549587044338,0.7663182408705038,-0.0001299113462896567,0.03,530,2143,18868,0.33482396365701306
6,audit_2024_present,T+20,4,target_4pct,9795,6880,0.7023991832567636,0.6932667932974094,0.7113728734974901,0.0023654331419091525,0.04,530,2143,18868,0.33482396365701306
6,audit_2024_present,T+20,5,target_5pct,9795,6323,0.6455334354262379,0.6360047742866769,0.6549479848639558,0.004330579154334677,0.05,530,2143,18868,0.33482396365701306
6,audit_2024_present,T+20,6,target_6pct,9795,5783,0.5904032669729454,0.580630846500149,0.6001048029055931,0.005938017219265752,0.06,530,2143,18868,0.33482396365701306
6,audit_2024_present,T+20,7,target_7pct,9795,5307,0.5418070444104135,0.5319252284207828,0.5516560798024259,0.0075771718483321595,0.07,530,2143,18868,0.33482396365701306
6,audit_2024_present,T+20,8,target_8pct,9795,4824,0.4924961715160796,0.48260014781775473,0.502398078911413,0.008648842290872514,0.05594059405940599,530,2143,18868,0.33482396365701306
6,audit_2024_present,T+20,9,target_9pct,9795,4409,0.4501276161306789,0.44029644008961244,0.459997896743019,0.00990398202963241,0.03761931499157778,530,2143,18868,0.33482396365701306
6,audit_2024_present,T+20,10,target_10pct,9795,4010,0.40939254721796836,0.399691835141066,0.41916430393561843,0.010594903928935322,0.029982668977469595,530,2143,18868,0.33482396365701306
6,audit_2024_present,T+20,11,target_11pct,9795,3677,0.37539561000510463,0.36585660584745106,0.38503231555321743,0.011672885465732221,0.025157232704402288,530,2143,18868,0.33482396365701306
6,audit_2024_present,T+20,12,target_12pct,9795,3374,0.34446145992853494,0.3351133561666394,0.3539315203216182,0.012650257709482249,0.021243523316062163,530,2143,18868,0.33482396365701306
6,audit_2024_present,T+20,13,target_13pct,9795,3099,0.31638591117917303,0.30724924479934224,0.32566654802253586,0.013546297364239993,0.018612521150592087,530,2143,18868,0.33482396365701306
6,audit_2024_present,T+20,14,target_14pct,9795,2843,0.29025012761613067,0.28134513139832823,0.2993195871741202,0.014292052923177647,0.016666298491216924,530,2143,18868,0.33482396365701306
6,audit_2024_present,T+20,15,target_15pct,9795,2601,0.2655436447166922,0.25689088797309556,0.27438023697293895,0.014749125079071772,0.014684287812041008,530,2143,18868,0.33482396365701306
6,audit_2024_present,T+20,16,target_16pct,9795,2387,0.24369576314446145,0.23529522116021975,0.25229727140543207,0.01535391347264729,0.013636363636363669,530,2143,18868,0.33482396365701306
6,audit_2024_present,T+20,17,target_17pct,9795,2172,0.2217457886676876,0.21362875185121324,0.2300810025752692,0.015442049907848698,0.012461059190031154,530,2143,18868,0.33482396365701306
6,audit_2024_present,T+20,18,target_18pct,9795,2000,0.20418580908626852,0.1963193879568174,0.21228417595832952,0.015903045797619857,0.011793916821849715,530,2143,18868,0.33482396365701306
6,audit_2024_present,T+20,19,target_19pct,9795,1853,0.18917815211842776,0.18154431718610595,0.19705570018737623,0.01638145417699391,0.011494252873563315,530,2143,18868,0.33482396365701306
6,audit_2024_present,T+20,20,target_20pct,9795,1714,0.17498723838693211,0.1675903861064151,0.1826389307956971,0.01671916711125016,0.011001100110010986,530,2143,18868,0.33482396365701306
6,year_2021,T+20,1,target_1pct,2206,1984,0.899365367180417,0.8861084511274141,0.9112337656178947,-0.0009273694837382344,0.01,219,931,18868,0.33482396365701306
6,year_2021,T+20,2,target_2pct,2206,1874,0.8495013599274706,0.8339732569059961,0.8638143130266182,0.003305214565169186,0.02,219,931,18868,0.33482396365701306
6,year_2021,T+20,3,target_3pct,2206,1753,0.7946509519492294,0.7772883065955959,0.8109891518430543,0.006726612271463021,0.03,219,931,18868,0.33482396365701306
6,year_2021,T+20,4,target_4pct,2206,1603,0.7266545784224842,0.7076742576912551,0.7448468641846295,0.008391700234434583,0.04,219,931,18868,0.33482396365701306
6,year_2021,T+20,5,target_5pct,2206,1476,0.6690843155031732,0.6491692790858351,0.6884114778335749,0.010110116675229115,0.05,219,931,18868,0.33482396365701306
6,year_2021,T+20,6,target_6pct,2206,1359,0.6160471441523119,0.5955665762159726,0.6361242381844804,0.012162483107544,0.06,219,931,18868,0.33482396365701306
6,year_2021,T+20,7,target_7pct,2206,1239,0.5616500453309157,0.5408545771838571,0.5822311679663835,0.01341443826432611,0.07,219,931,18868,0.33482396365701306
6,year_2021,T+20,8,target_8pct,2206,1132,0.5131459655485041,0.4922832137156979,0.5339630113531035,0.015168170309854111,0.08,219,931,18868,0.33482396365701306
6,year_2021,T+20,9,target_9pct,2206,1029,0.46645512239347237,0.44571323192610734,0.48731364203626176,0.01613825110798665,0.043499521632826665,219,931,18868,0.33482396365701306
6,year_2021,T+20,10,target_10pct,2206,943,0.4274705349048051,0.40696964150967546,0.4482235994900414,0.01715540215695719,0.03153391757679269,219,931,18868,0.33482396365701306
6,year_2021,T+20,11,target_11pct,2206,883,0.400271985494107,0.38001640984741375,0.420874296527197,0.0188327124337657,0.026866479068564875,219,931,18868,0.33482396365701306
6,year_2021,T+20,12,target_12pct,2206,808,0.36627379873073435,0.3464172681842786,0.38659526990894943,0.01929443388624634,0.022716921518729283,219,931,18868,0.33482396365701306
6,year_2021,T+20,13,target_13pct,2206,748,0.33907524932003624,0.3196151826015634,0.3590948208665584,0.02040546887716238,0.018449171376999862,219,931,18868,0.33482396365701306
6,year_2021,T+20,14,target_14pct,2206,681,0.3087035358114234,0.28977223203489466,0.32829994110185867,0.020926358492957105,0.01631157774093861,219,931,18868,0.33482396365701306
6,year_2021,T+20,15,target_15pct,2206,622,0.28195829555757024,0.2635730822846061,0.3011015984707928,0.021586064136175833,0.013862509708312043,219,931,18868,0.33482396365701306
6,year_2021,T+20,16,target_16pct,2206,556,0.25203989120580234,0.23436286478128382,0.2705790278864983,0.021757080157035473,0.012706789087283954,219,931,18868,0.33482396365701306
6,year_2021,T+20,17,target_17pct,2206,507,0.22982774252039892,0.2127494660955173,0.24784535662842822,0.022286826047537595,0.012319798137122029,219,931,18868,0.33482396365701306
6,year_2021,T+20,18,target_18pct,2206,466,0.2112420670897552,0.19471750553762743,0.22877058519249552,0.022965894436020106,0.0116999123347864,219,931,18868,0.33482396365701306
6,year_2021,T+20,19,target_19pct,2206,419,0.1899365367180417,0.17411209697964897,0.2068390082941408,0.023268389271376644,0.011315376567298197,219,931,18868,0.33482396365701306
6,year_2021,T+20,20,target_20pct,2206,377,0.17089755213055305,0.15576474008451557,0.18717459095169992,0.023312966741840916,0.01117414571130837,219,931,18868,0.33482396365701306
6,year_2022,T+20,1,target_1pct,3000,2644,0.8813333333333333,0.8692701997089107,0.8924210958640649,-0.007431480793893413,0.01,199,1172,18868,0.33482396365701306
6,year_2022,T+20,2,target_2pct,3000,2484,0.828,0.8140782569821737,0.8410827874617144,-0.005289434186322387,0.02,199,1172,18868,0.33482396365701306
6,year_2022,T+20,3,target_3pct,3000,2295,0.765,0.7494944078979346,0.779827777399719,-0.00411128429054532,0.03,199,1172,18868,0.33482396365701306
6,year_2022,T+20,4,target_4pct,3000,2129,0.7096666666666667,0.6931635188486057,0.7256335309026196,-0.00273995145149806,0.04,199,1172,18868,0.33482396365701306
6,year_2022,T+20,5,target_5pct,3000,1961,0.6536666666666666,0.6364535803362005,0.6704867057294828,-0.0014092331602319514,0.05,199,1172,18868,0.33482396365701306
6,year_2022,T+20,6,target_6pct,3000,1794,0.598,0.5803402132777955,0.6154091231719028,-0.0007672269931567502,0.06,199,1172,18868,0.33482396365701306
6,year_2022,T+20,7,target_7pct,3000,1641,0.547,0.5291381378143153,0.5647416459931931,-0.00016034028533412048,0.07,199,1172,18868,0.33482396365701306
6,year_2022,T+20,8,target_8pct,3000,1503,0.501,0.4831179314422122,0.5188795107664581,0.000819713881178862,0.08,199,1172,18868,0.33482396365701306
6,year_2022,T+20,9,target_9pct,3000,1383,0.461,0.44322345823273557,0.4788762956291193,0.00206289899140804,0.03857603368357765,199,1172,18868,0.33482396365701306
6,year_2022,T+20,10,target_10pct,3000,1267,0.42233333333333334,0.4047685916764228,0.4400967301168436,0.0021821179789671195,0.0248892091285301,199,1172,18868,0.33482396365701306
6,year_2022,T+20,11,target_11pct,3000,1148,0.38266666666666665,0.36543455661420526,0.40019889090180233,0.0018484708307234617,0.01725484928869636,199,1172,18868,0.33482396365701306
6,year_2022,T+20,12,target_12pct,3000,1055,0.3516666666666667,0.3347794656396692,0.3689332734075563,0.0025417291412413285,0.01098027484680375,199,1172,18868,0.33482396365701306
6,year_2022,T+20,13,target_13pct,3000,977,0.32566666666666666,0.30912939152823743,0.34264985009355786,0.00337850079694296,0.008385763038779803,199,1172,18868,0.33482396365701306
6,year_2022,T+20,14,target_14pct,3000,890,0.2966666666666667,0.2805891353013082,0.31326428226904585,0.0037567042370123312,0.006067694177591454,199,1172,18868,0.33482396365701306
6,year_2022,T+20,15,target_15pct,3000,810,0.27,0.25441469836125113,0.28617359364455913,0.003851978740189337,0.003888035557997549,199,1172,18868,0.33482396365701306
6,year_2022,T+20,16,target_16pct,3000,748,0.24933333333333332,0.23417912908894836,0.2651286906043404,0.0044696544774697365,0.0022900916159827034,199,1172,18868,0.33482396365701306
6,year_2022,T+20,17,target_17pct,3000,680,0.22666666666666666,0.21203963655334754,0.24199282641007905,0.00431656748548567,0.00023940313884107667,199,1172,18868,0.33482396365701306
6,year_2022,T+20,18,target_18pct,3000,617,0.20566666666666666,0.19158375987932275,0.22050241670202567,0.004698750988897088,0.0,199,1172,18868,0.33482396365701306
6,year_2022,T+20,19,target_19pct,3000,560,0.18666666666666668,0.17312732422187543,0.20100745039473558,0.0047239465232037404,-0.00097848291407987,199,1172,18868,0.33482396365701306
6,year_2022,T+20,20,target_20pct,3000,508,0.16933333333333334,0.15633728971616143,0.18317515328349612,0.005066942698849921,-0.0011597480691034057,199,1172,18868,0.33482396365701306
6,year_2023,T+20,1,target_1pct,3389,2864,0.84508704632635,0.832515050533481,0.8568775812946599,-0.005127386639536644,0.01,213,1186,18868,0.33482396365701306
6,year_2023,T+20,2,target_2pct,3389,2561,0.7556801416347005,0.7409292646878691,0.7698520225965122,-0.003777883685243082,0.02,213,1186,18868,0.33482396365701306
6,year_2023,T+20,3,target_3pct,3389,2280,0.6727648273827088,0.6567796802997589,0.6883587429027863,-0.0037504565836202477,0.03,213,1186,18868,0.33482396365701306
6,year_2023,T+20,4,target_4pct,3389,2029,0.5987016819120684,0.5820960329207036,0.6150838177389911,-0.003262223384030342,0.04,213,1186,18868,0.33482396365701306
6,year_2023,T+20,5,target_5pct,3389,1775,0.523753319563293,0.5069208172097026,0.5405320317532433,-0.0037452167145143717,0.05,213,1186,18868,0.33482396365701306
6,year_2023,T+20,6,target_6pct,3389,1571,0.4635585718501033,0.4468199453439496,0.48037972115389094,-0.0035355590944669726,0.0174603174603174,213,1186,18868,0.33482396365701306
6,year_2023,T+20,7,target_7pct,3389,1375,0.40572440247860725,0.38930799717241643,0.42235429793738166,-0.003607448418113221,0.006134969325153339,213,1186,18868,0.33482396365701306
6,year_2023,T+20,8,target_8pct,3389,1213,0.3579226910593095,0.3419517112842806,0.3742154095149927,-0.003142080554583462,0.0012755102040815647,213,1186,18868,0.33482396365701306
6,year_2023,T+20,9,target_9pct,3389,1053,0.31071112422543523,0.29535165495374366,0.3264992443042705,-0.00356928485878267,-0.0031055900621117516,213,1186,18868,0.33482396365701306
6,year_2023,T+20,10,target_10pct,3389,937,0.2764827382708764,0.26168382188622513,0.29178781675437626,-0.003428113117011107,-0.005228758169934622,213,1186,18868,0.33482396365701306
6,year_2023,T+20,11,target_11pct,3389,829,0.2446149306580112,0.23043681992709011,0.2593713691731614,-0.0035183581819740093,-0.00800800800800805,213,1186,18868,0.33482396365701306
6,year_2023,T+20,12,target_12pct,3389,726,0.21422248450870462,0.20073662738641546,0.22835549409665049,-0.003730917446689739,-0.009345794392523477,213,1186,18868,0.33482396365701306
6,year_2023,T+20,13,target_13pct,3389,640,0.1888462673354972,0.17602403778627823,0.20237311461836097,-0.004052830481795022,-0.01122694466720131,213,1186,18868,0.33482396365701306
6,year_2023,T+20,14,target_14pct,3389,559,0.16494541162584833,0.15283076452009073,0.17781880072928608,-0.004338413290268772,-0.012232415902140747,213,1186,18868,0.33482396365701306
6,year_2023,T+20,15,target_15pct,3389,498,0.14694600177043377,0.13542549162921902,0.15926601415755276,-0.004429585778478325,-0.012836438923395366,213,1186,18868,0.33482396365701306
6,year_2023,T+20,16,target_16pct,3389,449,0.13248745942755974,0.12148825631054819,0.14431890662921296,-0.004163379763836449,-0.0130368098159509,213,1186,18868,0.33482396365701306
6,year_2023,T+20,17,target_17pct,3389,389,0.1147831218648569,0.10448441677182634,0.12595416308996266,-0.004508716504241397,-0.013267813267813233,213,1186,18868,0.33482396365701306
6,year_2023,T+20,18,target_18pct,3389,335,0.09884921805842431,0.08925025018090028,0.10935660491071376,-0.004810942947054132,-0.013405797101449402,213,1186,18868,0.33482396365701306
6,year_2023,T+20,19,target_19pct,3389,300,0.08852168781351431,0.07941812662264404,0.09855705500681959,-0.004738515910482306,-0.013476473676540035,213,1186,18868,0.33482396365701306
6,year_2023,T+20,20,target_20pct,3389,265,0.0781941575686043,0.06962511614694428,0.08771839202036891,-0.004923875151301546,-0.0135225005542009,213,1186,18868,0.33482396365701306
6,year_2024,T+20,1,target_1pct,3067,2644,0.8620802086729703,0.849422922370842,0.8738315756794643,-0.010975871220400104,0.01,178,1147,18868,0.33482396365701306
6,year_2024,T+20,2,target_2pct,3067,2489,0.8115422236713401,0.7973148386603901,0.8249901346733045,-0.008616151591216889,0.02,178,1147,18868,0.33482396365701306
6,year_2024,T+20,3,target_3pct,3067,2323,0.7574176719921748,0.7419313360099586,0.7722599527885258,-0.006279490131792932,0.03,178,1147,18868,0.33482396365701306
6,year_2024,T+20,4,target_4pct,3067,2165,0.7059015324421258,0.6895263177341037,0.7217615845790603,-0.004671212258491226,0.04,178,1147,18868,0.33482396365701306
6,year_2024,T+20,5,target_5pct,3067,2016,0.6573198565373329,0.6403353948040823,0.673910706329887,-0.002632737485327609,0.05,178,1147,18868,0.33482396365701306
6,year_2024,T+20,6,target_6pct,3067,1875,0.6113465927616564,0.593966137275166,0.6284484607294982,-0.0008908900451679436,0.06,178,1147,18868,0.33482396365701306
6,year_2024,T+20,7,target_7pct,3067,1736,0.5660254320182588,0.5484128193277128,0.5834728500601187,0.00108859586603153,0.07,178,1147,18868,0.33482396365701306
6,year_2024,T+20,8,target_8pct,3067,1594,0.5197261167264428,0.5020305039406445,0.5373723750616459,0.00224067978640335,0.08,178,1147,18868,0.33482396365701306
6,year_2024,T+20,9,target_9pct,3067,1470,0.4792957287251386,0.4616520922051316,0.4969911670238694,0.003586558505869789,0.048722044728434444,178,1147,18868,0.33482396365701306
6,year_2024,T+20,10,target_10pct,3067,1349,0.439843495272253,0.4223623641503863,0.45747513707403376,0.004408032540359584,0.030895983522141846,178,1147,18868,0.33482396365701306
6,year_2024,T+20,11,target_11pct,3067,1246,0.4062601891098794,0.38900595064256754,0.4237489631895234,0.005502692586047056,0.023395471037157556,178,1147,18868,0.33482396365701306
6,year_2024,T+20,12,target_12pct,3067,1147,0.3739810890120639,0.35702423296259345,0.391253242502113,0.006464639375351758,0.01829924650161474,178,1147,18868,0.33482396365701306
6,year_2024,T+20,13,target_13pct,3067,1088,0.35474404955983047,0.33800281758853024,0.37184870975824014,0.008031733844300675,0.01479899615920166,178,1147,18868,0.33482396365701306
6,year_2024,T+20,14,target_14pct,3067,1001,0.3263775676556896,0.31000909771645246,0.34318043833776796,0.00893015688887006,0.012499999999999956,178,1147,18868,0.33482396365701306
6,year_2024,T+20,15,target_15pct,3067,925,0.3015976524290838,0.28561112689928053,0.3180805776809883,0.009360579957363429,0.009419152276294973,178,1147,18868,0.33482396365701306
6,year_2024,T+20,16,target_16pct,3067,860,0.28040430388001303,0.26478883374882217,0.29656919917609326,0.010187615352950903,0.00832755031228305,178,1147,18868,0.33482396365701306
6,year_2024,T+20,17,target_17pct,3067,796,0.25953700684708186,0.24432965946617574,0.2753459890596226,0.010993943507544087,0.00746268656716409,178,1147,18868,0.33482396365701306
6,year_2024,T+20,18,target_18pct,3067,748,0.24388653407238345,0.22901505552261872,0.25939880470384163,0.011987647642035335,0.006503230898957657,178,1147,18868,0.33482396365701306
6,year_2024,T+20,19,target_19pct,3067,708,0.23084447342680142,0.21627367891181729,0.24608869106519482,0.01316577653476557,0.00627802690582957,178,1147,18868,0.33482396365701306
6,year_2024,T+20,20,target_20pct,3067,668,0.21780241278121942,0.203552379306364,0.2327585004211999,0.01391968410201015,0.005838563713326472,178,1147,18868,0.33482396365701306
6,year_2025,T+20,1,target_1pct,3614,3324,0.9197565024903155,0.9104469341270116,0.9281746351534125,0.0038777276740479543,0.01,221,1569,18868,0.33482396365701306
6,year_2025,T+20,2,target_2pct,3614,3128,0.8655229662423907,0.854010882467609,0.8762587899249025,0.009921259510187627,0.02,221,1569,18868,0.33482396365701306
6,year_2025,T+20,3,target_3pct,3614,2918,0.8074156059767571,0.794235407767737,0.8199429465305828,0.014680789776505148,0.03,221,1569,18868,0.33482396365701306
6,year_2025,T+20,4,target_4pct,3614,2710,0.7498616491422246,0.7354810784597386,0.7637115893452863,0.019678854924638133,0.04,221,1569,18868,0.33482396365701306
6,year_2025,T+20,5,target_5pct,3614,2492,0.689540675152186,0.6742611148343521,0.7044177084728928,0.023860595777494248,0.05,221,1569,18868,0.33482396365701306
6,year_2025,T+20,6,target_6pct,3614,2263,0.6261759822910902,0.6102757389469051,0.6418082660576256,0.026791545508894867,0.06,221,1569,18868,0.33482396365701306
6,year_2025,T+20,7,target_7pct,3614,2066,0.5716657443276149,0.5554646870466495,0.5877146052695205,0.029728603669658165,0.07,221,1569,18868,0.33482396365701306
6,year_2025,T+20,8,target_8pct,3614,1869,0.5171555063641394,0.5008538637286299,0.533420715899179,0.03206514058550605,0.08,221,1569,18868,0.33482396365701306
6,year_2025,T+20,9,target_9pct,3614,1706,0.4720531267293857,0.45581523634633486,0.4883503678083633,0.03455414464844448,0.05457910457348425,221,1569,18868,0.33482396365701306
6,year_2025,T+20,10,target_10pct,3614,1551,0.4291643608190371,0.41311072822711986,0.44536842685805583,0.036350153273924504,0.044731809701492486,221,1569,18868,0.33482396365701306
6,year_2025,T+20,11,target_11pct,3614,1416,0.39180962921970114,0.37601708377019627,0.40783193825442743,0.03837385263785903,0.041174538603539146,221,1569,18868,0.33482396365701306
6,year_2025,T+20,12,target_12pct,3614,1289,0.35666851134477034,0.34121074986019373,0.37243066550746634,0.039627855025426706,0.038461538461538436,221,1569,18868,0.33482396365701306
6,year_2025,T+20,13,target_13pct,3614,1156,0.3198671831765357,0.30485832377321276,0.3352585901347924,0.04086805850800438,0.036980768395102004,221,1569,18868,0.33482396365701306
6,year_2025,T+20,14,target_14pct,3614,1065,0.2946873270614278,0.2800477049537965,0.30976297111339235,0.04209453422187156,0.03523587611229595,221,1569,18868,0.33482396365701306
6,year_2025,T+20,15,target_15pct,3614,976,0.27006087437742116,0.255835076325776,0.2847749935014934,0.043075218914305165,0.034566753140858,221,1569,18868,0.33482396365701306
6,year_2025,T+20,16,target_16pct,3614,884,0.2446043165467626,0.23086570645516544,0.258885309730839,0.04395838209164194,0.03405927493686989,221,1569,18868,0.33482396365701306
6,year_2025,T+20,17,target_17pct,3614,799,0.2210846707249585,0.20785513266261157,0.23490654048526755,0.04441428058254065,0.03350093151668865,221,1569,18868,0.33482396365701306
6,year_2025,T+20,18,target_18pct,3614,719,0.19894853348090757,0.18625563789865296,0.21228077121334354,0.04471917276122562,0.03307801046993475,221,1569,18868,0.33482396365701306
6,year_2025,T+20,19,target_19pct,3614,658,0.18206972883231876,0.16982778269054138,0.19498686259409465,0.0450971534502879,0.032799692622950904,221,1569,18868,0.33482396365701306
6,year_2025,T+20,20,target_20pct,3614,602,0.16657443276148312,0.15478191614579273,0.17907504431372545,0.04562887474471457,0.0326864962381741,221,1569,18868,0.33482396365701306
6,year_2026,T+20,1,target_1pct,3114,2627,0.8436095054592164,0.830429258491837,0.8559430062184676,-0.010762453031345593,0.01,131,1464,18868,0.33482396365701306
6,year_2026,T+20,2,target_2pct,3114,2401,0.7710340398201669,0.7559476925948796,0.7854524862981083,-0.011037669707212885,0.02,131,1464,18868,0.33482396365701306
6,year_2026,T+20,3,target_3pct,3114,2183,0.7010276172125883,0.6847081533468726,0.7168516949789693,-0.0112619330940873,0.03,131,1464,18868,0.33482396365701306
6,year_2026,T+20,4,target_4pct,3114,2005,0.6438664097623635,0.6268795403925496,0.6604987536169986,-0.010797481077665212,0.04,131,1464,18868,0.33482396365701306
6,year_2026,T+20,5,target_5pct,3114,1815,0.5828516377649325,0.5654409955826533,0.6000581112353455,-0.011477059876575551,0.05,131,1464,18868,0.33482396365701306
6,year_2026,T+20,6,target_6pct,3114,1645,0.5282594733461785,0.5107017876322036,0.5457475201196718,-0.0115380240969518,0.06,131,1464,18868,0.33482396365701306
6,year_2026,T+20,7,target_7pct,3114,1505,0.4833012202954399,0.46578068793278476,0.5008629029411069,-0.011740365744653116,0.03397530864197529,131,1464,18868,0.33482396365701306
6,year_2026,T+20,8,target_8pct,3114,1361,0.43705844572896596,0.41972455507667455,0.45454744129414804,-0.012215855087290202,0.01335139975892563,131,1464,18868,0.33482396365701306
6,year_2026,T+20,9,target_9pct,3114,1233,0.3959537572254335,0.3789147949774559,0.4132491173906387,-0.012482064777370447,0.0035621487754293746,131,1464,18868,0.33482396365701306
6,year_2026,T+20,10,target_10pct,3114,1110,0.35645472061657035,0.3398186029488696,0.3734445724478535,-0.013202249758935313,-0.003543709616115498,131,1464,18868,0.33482396365701306
6,year_2026,T+20,11,target_11pct,3114,1015,0.32594733461785486,0.3097072197182528,0.3426163620826956,-0.013238262189396836,-0.007531799852184162,131,1464,18868,0.33482396365701306
6,year_2026,T+20,12,target_12pct,3114,938,0.3012202954399486,0.28535907672199473,0.3175713607960625,-0.012566744624828936,-0.010292558104568583,131,1464,18868,0.33482396365701306
6,year_2026,T+20,13,target_13pct,3114,855,0.2745664739884393,0.25917601094516296,0.2905124658523754,-0.012731056026225847,-0.013432726320965704,131,1464,18868,0.33482396365701306
6,year_2026,T+20,14,target_14pct,3114,777,0.24951830443159922,0.2346340577434881,0.2650198053648878,-0.012693570800733226,-0.015359330982261221,131,1464,18868,0.33482396365701306
6,year_2026,T+20,15,target_15pct,3114,700,0.224791265253693,0.21047338430638704,0.2397873345190978,-0.012817938258196689,-0.01637718735014676,131,1464,18868,0.33482396365701306
6,year_2026,T+20,16,target_16pct,3114,643,0.20648683365446371,0.19263524657163283,0.2210617160963872,-0.012755114547885096,-0.0180733053825044,131,1464,18868,0.33482396365701306
6,year_2026,T+20,17,target_17pct,3114,577,0.1852922286448298,0.1720362317374574,0.19932375011665598,-0.013801141912511767,-0.020236144146210278,131,1464,18868,0.33482396365701306
6,year_2026,T+20,18,target_18pct,3114,533,0.17116249197174052,0.15834034314366133,0.1847949848345143,-0.013683645500804526,-0.02121191214671808,131,1464,18868,0.33482396365701306
6,year_2026,T+20,19,target_19pct,3114,487,0.15639049454078355,0.14405699378153233,0.1695707415081629,-0.013777843782212949,-0.022018764575526373,131,1464,18868,0.33482396365701306
6,year_2026,T+20,20,target_20pct,3114,444,0.14258188824662812,0.13074118419761757,0.1553033666224112,-0.014075203151434911,-0.022681599588895818,131,1464,18868,0.33482396365701306
7,full_period,T+20,1,target_1pct,18246,16047,0.8794804340677409,0.8746763292277966,0.8841247772979719,-0.004091262645239081,0.01,1158,2368,18729,0.3323573253833049
7,full_period,T+20,2,target_2pct,18246,14933,0.8184259563739997,0.8127655480478926,0.8239523070813267,-0.0013218269913481142,0.02,1158,2368,18729,0.3323573253833049
7,full_period,T+20,3,target_3pct,18246,13800,0.7563301545544229,0.7500474681773263,0.7625049257020814,0.0007145640675234583,0.03,1158,2368,18729,0.3323573253833049
7,full_period,T+20,4,target_4pct,18246,12620,0.6916584456867259,0.6849177703765968,0.6983184326159815,0.002093960513681119,0.04,1158,2368,18729,0.3323573253833049
7,full_period,T+20,5,target_5pct,18246,11509,0.630768387591801,0.6237389870327472,0.637742734540113,0.003249892777764551,0.05,1158,2368,18729,0.3323573253833049
7,full_period,T+20,6,target_6pct,18246,10454,0.5729474953414447,0.5657554270895063,0.5801088526311462,0.004594045139221485,0.06,1158,2368,18729,0.3323573253833049
7,full_period,T+20,7,target_7pct,18246,9492,0.52022361065439,0.5129709717625814,0.527467735387622,0.005403470029880469,0.07,1158,2368,18729,0.3323573253833049
7,full_period,T+20,8,target_8pct,18246,8632,0.4730899923270854,0.4658518517643258,0.4803394620276799,0.006349813111979313,0.03924781907472075,1158,2368,18729,0.3323573253833049
7,full_period,T+20,9,target_9pct,18246,7852,0.4303408966348789,0.42317197453254884,0.43753914528341714,0.007060510343056667,0.026450653723380957,1158,2368,18729,0.3323573253833049
7,full_period,T+20,10,target_10pct,18246,7121,0.39027732105666996,0.38322288858611614,0.3973779468753818,0.0075782259313133165,0.018585201784041216,1158,2368,18729,0.3323573253833049
7,full_period,T+20,11,target_11pct,18246,6495,0.3559684314370273,0.34905186724927634,0.3629456330468358,0.008403742053233913,0.014823971066245445,1158,2368,18729,0.3323573253833049
7,full_period,T+20,12,target_12pct,18246,5917,0.32429025539844347,0.3175355187958624,0.3311189659641587,0.008902882555539495,0.01145624481865759,1158,2368,18729,0.3323573253833049
7,full_period,T+20,13,target_13pct,18246,5405,0.2962293105338156,0.289647519441887,0.30289688927232344,0.009517478457477066,0.009544316277939835,1158,2368,18729,0.3323573253833049
7,full_period,T+20,14,target_14pct,18246,4926,0.26997698125616576,0.26358414701386496,0.2764666553996749,0.010053496470922376,0.0077282829104279305,1158,2368,18729,0.3323573253833049
7,full_period,T+20,15,target_15pct,18246,4487,0.24591691329606488,0.23972232290771295,0.25221847289623534,0.010500219496884724,0.006402731905159498,1158,2368,18729,0.3323573253833049
7,full_period,T+20,16,target_16pct,18246,4114,0.22547407650992,0.21946851578980267,0.23159521289483428,0.010966752369118562,0.0055769487107332205,1158,2368,18729,0.3323573253833049
7,full_period,T+20,17,target_17pct,18246,3766,0.20640140304724322,0.2005909177338938,0.21233549363835616,0.011293987828235867,0.004651263412945639,1158,2368,18729,0.3323573253833049
7,full_period,T+20,18,target_18pct,18246,3454,0.18930176477036062,0.18368306025120396,0.1950512735306301,0.011516483084690351,0.0041039978890516915,1158,2368,18729,0.3323573253833049
7,full_period,T+20,19,target_19pct,18246,3190,0.1748328400745369,0.16939013458086702,0.1804124412398459,0.01187732655347305,0.0036982430610074113,1158,2368,18729,0.3323573253833049
7,full_period,T+20,20,target_20pct,18246,2909,0.1594322043187548,0.15419210912227266,0.16481567886861054,0.011950806652285489,0.003105620014853039,1158,2368,18729,0.3323573253833049
7,selection_2021_2023,T+20,1,target_1pct,8546,7497,0.877252515796864,0.8701251673276593,0.8840408513737865,-0.003941680850115018,0.01,628,1681,18729,0.3323573253833049
7,selection_2021_2023,T+20,2,target_2pct,8546,6938,0.8118417973320852,0.8034158434104541,0.8199875188225958,-0.001514433122316615,0.02,628,1681,18729,0.3323573253833049
7,selection_2021_2023,T+20,3,target_3pct,8546,6399,0.7487713550198923,0.7394652848700812,0.7578538701421005,0.0005384140934647383,0.03,628,1681,18729,0.3323573253833049
7,selection_2021_2023,T+20,4,target_4pct,8546,5799,0.6785630704423122,0.668582859301559,0.6883828182847954,0.0014508669211738387,0.04,628,1681,18729,0.3323573253833049
7,selection_2021_2023,T+20,5,target_5pct,8546,5252,0.6145565176690849,0.6041882762516151,0.6248218144148598,0.002228614180663256,0.05,628,1681,18729,0.3323573253833049
7,selection_2021_2023,T+20,6,target_6pct,8546,4763,0.5573367657383571,0.5467823236772246,0.5678396828872011,0.003331448711713224,0.06,628,1681,18729,0.3323573253833049
7,selection_2021_2023,T+20,7,target_7pct,8546,4295,0.5025743037678446,0.4919747231409972,0.5131715710312831,0.0038097710158812885,0.07,628,1681,18729,0.3323573253833049
7,selection_2021_2023,T+20,8,target_8pct,8546,3884,0.4544816288322022,0.4439475070699398,0.4650566550656488,0.004352290694791807,0.02862565802542716,628,1681,18729,0.3323573253833049
7,selection_2021_2023,T+20,9,target_9pct,8546,3517,0.411537561432249,0.40114586828891174,0.42200875015454575,0.00497865583179909,0.017891635292191954,628,1681,18729,0.3323573253833049
7,selection_2021_2023,T+20,10,target_10pct,8546,3156,0.36929557687807163,0.35912410334229294,0.37958450618329176,0.0050108881247861396,0.011883105722300225,628,1681,18729,0.3323573253833049
7,selection_2021_2023,T+20,11,target_11pct,8546,2865,0.33524455885794524,0.32531165929450007,0.3453255136795583,0.005721249656595754,0.008401274288073357,628,1681,18729,0.3323573253833049
7,selection_2021_2023,T+20,12,target_12pct,8546,2605,0.3048209688743272,0.295150564950732,0.3146667678054679,0.005966179984530362,0.005277367825053725,628,1681,18729,0.3323573253833049
7,selection_2021_2023,T+20,13,target_13pct,8546,2363,0.2765036274280365,0.2671227024808905,0.2860853943802257,0.006642339739896125,0.003826139525931249,628,1681,18729,0.3323573253833049
7,selection_2021_2023,T+20,14,target_14pct,8546,2116,0.24760121694359935,0.2385648406089301,0.2568644080452204,0.006835651743671607,0.0018514710921819777,628,1681,18729,0.3323573253833049
7,selection_2021_2023,T+20,15,target_15pct,8546,1902,0.22256026211092908,0.2138667681231168,0.2315030735824886,0.007005733598487802,0.0007927171818856715,628,1681,18729,0.3323573253833049
7,selection_2021_2023,T+20,16,target_16pct,8546,1728,0.20219985958343084,0.1938189901979847,0.21084834305413075,0.007309150970182847,0.0,628,1681,18729,0.3323573253833049
7,selection_2021_2023,T+20,17,target_17pct,8546,1574,0.1841797332085186,0.17610375392867164,0.19253952011748146,0.007718712554915303,-0.00024104593478535552,628,1681,18729,0.3323573253833049
7,selection_2021_2023,T+20,18,target_18pct,8546,1427,0.16697870348701147,0.15922130561824893,0.17503536645857645,0.007849249547348539,-0.0007790909129905543,628,1681,18729,0.3323573253833049
7,selection_2021_2023,T+20,19,target_19pct,8546,1300,0.15211794991809033,0.14466002041029805,0.1598884989447272,0.007968210606070355,-0.0013336035989133244,628,1681,18729,0.3323573253833049
7,selection_2021_2023,T+20,20,target_20pct,8546,1156,0.1352679616194711,0.1281803696283659,0.1426833151444608,0.007891796145768877,-0.001963810138758626,628,1681,18729,0.3323573253833049
7,audit_2024_present,T+20,1,target_1pct,9700,8550,0.8814432989690721,0.8748585423539618,0.887726040642529,-0.004223048832984467,0.01,530,2123,18729,0.3323573253833049
7,audit_2024_present,T+20,2,target_2pct,9700,7995,0.8242268041237113,0.8165240818743802,0.8316728136726369,-0.0011521350330742164,0.02,530,2123,18729,0.3323573253833049
7,audit_2024_present,T+20,3,target_3pct,9700,7401,0.7629896907216495,0.7544238298896414,0.7713473244952365,0.0008697576426065327,0.03,530,2123,18729,0.3323573253833049
7,audit_2024_present,T+20,4,target_4pct,9700,6821,0.7031958762886598,0.6940252151145027,0.7122056532871415,0.002660545858172585,0.04,530,2123,18729,0.3323573253833049
7,audit_2024_present,T+20,5,target_5pct,9700,6257,0.6450515463917526,0.6354733548808862,0.6545148905991307,0.004149670807746785,0.05,530,2123,18729,0.3323573253833049
7,audit_2024_present,T+20,6,target_6pct,9700,5691,0.5867010309278351,0.5768689320746553,0.5964644826010337,0.00570643164123031,0.06,530,2123,18729,0.3323573253833049
7,audit_2024_present,T+20,7,target_7pct,9700,5197,0.5357731958762887,0.5258360961876776,0.5456819714609122,0.006807568150873975,0.07,530,2123,18729,0.3323573253833049
7,audit_2024_present,T+20,8,target_8pct,9700,4748,0.4894845360824742,0.47954247583605625,0.4994349221462028,0.008109692140565337,0.05365902556796376,530,2123,18729,0.3323573253833049
7,audit_2024_present,T+20,9,target_9pct,9700,4335,0.4469072164948454,0.43703603524356044,0.4568204349609822,0.008894688554727515,0.03314773291542805,530,2123,18729,0.3323573253833049
7,audit_2024_present,T+20,10,target_10pct,9700,3965,0.40876288659793814,0.39901754432337894,0.41858046758151457,0.009840129941063959,0.025558354307116837,530,2123,18729,0.3323573253833049
7,audit_2024_present,T+20,11,target_11pct,9700,3630,0.37422680412371134,0.36464793353392555,0.383905258018583,0.0107671008183545,0.020543094415770846,530,2123,18729,0.3323573253833049
7,audit_2024_present,T+20,12,target_12pct,9700,3312,0.34144329896907216,0.33207089938401024,0.3509412388190702,0.011490208346451258,0.017351168020388275,530,2123,18729,0.3323573253833049
7,audit_2024_present,T+20,13,target_13pct,9700,3042,0.3136082474226804,0.304450418238269,0.32291365580020254,0.012050564589481883,0.014794915802303299,530,2123,18729,0.3323573253833049
7,audit_2024_present,T+20,14,target_14pct,9700,2810,0.28969072164948456,0.2807480129349108,0.2987999467102674,0.012888517196601251,0.013098464513951802,530,2123,18729,0.3323573253833049
7,audit_2024_present,T+20,15,target_15pct,9700,2585,0.26649484536082474,0.2577898894185927,0.2753846834227448,0.013578969650255868,0.011578690797110491,530,2123,18729,0.3323573253833049
7,audit_2024_present,T+20,16,target_16pct,9700,2386,0.24597938144329898,0.2375104519987318,0.25464943651387545,0.014189212323273678,0.010748111923076564,530,2123,18729,0.3323573253833049
7,audit_2024_present,T+20,17,target_17pct,9700,2192,0.22597938144329896,0.21776578369573424,0.2344099401948948,0.014443915919555201,0.009561759058909547,530,2123,18729,0.3323573253833049
7,audit_2024_present,T+20,18,target_18pct,9700,2027,0.20896907216494845,0.20099396110508308,0.2171746124627295,0.014747429250682429,0.008698906902918635,530,2123,18729,0.3323573253833049
7,audit_2024_present,T+20,19,target_19pct,9700,1890,0.19484536082474227,0.1870844663185046,0.2028478672843028,0.015321378603628038,0.008140323751222756,530,2123,18729,0.3323573253833049
7,audit_2024_present,T+20,20,target_20pct,9700,1753,0.1807216494845361,0.17319094838039392,0.18850514525740827,0.015526920444934042,0.00755794765035922,530,2123,18729,0.3323573253833049
7,year_2021,T+20,1,target_1pct,2196,1973,0.8984517304189436,0.8851142869728554,0.910397535332896,-0.001025831274425729,0.01,218,924,18729,0.3323573253833049
7,year_2021,T+20,2,target_2pct,2196,1852,0.843351548269581,0.8275511709909162,0.8579527307445541,0.002894967740963076,0.02,218,924,18729,0.3323573253833049
7,year_2021,T+20,3,target_3pct,2196,1733,0.7891621129326047,0.7716038525915555,0.8057104413103328,0.006256406923167481,0.03,218,924,18729,0.3323573253833049
7,year_2021,T+20,4,target_4pct,2196,1598,0.7276867030965392,0.7086825275790832,0.7458956565956318,0.009187742630579076,0.04,218,924,18729,0.3323573253833049
7,year_2021,T+20,5,target_5pct,2196,1466,0.6675774134790529,0.6475966436879431,0.6869728998646473,0.011208380468375712,0.05,218,924,18729,0.3323573253833049
7,year_2021,T+20,6,target_6pct,2196,1350,0.6147540983606558,0.5942160331695181,0.6348913716545384,0.01320786934632184,0.06,218,924,18729,0.3323573253833049
7,year_2021,T+20,7,target_7pct,2196,1230,0.5601092896174863,0.5392611702080548,0.5807474704140699,0.014063166762875352,0.07,218,924,18729,0.3323573253833049
7,year_2021,T+20,8,target_8pct,2196,1122,0.5109289617486339,0.4900204372341674,0.531799315606219,0.015255790038945397,0.08,218,924,18729,0.3323573253833049
7,year_2021,T+20,9,target_9pct,2196,1022,0.465391621129326,0.4446076602305425,0.48629645577490077,0.016529904540525553,0.04538003721831174,218,924,18729,0.3323573253833049
7,year_2021,T+20,10,target_10pct,2196,939,0.4275956284153005,0.40704749387899525,0.44839664355344533,0.017888677913898365,0.032956686236956134,218,924,18729,0.3323573253833049
7,year_2021,T+20,11,target_11pct,2196,877,0.39936247723132967,0.3790706536204813,0.4200057889742946,0.01952864646013287,0.028616513735844507,218,924,18729,0.3323573253833049
7,year_2021,T+20,12,target_12pct,2196,811,0.3693078324225865,0.3493667460715612,0.38970537621215234,0.020781252772132115,0.024938773765704414,218,924,18729,0.3323573253833049
7,year_2021,T+20,13,target_13pct,2196,761,0.3465391621129326,0.3269193978046679,0.3666949060615742,0.022326963195420543,0.02261253430144361,218,924,18729,0.3323573253833049
7,year_2021,T+20,14,target_14pct,2196,684,0.3114754098360656,0.2924495588135675,0.3311597046897684,0.022782425032276104,0.018409465556133986,218,924,18729,0.3323573253833049
7,year_2021,T+20,15,target_15pct,2196,615,0.28005464480874315,0.26167054288696223,0.29920693120026287,0.02317908038196814,0.016728073018551504,218,924,18729,0.3323573253833049
7,year_2021,T+20,16,target_16pct,2196,564,0.2568306010928962,0.23899338556374208,0.27551711373766224,0.02364413181920709,0.015099868098737534,218,924,18729,0.3323573253833049
7,year_2021,T+20,17,target_17pct,2196,520,0.23679417122040072,0.2194828031383331,0.2550248159556962,0.024228741558831337,0.014556527330249924,218,924,18729,0.3323573253833049
7,year_2021,T+20,18,target_18pct,2196,472,0.21493624772313297,0.19826089726775034,0.23260721614550633,0.024849383772911026,0.01406948584202683,218,924,18729,0.3323573253833049
7,year_2021,T+20,19,target_19pct,2196,429,0.1953551912568306,0.1793104700773524,0.21246391949687876,0.02476587701998213,0.013351158645276251,218,924,18729,0.3323573253833049
7,year_2021,T+20,20,target_20pct,2196,384,0.17486338797814208,0.15954752339969647,0.19131482959881035,0.02499499951546746,0.012835813807363206,218,924,18729,0.3323573253833049
7,year_2022,T+20,1,target_1pct,2991,2645,0.8843196255432966,0.87236081599815,0.895292471574722,-0.005664546061019469,0.01,198,1160,18729,0.3323573253833049
7,year_2022,T+20,2,target_2pct,2991,2489,0.8321631561350719,0.8183453388900822,0.845128816137015,-0.0034994882774761825,0.02,198,1160,18729,0.3323573253833049
7,year_2022,T+20,3,target_3pct,2991,2321,0.7759946506185222,0.7607040910959582,0.7905771519587663,-0.001788296078840208,0.03,198,1160,18729,0.3323573253833049
7,year_2022,T+20,4,target_4pct,2991,2132,0.7128050819124039,0.6963250380408597,0.7287391790449456,-0.001292717393029213,0.04,198,1160,18729,0.3323573253833049
7,year_2022,T+20,5,target_5pct,2991,1968,0.6579739217652959,0.6407796940373994,0.674762870884899,-0.00017390733747518704,0.05,198,1160,18729,0.3323573253833049
7,year_2022,T+20,6,target_6pct,2991,1807,0.6041457706452691,0.5864967695358818,0.6215275880795592,0.0009153527960606035,0.06,198,1160,18729,0.3323573253833049
7,year_2022,T+20,7,target_7pct,2991,1660,0.5549983283182882,0.5371286318721332,0.5727269277674818,0.00204893628681951,0.07,198,1160,18729,0.3323573253833049
7,year_2022,T+20,8,target_8pct,2991,1516,0.5068538950183885,0.48893911097936926,0.524751095541069,0.002419337054170465,0.08,198,1160,18729,0.3323573253833049
7,year_2022,T+20,9,target_9pct,2991,1392,0.4653961885656971,0.4475757860420462,0.4833053664035456,0.0031778242450487587,0.040590405904058935,198,1160,18729,0.3323573253833049
7,year_2022,T+20,10,target_10pct,2991,1259,0.42092945503176193,0.4033482590834476,0.43871350471734905,0.003128335441657193,0.026455026455026287,198,1160,18729,0.3323573253833049
7,year_2022,T+20,11,target_11pct,2991,1147,0.3834837846873955,0.3662179473431065,0.4010485418094417,0.003887808244439514,0.019512195121951237,198,1160,18729,0.3323573253833049
7,year_2022,T+20,12,target_12pct,2991,1043,0.3487128050819124,0.33183749953766317,0.3659762345843685,0.004007037928977222,0.01393188854489158,198,1160,18729,0.3323573253833049
7,year_2022,T+20,13,target_13pct,2991,948,0.316950852557673,0.30051954897371347,0.33385176468775035,0.0047099011360127825,0.010308429557230658,198,1160,18729,0.3323573253833049
7,year_2022,T+20,14,target_14pct,2991,861,0.28786359077231694,0.27191740955523525,0.3043540032633926,0.0050401129656945255,0.007111111111111068,198,1160,18729,0.3323573253833049
7,year_2022,T+20,15,target_15pct,2991,785,0.26245402875292545,0.2469981836534974,0.27851929279667614,0.0057305110056189495,0.005630630630630629,198,1160,18729,0.3323573253833049
7,year_2022,T+20,16,target_16pct,2991,714,0.238716148445336,0.22377958703880274,0.25432302780399896,0.006283732454618112,0.004270896888346476,198,1160,18729,0.3323573253833049
7,year_2022,T+20,17,target_17pct,2991,652,0.2179872952189903,0.20355722598116158,0.23314086182421678,0.006990413176078429,0.00339558573853993,198,1160,18729,0.3323573253833049
7,year_2022,T+20,18,target_18pct,2991,599,0.20026746907388834,0.1863134741986299,0.21499042113927377,0.007310213600768385,0.002580645161290196,198,1160,18729,0.3323573253833049
7,year_2022,T+20,19,target_19pct,2991,552,0.18455366098294884,0.17105837748083227,0.19885821510289567,0.007867982350576395,0.0016853932584268705,198,1160,18729,0.3323573253833049
7,year_2022,T+20,20,target_20pct,2991,495,0.16549648946840523,0.15260866905927287,0.17924247124811435,0.0077003425157860135,0.0009990009990010762,198,1160,18729,0.3323573253833049
7,year_2023,T+20,1,target_1pct,3359,2879,0.8571003274784162,0.8448567291076933,0.868528046434515,-0.0043138498951874995,0.01,212,1171,18729,0.3323573253833049
7,year_2023,T+20,2,target_2pct,3359,2597,0.7731467698719857,0.7586764128440192,0.786993059069258,-0.0026295698673835816,0.02,212,1171,18729,0.3323573253833049
7,year_2023,T+20,3,target_3pct,3359,2345,0.6981244417981542,0.6823803355362988,0.7134158863255933,-0.0011280110713650098,0.03,212,1171,18729,0.3323573253833049
7,year_2023,T+20,4,target_4pct,3359,2069,0.6159571300982435,0.5993854121247686,0.6322639168237015,-0.0011642323268382395,0.04,212,1171,18729,0.3323573253833049
7,year_2023,T+20,5,target_5pct,3359,1818,0.5412325096754986,0.5243434397317658,0.5580273742845708,-0.0015027418500198249,0.05,212,1171,18729,0.3323573253833049
7,year_2023,T+20,6,target_6pct,3359,1606,0.4781184876451325,0.46126019490688114,0.49502677382813154,-0.0009740222111458209,0.027924528301886742,212,1171,18729,0.3323573253833049
7,year_2023,T+20,7,target_7pct,3359,1405,0.41827924977671926,0.40170012845778674,0.4350450813076688,-0.0013256265386811373,0.010560519902518273,212,1171,18729,0.3323573253833049
7,year_2023,T+20,8,target_8pct,3359,1246,0.37094373325394464,0.3547636762692488,0.38741864953521377,-0.0010548603086803097,0.004005849280529938,212,1171,18729,0.3323573253833049
7,year_2023,T+20,9,target_9pct,3359,1103,0.3283715391485561,0.31269371448924105,0.34444148926225293,-0.0009696189191366281,-0.0008554319931564081,212,1171,18729,0.3323573253833049
7,year_2023,T+20,10,target_10pct,3359,958,0.28520392974099434,0.2701867300802778,0.3007118813797446,-0.0017318660584981032,-0.004037685060565233,212,1171,18729,0.3323573253833049
7,year_2023,T+20,11,target_11pct,3359,841,0.2503721345638583,0.2360119070220666,0.26530269548552704,-0.0016729808039008774,-0.005659615816190788,212,1171,18729,0.3323573253833049
7,year_2023,T+20,12,target_12pct,3359,751,0.22357844596606133,0.20980860682338293,0.2379798349515731,-0.001974905443696495,-0.007430997876857748,212,1171,18729,0.3323573253833049
7,year_2023,T+20,13,target_13pct,3359,654,0.19470080381065794,0.18166165758211386,0.20843747762544393,-0.0018910062690698022,-0.008344923504867707,212,1171,18729,0.3323573253833049
7,year_2023,T+20,14,target_14pct,3359,571,0.1699910687704674,0.15766674514698503,0.18306937516269595,-0.001990980485219741,-0.00901639344262295,212,1171,18729,0.3323573253833049
7,year_2023,T+20,15,target_15pct,3359,502,0.14944924084548972,0.1377926913839079,0.16190670569741758,-0.002432336887148421,-0.009872694206287336,212,1171,18729,0.3323573253833049
7,year_2023,T+20,16,target_16pct,3359,450,0.1339684429889848,0.1228664589246932,0.14590671195555283,-0.0024570268102289215,-0.010290556900726444,212,1171,18729,0.3323573253833049
7,year_2023,T+20,17,target_17pct,3359,402,0.11967847573682644,0.1091337133523636,0.1310921718038091,-0.0024264735869419514,-0.010390895596239624,212,1171,18729,0.3323573253833049
7,year_2023,T+20,18,target_18pct,3359,356,0.10598392378684132,0.09602041802622953,0.11684765164437287,-0.0027848791347336237,-0.01069021612828247,212,1171,18729,0.3323573253833049
7,year_2023,T+20,19,target_19pct,3359,319,0.0949687406966359,0.08551174855499327,0.10535112170330256,-0.0029242849976116375,-0.01083276912660791,212,1171,18729,0.3323573253833049
7,year_2023,T+20,20,target_20pct,3359,277,0.08246501935099732,0.07363263684183434,0.0922513584078973,-0.0031192180824476607,-0.01086956521739113,212,1171,18729,0.3323573253833049
7,year_2024,T+20,1,target_1pct,3043,2651,0.8711797568189287,0.8588072073317469,0.8826163048061995,-0.008622091666081503,0.01,178,1142,18729,0.3323573253833049
7,year_2024,T+20,2,target_2pct,3043,2475,0.8133420966151824,0.7991060051436465,0.8267880354261029,-0.007215575929914278,0.02,178,1142,18729,0.3323573253833049
7,year_2024,T+20,3,target_3pct,3043,2315,0.7607624055208676,0.7452815309262613,0.7755857173087635,-0.005537679162252585,0.03,178,1142,18729,0.3323573253833049
7,year_2024,T+20,4,target_4pct,3043,2153,0.7075254682878738,0.6911089514788378,0.7234186695172782,-0.004441286803183572,0.04,178,1142,18729,0.3323573253833049
7,year_2024,T+20,5,target_5pct,3043,1982,0.6513309234308249,0.6342175488844454,0.668062687803934,-0.003952186844167989,0.05,178,1142,18729,0.3323573253833049
7,year_2024,T+20,6,target_6pct,3043,1813,0.5957936247124548,0.5782471100261336,0.6130985772586928,-0.0031722515612140263,0.06,178,1142,18729,0.3323573253833049
7,year_2024,T+20,7,target_7pct,3043,1669,0.5484719027275715,0.5307401050318706,0.5660814691517037,-0.0020611414134778247,0.07,178,1142,18729,0.3323573253833049
7,year_2024,T+20,8,target_8pct,3043,1526,0.5014788038120276,0.4837228156145136,0.5192310629199005,-0.0012979236971962626,0.08,178,1142,18729,0.3323573253833049
7,year_2024,T+20,9,target_9pct,3043,1404,0.46138678935261257,0.44373422802207435,0.4791367213571123,-0.000401097641753164,0.02646310432569976,178,1142,18729,0.3323573253833049
7,year_2024,T+20,10,target_10pct,3043,1299,0.42688136707196844,0.4094099810324922,0.44453713587703136,0.0005287787695000131,0.017365600133043557,178,1142,18729,0.3323573253833049
7,year_2024,T+20,11,target_11pct,3043,1204,0.39566217548471905,0.37842989035323543,0.4131575686075455,0.0015273867104186366,0.010928961748633892,178,1142,18729,0.3323573253833049
7,year_2024,T+20,12,target_12pct,3043,1109,0.3644429838974696,0.34752378852498345,0.3817040124870547,0.002448955734896173,0.006913720984685234,178,1142,18729,0.3323573253833049
7,year_2024,T+20,13,target_13pct,3043,1034,0.33979625369700955,0.3231788367489907,0.35681765535614535,0.0034922040105720017,0.00424628450106157,178,1142,18729,0.3323573253833049
7,year_2024,T+20,14,target_14pct,3043,971,0.3190930003286231,0.30276816520137567,0.3358740274219626,0.004618741278637093,0.0028011204481792618,178,1142,18729,0.3323573253833049
7,year_2024,T+20,15,target_15pct,3043,901,0.29608938547486036,0.28013376396655437,0.31255920701034184,0.005251573006793604,0.0006393861892584063,178,1142,18729,0.3323573253833049
7,year_2024,T+20,16,target_16pct,3043,842,0.27670062438383175,0.26109438216604114,0.2928699591374254,0.00593150070224569,0.0,178,1142,18729,0.3323573253833049
7,year_2024,T+20,17,target_17pct,3043,787,0.258626355570161,0.2433792986167152,0.27448208282168973,0.006415416628978111,-0.0027700831024931594,178,1142,18729,0.3323573253833049
7,year_2024,T+20,18,target_18pct,3043,742,0.243838317449885,0.2289107005591972,0.25941189553506644,0.007140094273273086,-0.0034924330616996624,178,1142,18729,0.3323573253833049
7,year_2024,T+20,19,target_19pct,3043,715,0.23496549457771937,0.2202411992580605,0.25035812562971843,0.008724028565657245,-0.003597122302158251,178,1142,18729,0.3323573253833049
7,year_2024,T+20,20,target_20pct,3043,672,0.22083470259612226,0.20645326737736464,0.23592010707045705,0.009129953177508848,-0.004142011834319503,178,1142,18729,0.3323573253833049
7,year_2025,T+20,1,target_1pct,3570,3287,0.9207282913165266,0.9114069602001186,0.929145122466332,0.003718463601615594,0.01,221,1561,18729,0.3323573253833049
7,year_2025,T+20,2,target_2pct,3570,3100,0.8683473389355743,0.8568589609130217,0.8790438278395631,0.00993398611202224,0.02,221,1561,18729,0.3323573253833049
7,year_2025,T+20,3,target_3pct,3570,2894,0.8106442577030812,0.7974607424348205,0.8231599364447358,0.014742637504701334,0.03,221,1561,18729,0.3323573253833049
7,year_2025,T+20,4,target_4pct,3570,2677,0.749859943977591,0.735389420096292,0.7637933080917731,0.019044757744999325,0.04,221,1561,18729,0.3323573253833049
7,year_2025,T+20,5,target_5pct,3570,2464,0.6901960784313725,0.6748295936563276,0.7051536714105965,0.022764766538415138,0.05,221,1561,18729,0.3323573253833049
7,year_2025,T+20,6,target_6pct,3570,2226,0.6235294117647059,0.6075112478855675,0.6392820067455275,0.026017013564255224,0.06,221,1561,18729,0.3323573253833049
7,year_2025,T+20,7,target_7pct,3570,2031,0.5689075630252101,0.5525967468180921,0.585070238758437,0.0287310916273931,0.07,221,1561,18729,0.3323573253833049
7,year_2025,T+20,8,target_8pct,3570,1858,0.5204481792717087,0.504046899306941,0.5368054988519478,0.031542941792476555,0.08,221,1561,18729,0.3323573253833049
7,year_2025,T+20,9,target_9pct,3570,1687,0.4725490196078431,0.45621022590194293,0.48894682862448036,0.03351844373771544,0.05460436262977897,221,1561,18729,0.3323573253833049
7,year_2025,T+20,10,target_10pct,3570,1542,0.4319327731092437,0.4157653884767785,0.4482464916244549,0.03547880081676321,0.04461888230053146,221,1561,18729,0.3323573253833049
7,year_2025,T+20,11,target_11pct,3570,1400,0.39215686274509803,0.37626521314697153,0.4082803582068344,0.03703949986534509,0.03892207671878056,221,1561,18729,0.3323573253833049
7,year_2025,T+20,12,target_12pct,3570,1271,0.35602240896358545,0.34047775499586513,0.37187659221415115,0.0382174434603125,0.03608022692477353,221,1561,18729,0.3323573253833049
7,year_2025,T+20,13,target_13pct,3570,1155,0.3235294117647059,0.308379894445735,0.3390583132241293,0.039267494587940585,0.03385440850813859,221,1561,18729,0.3323573253833049
7,year_2025,T+20,14,target_14pct,3570,1061,0.2971988795518207,0.28243127321689276,0.3124024765497449,0.04065227978139525,0.033119298852395396,221,1561,18729,0.3323573253833049
7,year_2025,T+20,15,target_15pct,3570,964,0.2700280112044818,0.25571698409002314,0.2848334420956254,0.04167335606441522,0.03247145524083883,221,1561,18729,0.3323573253833049
7,year_2025,T+20,16,target_16pct,3570,882,0.24705882352941178,0.23318745971970542,0.2614739712737667,0.04244993819291069,0.03174829494825848,221,1561,18729,0.3323573253833049
7,year_2025,T+20,17,target_17pct,3570,803,0.22492997198879552,0.2115331164051721,0.23891818507388615,0.0430626137798368,0.031207191780821875,221,1561,18729,0.3323573253833049
7,year_2025,T+20,18,target_18pct,3570,742,0.20784313725490197,0.194850100940507,0.2214642650907127,0.04385286008176176,0.03061253738233649,221,1561,18729,0.3323573253833049
7,year_2025,T+20,19,target_19pct,3570,678,0.1899159663865546,0.17738516405596125,0.20311340084965737,0.04430390242866351,0.030307902809732945,221,1561,18729,0.3323573253833049
7,year_2025,T+20,20,target_20pct,3570,626,0.1753501400560224,0.1632268192300602,0.18817140726100753,0.04505780569084079,0.030156997167525623,221,1561,18729,0.3323573253833049
7,year_2026,T+20,1,target_1pct,3087,2612,0.8461289277615808,0.8329706515039255,0.8584267983039197,-0.009070768965931649,0.01,131,1449,18729,0.3323573253833049
7,year_2026,T+20,2,target_2pct,3087,2420,0.7839326206673145,0.7690659565282244,0.7980934863885526,-0.007995802619374845,0.02,131,1449,18729,0.3323573253833049
7,year_2026,T+20,3,target_3pct,3087,2192,0.7100745059928734,0.6938152201089854,0.7258115896246483,-0.008857599309285964,0.03,131,1449,18729,0.3323573253833049
7,year_2026,T+20,4,target_4pct,3087,1991,0.6449627470035634,0.6279113433194006,0.6616538029501463,-0.009286574209033335,0.04,131,1449,18729,0.3323573253833049
7,year_2026,T+20,5,target_5pct,3087,1811,0.5866537091026887,0.569185037389732,0.6039069774194383,-0.009391611642434418,0.05,131,1449,18729,0.3323573253833049
7,year_2026,T+20,6,target_6pct,3087,1652,0.5351473922902494,0.5175198815880975,0.5526875337644072,-0.009029863946771252,0.06,131,1449,18729,0.3323573253833049
7,year_2026,T+20,7,target_7pct,3087,1497,0.4849368318756074,0.46733616765382197,0.5025749400522476,-0.00980386547622377,0.036504742742167196,131,1449,18729,0.3323573253833049
7,year_2026,T+20,8,target_8pct,3087,1364,0.44185293164885003,0.42441728097764675,0.45943312403825587,-0.00971645825237749,0.01565217391304352,131,1449,18729,0.3323573253833049
7,year_2026,T+20,9,target_9pct,3087,1244,0.4029802397149336,0.38580805857555195,0.420393592133433,-0.010418472639757807,0.004672897196261738,131,1449,18729,0.3323573253833049
7,year_2026,T+20,10,target_10pct,3087,1124,0.36410754778101717,0.34731175937650155,0.3812411370255659,-0.010631400156499124,-0.0007429420505200568,131,1449,18729,0.3323573253833049
7,year_2026,T+20,11,target_11pct,3087,1026,0.3323615160349854,0.3159614687018113,0.34917827834960674,-0.010507928195998453,-0.004635761589404042,131,1449,18729,0.3323573253833049
7,year_2026,T+20,12,target_12pct,3087,932,0.3019112406867509,0.28597057384894875,0.31834431566205057,-0.010506454322652249,-0.007292616226071136,131,1449,18729,0.3323573253833049
7,year_2026,T+20,13,target_13pct,3087,853,0.27632005183025593,0.26083049612941556,0.2923656301295297,-0.01098842110953814,-0.009784735812133238,131,1449,18729,0.3323573253833049
7,year_2026,T+20,14,target_14pct,3087,778,0.2520246193715581,0.237022980292284,0.2676426745248377,-0.011067331300110651,-0.011450381679389388,131,1449,18729,0.3323573253833049
7,year_2026,T+20,15,target_15pct,3087,720,0.23323615160349853,0.21865509651602205,0.2484803270527561,-0.010702433496000424,-0.012855209742895779,131,1449,18729,0.3323573253833049
7,year_2026,T+20,16,target_16pct,3087,662,0.21444768383543894,0.20032833078332718,0.22927686153710752,-0.010353247959141592,-0.013925305647428554,131,1449,18729,0.3323573253833049
7,year_2026,T+20,17,target_17pct,3087,602,0.19501133786848074,0.1814169985351422,0.2093638166318337,-0.010738470870201588,-0.015158924205378899,131,1449,18729,0.3323573253833049
7,year_2026,T+20,18,target_18pct,3087,543,0.17589893100097181,0.16287302307356896,0.1897304878925058,-0.011413007331985721,-0.016361886429258843,131,1449,18729,0.3323573253833049
7,year_2026,T+20,19,target_19pct,3087,497,0.16099773242630386,0.1484550888755131,0.17438306627290995,-0.011692509925633863,-0.01723356009070287,131,1449,18729,0.3323573253833049
7,year_2026,T+20,20,target_20pct,3087,455,0.1473922902494331,0.13532517494436982,0.160335916196632,-0.012318654201360807,-0.019218846869187844,131,1449,18729,0.3323573253833049
