lag,horizon,target_pct,n,target_hits,target_hit_rate,mean_target_zero_return,entry_dates,codes
0,T+1,1,20130,11351,0.5638847491306508,0.005638847491306508,1172,2524
0,T+1,2,20130,8184,0.4065573770491803,0.008131147540983607,1172,2524
0,T+1,3,20130,5771,0.28668653750620965,0.008600596125186289,1172,2524
0,T+1,4,20130,4016,0.19950322901142573,0.007980129160457029,1172,2524
0,T+1,5,20130,2858,0.1419771485345256,0.007098857426726279,1172,2524
0,T+1,6,20130,2088,0.10372578241430701,0.006223546944858421,1172,2524
0,T+1,7,20130,1552,0.07709885742672629,0.005396920019870841,1172,2524
0,T+1,8,20130,1191,0.059165424739195234,0.004733233979135619,1172,2524
0,T+1,9,20130,914,0.04540486835568803,0.0040864381520119225,1172,2524
0,T+1,10,20130,688,0.03417784401390959,0.0034177844013909588,1172,2524
0,T+1,11,20130,504,0.02503725782414307,0.002754098360655738,1172,2524
0,T+1,12,20130,360,0.01788375558867362,0.0021460506706408346,1172,2524
0,T+1,13,20130,258,0.012816691505216096,0.0016661698956780926,1172,2524
0,T+1,14,20130,191,0.009488325881768504,0.0013283656234475908,1172,2524
0,T+1,15,20130,144,0.007153502235469449,0.0010730253353204173,1172,2524
0,T+1,16,20130,110,0.00546448087431694,0.0008743169398907104,1172,2524
0,T+1,17,20130,80,0.003974167908594138,0.0006756085444610035,1172,2524
0,T+1,18,20130,56,0.0027819175360158967,0.0005007451564828614,1172,2524
0,T+1,19,20130,41,0.0020367610531544958,0.0003869846000993542,1172,2524
0,T+1,20,20130,26,0.0012916045702930949,0.000258320914058619,1172,2524
1,T+1,1,19913,11059,0.5553658414101341,0.005553658414101341,1170,2508
1,T+1,2,19913,8022,0.4028524079746899,0.008057048159493799,1170,2508
1,T+1,3,19913,5782,0.29036307939536987,0.008710892381861096,1170,2508
1,T+1,4,19913,4219,0.21187164164113895,0.008474865665645558,1170,2508
1,T+1,5,19913,3013,0.15130819062923717,0.007565409531461859,1170,2508
1,T+1,6,19913,2228,0.11188670717621654,0.006713202430572993,1170,2508
1,T+1,7,19913,1607,0.0807010495656104,0.0056490734695927285,1170,2508
1,T+1,8,19913,1214,0.060965198613970775,0.004877215889117662,1170,2508
1,T+1,9,19913,935,0.04695425099181439,0.004225882589263295,1170,2508
1,T+1,10,19913,723,0.03630793953698589,0.003630793953698589,1170,2508
1,T+1,11,19913,531,0.026665997087329887,0.0029332596796062876,1170,2508
1,T+1,12,19913,370,0.01858082659569126,0.002229699191482951,1170,2508
1,T+1,13,19913,285,0.014312258323708131,0.001860593582082057,1170,2508
1,T+1,14,19913,201,0.010093908501983629,0.001413147190277708,1170,2508
1,T+1,15,19913,146,0.007331893737759253,0.001099784060663888,1170,2508
1,T+1,16,19913,109,0.005473811078190127,0.0008758097725104204,1170,2508
1,T+1,17,19913,82,0.004117912921207252,0.0007000451966052328,1170,2508
1,T+1,18,19913,59,0.002962888565258876,0.0005333199417465977,1170,2508
1,T+1,19,19913,49,0.002460704062672626,0.0004675337719077989,1170,2508
1,T+1,20,19913,33,0.0016572088585346256,0.00033144177170692517,1170,2508
2,T+1,1,19656,10903,0.5546906796906796,0.0055469067969067965,1172,2487
2,T+1,2,19656,7789,0.3962657712657713,0.007925315425315426,1172,2487
2,T+1,3,19656,5452,0.27737077737077737,0.00832112332112332,1172,2487
2,T+1,4,19656,3850,0.19586894586894588,0.007834757834757835,1172,2487
2,T+1,5,19656,2694,0.13705738705738707,0.006852869352869354,1172,2487
2,T+1,6,19656,1912,0.09727309727309727,0.005836385836385836,1172,2487
2,T+1,7,19656,1396,0.07102157102157103,0.004971509971509972,1172,2487
2,T+1,8,19656,1049,0.05336792836792837,0.00426943426943427,1172,2487
2,T+1,9,19656,789,0.040140415140415144,0.003612637362637363,1172,2487
2,T+1,10,19656,601,0.030575905575905577,0.0030575905575905577,1172,2487
2,T+1,11,19656,444,0.022588522588522588,0.002484737484737485,1172,2487
2,T+1,12,19656,333,0.01694139194139194,0.002032967032967033,1172,2487
2,T+1,13,19656,246,0.012515262515262516,0.0016269841269841271,1172,2487
2,T+1,14,19656,185,0.009411884411884413,0.001317663817663818,1172,2487
2,T+1,15,19656,140,0.007122507122507123,0.0010683760683760683,1172,2487
2,T+1,16,19656,95,0.004833129833129833,0.0007733007733007732,1172,2487
2,T+1,17,19656,79,0.004019129019129019,0.0006832519332519334,1172,2487
2,T+1,18,19656,62,0.003154253154253154,0.0005677655677655678,1172,2487
2,T+1,19,19656,47,0.002391127391127391,0.0004543142043142043,1172,2487
2,T+1,20,19656,24,0.001221001221001221,0.0002442002442002442,1172,2487
3,T+1,1,19399,10750,0.5541522758905099,0.005541522758905099,1170,2473
3,T+1,2,19399,7824,0.40331975875045106,0.008066395175009022,1170,2473
3,T+1,3,19399,5575,0.2873859477292644,0.008621578431877932,1170,2473
3,T+1,4,19399,3948,0.20351564513634723,0.00814062580545389,1170,2473
3,T+1,5,19399,2794,0.14402804268261252,0.007201402134130626,1170,2473
3,T+1,6,19399,2020,0.1041290788184958,0.006247744729109748,1170,2473
3,T+1,7,19399,1461,0.07531316047218929,0.005271921233053251,1170,2473
3,T+1,8,19399,1048,0.0540234032682097,0.004321872261456776,1170,2473
3,T+1,9,19399,754,0.03886798288571576,0.003498118459714418,1170,2473
3,T+1,10,19399,561,0.028919016444146607,0.002891901644414661,1170,2473
3,T+1,11,19399,425,0.021908345791020155,0.002409918037012217,1170,2473
3,T+1,12,19399,320,0.016495695654415176,0.001979483478529821,1170,2473
3,T+1,13,19399,241,0.01242332078973143,0.001615031702665086,1170,2473
3,T+1,14,19399,180,0.009278828805608536,0.001299036032785195,1170,2473
3,T+1,15,19399,129,0.006649827310686118,0.0009974740966029177,1170,2473
3,T+1,16,19399,96,0.004948708696324553,0.0007917933914119285,1170,2473
3,T+1,17,19399,71,0.003659982473323367,0.0006221970204649724,1170,2473
3,T+1,18,19399,54,0.002783648641682561,0.000501056755502861,1170,2473
3,T+1,19,19399,41,0.0021135110057219444,0.00040156709108716946,1170,2473
3,T+1,20,19399,32,0.0016495695654415176,0.00032991391308830357,1170,2473
4,T+1,1,19212,10569,0.5501249219237976,0.005501249219237976,1174,2449
4,T+1,2,19212,7608,0.39600249843847596,0.00792004996876952,1174,2449
4,T+1,3,19212,5476,0.28503018946491776,0.008550905683947533,1174,2449
4,T+1,4,19212,3889,0.20242556735373723,0.00809702269414949,1174,2449
4,T+1,5,19212,2759,0.14360816156568812,0.007180408078284406,1174,2449
4,T+1,6,19212,1970,0.10254007911721841,0.006152404747033104,1174,2449
4,T+1,7,19212,1440,0.07495315427857589,0.005246720799500313,1174,2449
4,T+1,8,19212,1094,0.05694357693108474,0.004555486154486779,1174,2449
4,T+1,9,19212,803,0.04179679367062253,0.0037617114303560273,1174,2449
4,T+1,10,19212,616,0.03206329377472413,0.0032063293774724135,1174,2449
4,T+1,11,19212,441,0.022954403497813865,0.002524984384759525,1174,2449
4,T+1,12,19212,328,0.01707266291900895,0.0020487195502810742,1174,2449
4,T+1,13,19212,244,0.012700395586092025,0.0016510514261919634,1174,2449
4,T+1,14,19212,187,0.009733499895898397,0.0013626899854257757,1174,2449
4,T+1,15,19212,140,0.007287112221528212,0.0010930668332292317,1174,2449
4,T+1,16,19212,101,0.005257130959816781,0.000841140953570685,1174,2449
4,T+1,17,19212,72,0.0037476577139287947,0.0006371018113678951,1174,2449
4,T+1,18,19212,47,0.0024463876743701855,0.0004403497813866334,1174,2449
4,T+1,19,19212,35,0.001821778055382053,0.00034613783052259004,1174,2449
4,T+1,20,19212,26,0.0013533208411409536,0.00027066416822819076,1174,2449
5,T+1,1,19009,10303,0.5420064180125204,0.005420064180125203,1170,2437
5,T+1,2,19009,7372,0.38781629754326896,0.007756325950865379,1170,2437
5,T+1,3,19009,5149,0.2708716923562523,0.008126150770687568,1170,2437
5,T+1,4,19009,3639,0.19143563575148614,0.007657425430059446,1170,2437
5,T+1,5,19009,2672,0.1405649955284339,0.0070282497764216955,1170,2437
5,T+1,6,19009,1977,0.1040033668262402,0.006240202009574412,1170,2437
5,T+1,7,19009,1503,0.07906780998474407,0.005534746698932085,1170,2437
5,T+1,8,19009,1155,0.06076069230364564,0.004860855384291651,1170,2437
5,T+1,9,19009,886,0.04660950076279657,0.004194855068651691,1170,2437
5,T+1,10,19009,682,0.03587774212215267,0.003587774212215267,1170,2437
5,T+1,11,19009,524,0.027565889841653955,0.003032247882581935,1170,2437
5,T+1,12,19009,396,0.020832237361249933,0.0024998684833499917,1170,2437
5,T+1,13,19009,293,0.015413751380924825,0.0020037876795202273,1170,2437
5,T+1,14,19009,212,0.011152611920669157,0.001561365668893682,1170,2437
5,T+1,15,19009,162,0.008522278920511337,0.0012783418380767004,1170,2437
5,T+1,16,19009,121,0.006365405860381925,0.001018464937661108,1170,2437
5,T+1,17,19009,90,0.004734599400284076,0.000804881898048293,1170,2437
5,T+1,18,19009,68,0.003577252880214635,0.0006439055184386343,1170,2437
5,T+1,19,19009,54,0.0028407596401704457,0.0005397443316323847,1170,2437
5,T+1,20,19009,39,0.0020516597401230995,0.0004103319480246199,1170,2437
6,T+1,1,18868,10441,0.5533707865168539,0.005533707865168539,1175,2405
6,T+1,2,18868,7642,0.4050243799024804,0.008100487598049608,1175,2405
6,T+1,3,18868,5396,0.2859868560525758,0.008579605681577273,1175,2405
6,T+1,4,18868,3805,0.20166419334322663,0.008066567733729066,1175,2405
6,T+1,5,18868,2749,0.14569641721433113,0.007284820860716557,1175,2405
6,T+1,6,18868,2043,0.10827856688573245,0.006496714013143947,1175,2405
6,T+1,7,18868,1524,0.08077167691329235,0.005654017383930465,1175,2405
6,T+1,8,18868,1161,0.061532753868984526,0.004922620309518762,1175,2405
6,T+1,9,18868,893,0.047328810684757264,0.004259592961628153,1175,2405
6,T+1,10,18868,682,0.03614585541657833,0.003614585541657833,1175,2405
6,T+1,11,18868,493,0.026128895484418064,0.002874178503285987,1175,2405
6,T+1,12,18868,372,0.019715921136315456,0.0023659105363578545,1175,2405
6,T+1,13,18868,275,0.014574941700233199,0.001894742421030316,1175,2405
6,T+1,14,18868,207,0.010970956116175535,0.001535933856264575,1175,2405
6,T+1,15,18868,149,0.007896968412126351,0.0011845452618189525,1175,2405
6,T+1,16,18868,104,0.005511977952088192,0.0008819164723341107,1175,2405
6,T+1,17,18868,71,0.0037629849480602076,0.0006397074411702353,1175,2405
6,T+1,18,18868,53,0.0028089887640449437,0.0005056179775280898,1175,2405
6,T+1,19,18868,32,0.0016959932160271359,0.00032223871104515583,1175,2405
6,T+1,20,18868,24,0.0012719949120203519,0.0002543989824040704,1175,2405
7,T+1,1,18729,10737,0.573282075925036,0.00573282075925036,1173,2393
7,T+1,2,18729,7870,0.42020396177051633,0.008404079235410327,1173,2393
7,T+1,3,18729,5569,0.2973463612579422,0.008920390837738266,1173,2393
7,T+1,4,18729,3927,0.20967483581611404,0.008386993432644561,1173,2393
7,T+1,5,18729,2826,0.15088899567515618,0.0075444497837578095,1173,2393
7,T+1,6,18729,2039,0.10886859949810454,0.006532115969886272,1173,2393
7,T+1,7,18729,1531,0.08174488760745369,0.005722142132521759,1173,2393
7,T+1,8,18729,1174,0.06268353889689786,0.005014683111751829,1173,2393
7,T+1,9,18729,879,0.04693256447220887,0.004223930802498798,1173,2393
7,T+1,10,18729,653,0.03486571626888782,0.003486571626888782,1173,2393
7,T+1,11,18729,495,0.026429601153291685,0.0029072561268620855,1173,2393
7,T+1,12,18729,365,0.019488493779699932,0.002338619253563992,1173,2393
7,T+1,13,18729,284,0.015163649954615836,0.001971274494100059,1173,2393
7,T+1,14,18729,231,0.01233381387153612,0.001726733942015057,1173,2393
7,T+1,15,18729,163,0.008703080783811202,0.0013054621175716803,1173,2393
7,T+1,16,18729,124,0.006620748571733675,0.001059319771477388,1173,2393
7,T+1,17,18729,87,0.0046452026269421754,0.0007896844465801699,1173,2393
7,T+1,18,18729,62,0.0033103742858668376,0.0005958673714560308,1173,2393
7,T+1,19,18729,50,0.002669656682150675,0.0005072347696086283,1173,2393
7,T+1,20,18729,38,0.0020289390784345132,0.0004057878156869027,1173,2393
0,T+2,1,20116,12999,0.6462020282362299,0.006462020282362299,1171,2523
0,T+2,2,20116,10076,0.5008948101014118,0.010017896202028236,1171,2523
0,T+2,3,20116,7680,0.3817856432690396,0.011453569298071186,1171,2523
0,T+2,4,20116,5782,0.28743288924239413,0.011497315569695766,1171,2523
0,T+2,5,20116,4385,0.2179856830383774,0.01089928415191887,1171,2523
0,T+2,6,20116,3343,0.16618612050109366,0.009971167230065619,1171,2523
0,T+2,7,20116,2592,0.12885265460330086,0.00901968582223106,1171,2523
0,T+2,8,20116,2082,0.1034997017299662,0.008279976138397297,1171,2523
0,T+2,9,20116,1644,0.08172598926227878,0.00735533903360509,1171,2523
0,T+2,10,20116,1268,0.06303440047723205,0.006303440047723205,1171,2523
0,T+2,11,20116,1012,0.05030821236826407,0.005533903360509048,1171,2523
0,T+2,12,20116,804,0.03996818452972758,0.0047961821435673095,1171,2523
0,T+2,13,20116,637,0.03166633525551799,0.004116623583217339,1171,2523
0,T+2,14,20116,490,0.024358719427321537,0.0034102207198250154,1171,2523
0,T+2,15,20116,399,0.01983495724796182,0.002975243587194273,1171,2523
0,T+2,16,20116,306,0.015211771724000796,0.0024338834758401273,1171,2523
0,T+2,17,20116,242,0.012030224696758799,0.002045138198448996,1171,2523
0,T+2,18,20116,182,0.009047524358719427,0.0016285543845694968,1171,2523
0,T+2,19,20116,145,0.007208192483595148,0.001369556571883078,1171,2523
0,T+2,20,20116,114,0.0056671306422748065,0.0011334261284549614,1171,2523
1,T+2,1,19911,12764,0.6410526844457838,0.006410526844457838,1169,2508
1,T+2,2,19911,9948,0.4996233237908694,0.009992466475817387,1169,2508
1,T+2,3,19911,7550,0.37918738385816886,0.011375621515745065,1169,2508
1,T+2,4,19911,5725,0.2875295063030486,0.011501180252121943,1169,2508
1,T+2,5,19911,4366,0.21927577720857816,0.010963788860428909,1169,2508
1,T+2,6,19911,3317,0.16659133142484053,0.00999547988549043,1169,2508
1,T+2,7,19911,2521,0.12661342976244286,0.008862940083371,1169,2508
1,T+2,8,19911,1942,0.09753402641755814,0.007802722113404651,1169,2508
1,T+2,9,19911,1549,0.07779619305911305,0.007001657375320174,1169,2508
1,T+2,10,19911,1212,0.06087087539551002,0.0060870875395510025,1169,2508
1,T+2,11,19911,972,0.04881723670332982,0.00536989603736628,1169,2508
1,T+2,12,19911,758,0.038069408869469135,0.004568329064336296,1169,2508
1,T+2,13,19911,623,0.03128923710511777,0.004067600823665311,1169,2508
1,T+2,14,19911,469,0.023554818944302145,0.0032976746522023004,1169,2508
1,T+2,15,19911,379,0.019034704434734567,0.002855205665210185,1169,2508
1,T+2,16,19911,309,0.015519059816182009,0.0024830495705891217,1169,2508
1,T+2,17,19911,248,0.01245542664858621,0.002117422530259656,1169,2508
1,T+2,18,19911,211,0.010597157350208428,0.0019074883230375168,1169,2508
1,T+2,19,19911,163,0.008186429611772386,0.0015554216262367534,1169,2508
1,T+2,20,19911,133,0.006679724775249862,0.0013359449550499726,1169,2508
2,T+2,1,19656,12849,0.6536935286935287,0.006536935286935287,1172,2487
2,T+2,2,19656,9900,0.5036630036630036,0.010073260073260074,1172,2487
2,T+2,3,19656,7438,0.37840862840862843,0.011352258852258853,1172,2487
2,T+2,4,19656,5599,0.2848494098494099,0.011393976393976395,1172,2487
2,T+2,5,19656,4142,0.21072446072446072,0.010536223036223036,1172,2487
2,T+2,6,19656,3082,0.1567969067969068,0.009407814407814408,1172,2487
2,T+2,7,19656,2349,0.11950549450549451,0.008365384615384617,1172,2487
2,T+2,8,19656,1831,0.09315221815221815,0.0074521774521774525,1172,2487
2,T+2,9,19656,1405,0.07147944647944648,0.006433150183150184,1172,2487
2,T+2,10,19656,1116,0.056776556776556776,0.005677655677655678,1172,2487
2,T+2,11,19656,846,0.04304029304029304,0.004734432234432234,1172,2487
2,T+2,12,19656,677,0.03444240944240944,0.004133089133089133,1172,2487
2,T+2,13,19656,544,0.027676027676027677,0.003597883597883598,1172,2487
2,T+2,14,19656,434,0.02207977207977208,0.0030911680911680913,1172,2487
2,T+2,15,19656,340,0.017297517297517297,0.0025946275946275945,1172,2487
2,T+2,16,19656,266,0.013532763532763533,0.0021652421652421654,1172,2487
2,T+2,17,19656,228,0.0115995115995116,0.001971916971916972,1172,2487
2,T+2,18,19656,184,0.009361009361009361,0.001684981684981685,1172,2487
2,T+2,19,19656,147,0.007478632478632479,0.001420940170940171,1172,2487
2,T+2,20,19656,112,0.005698005698005698,0.0011396011396011397,1172,2487
3,T+2,1,19399,12293,0.633692458374143,0.00633692458374143,1170,2473
3,T+2,2,19399,9564,0.49301510387133357,0.009860302077426672,1170,2473
3,T+2,3,19399,7305,0.37656580236094644,0.011296974070828393,1170,2473
3,T+2,4,19399,5486,0.2827980823753802,0.011311923295015206,1170,2473
3,T+2,5,19399,4136,0.21320686633331615,0.010660343316665807,1170,2473
3,T+2,6,19399,3129,0.16129697407082838,0.009677818444249702,1170,2473
3,T+2,7,19399,2422,0.12485179648435486,0.00873962575390484,1170,2473
3,T+2,8,19399,1849,0.09531419145316769,0.007625135316253416,1170,2473
3,T+2,9,19399,1425,0.07345739471106758,0.006611165523996081,1170,2473
3,T+2,10,19399,1099,0.05665240476313212,0.005665240476313213,1170,2473
3,T+2,11,19399,851,0.043868240630960356,0.00482550646940564,1170,2473
3,T+2,12,19399,684,0.03525954946131244,0.004231145935357492,1170,2473
3,T+2,13,19399,547,0.028197329759265942,0.0036656528687045724,1170,2473
3,T+2,14,19399,433,0.022320738182380534,0.0031249033455332752,1170,2473
3,T+2,15,19399,334,0.01721738233929584,0.0025826073508943763,1170,2473
3,T+2,16,19399,263,0.013557399865972472,0.0021691839785555954,1170,2473
3,T+2,17,19399,217,0.011186143615650292,0.0019016444146605497,1170,2473
3,T+2,18,19399,168,0.008660240218567967,0.001558843239342234,1170,2473
3,T+2,19,19399,133,0.0068560235063663075,0.0013026444662095984,1170,2473
3,T+2,20,19399,105,0.00541265013660498,0.001082530027320996,1170,2473
4,T+2,1,19207,12078,0.6288332378820222,0.0062883323788202215,1173,2449
4,T+2,2,19207,9342,0.48638517207268184,0.009727703441453637,1173,2449
4,T+2,3,19207,7160,0.37278075701567137,0.011183422710470141,1173,2449
4,T+2,4,19207,5446,0.28354245847867965,0.011341698339147187,1173,2449
4,T+2,5,19207,4107,0.21382829176862603,0.010691414588431302,1173,2449
4,T+2,6,19207,3171,0.16509605872858854,0.009905763523715312,1173,2449
4,T+2,7,19207,2471,0.12865101265163742,0.00900557088561462,1173,2449
4,T+2,8,19207,1915,0.09970323319623053,0.007976258655698443,1173,2449
4,T+2,9,19207,1504,0.0783047847139064,0.007047430624251575,1173,2449
4,T+2,10,19207,1170,0.06091529130004686,0.006091529130004686,1173,2449
4,T+2,11,19207,912,0.04748268860311345,0.00522309574634248,1173,2449
4,T+2,12,19207,739,0.03847555578695267,0.00461706669443432,1173,2449
4,T+2,13,19207,607,0.031603061383870465,0.004108397979903161,1173,2449
4,T+2,14,19207,472,0.02457437392617275,0.003440412349664185,1173,2449
4,T+2,15,19207,376,0.0195761961784766,0.0029364294267714896,1173,2449
4,T+2,16,19207,310,0.016139948976935492,0.002582391836309679,1173,2449
4,T+2,17,19207,245,0.01275576612693289,0.0021684802415785913,1173,2449
4,T+2,18,19207,210,0.010933513823085333,0.00196803248815536,1173,2449
4,T+2,19,19207,164,0.00853855365231426,0.0016223251939397095,1173,2449
4,T+2,20,19207,134,0.006976623106159213,0.0013953246212318427,1173,2449
5,T+2,1,19009,11945,0.6283865537377032,0.006283865537377032,1170,2437
5,T+2,2,19009,9276,0.4879793781892788,0.009759587563785576,1170,2437
5,T+2,3,19009,7049,0.3708243463622495,0.011124730390867484,1170,2437
5,T+2,4,19009,5346,0.2812352043768741,0.011249408175074964,1170,2437
5,T+2,5,19009,4133,0.2174233257930454,0.01087116628965227,1170,2437
5,T+2,6,19009,3152,0.16581619232994896,0.009948971539796937,1170,2437
5,T+2,7,19009,2449,0.12883371034773003,0.009018359724341103,1170,2437
5,T+2,8,19009,1949,0.10253038034615182,0.008202430427692146,1170,2437
5,T+2,9,19009,1559,0.08201378294492083,0.007381240465042875,1170,2437
5,T+2,10,19009,1224,0.06439055184386343,0.006439055184386343,1170,2437
5,T+2,11,19009,967,0.05087064022305224,0.005595770424535746,1170,2437
5,T+2,12,19009,772,0.04061234152243674,0.004873480982692409,1170,2437
5,T+2,13,19009,631,0.03319480246199169,0.00431532432005892,1170,2437
5,T+2,14,19009,514,0.02703982324162239,0.003785575253827135,1170,2437
5,T+2,15,19009,420,0.022094797201325688,0.003314219580198853,1170,2437
5,T+2,16,19009,345,0.01814929770108896,0.0029038876321742335,1170,2437
5,T+2,17,19009,295,0.015518964700931137,0.0026382239991582937,1170,2437
5,T+2,18,19009,257,0.013519911620811195,0.002433584091746015,1170,2437
5,T+2,19,19009,225,0.01183649850071019,0.002248934715134936,1170,2437
5,T+2,20,19009,186,0.00978483876058709,0.0019569677521174183,1170,2437
6,T+2,1,18868,12171,0.645060419758321,0.00645060419758321,1175,2405
6,T+2,2,18868,9594,0.5084799660801357,0.010169599321602715,1175,2405
6,T+2,3,18868,7263,0.384937460250159,0.01154812380750477,1175,2405
6,T+2,4,18868,5482,0.2905448378206487,0.011621793512825948,1175,2405
6,T+2,5,18868,4138,0.219313122747509,0.01096565613737545,1175,2405
6,T+2,6,18868,3210,0.17012931948272206,0.010207759168963323,1175,2405
6,T+2,7,18868,2484,0.13165147339410643,0.009215603137587451,1175,2405
6,T+2,8,18868,1949,0.10329658681365275,0.00826372694509222,1175,2405
6,T+2,9,18868,1547,0.08199067203731185,0.007379160483358066,1175,2405
6,T+2,10,18868,1213,0.06428874284502863,0.006428874284502863,1175,2405
6,T+2,11,18868,940,0.049819800720797114,0.005480178079287683,1175,2405
6,T+2,12,18868,755,0.040014839940640236,0.004801780792876828,1175,2405
6,T+2,13,18868,590,0.03126987492050032,0.004065083739665042,1175,2405
6,T+2,14,18868,474,0.02512189951240195,0.0035170659317362734,1175,2405
6,T+2,15,18868,384,0.02035191859232563,0.0030527877888488443,1175,2405
6,T+2,16,18868,312,0.016535933856264576,0.002645749417002332,1175,2405
6,T+2,17,18868,248,0.013143947424210304,0.002234471062115752,1175,2405
6,T+2,18,18868,198,0.010493958024167903,0.0018889124443502226,1175,2405
6,T+2,19,18868,157,0.008320966716133136,0.001580983676065296,1175,2405
6,T+2,20,18868,128,0.0067839728641085435,0.0013567945728217088,1175,2405
7,T+2,1,18728,12445,0.6645130286202477,0.0066451302862024775,1172,2393
7,T+2,2,18728,9812,0.5239214011106365,0.01047842802221273,1172,2393
7,T+2,3,18728,7497,0.40030969671080735,0.01200929090132422,1172,2393
7,T+2,4,18728,5735,0.3062259718069201,0.012249038872276805,1172,2393
7,T+2,5,18728,4354,0.2324861170439983,0.011624305852199916,1172,2393
7,T+2,6,18728,3316,0.17706108500640752,0.010623665100384452,1172,2393
7,T+2,7,18728,2573,0.1373878684322939,0.009617150790260574,1172,2393
7,T+2,8,18728,2016,0.10764630499786416,0.008611704399829133,1172,2393
7,T+2,9,18728,1558,0.08319094404100812,0.0074871849636907305,1172,2393
7,T+2,10,18728,1216,0.06492951730029901,0.006492951730029901,1172,2393
7,T+2,11,18728,976,0.05211448099102947,0.005732592909013242,1172,2393
7,T+2,12,18728,767,0.04095472020504058,0.00491456642460487,1172,2393
7,T+2,13,18728,611,0.03262494660401538,0.004241243058521999,1172,2393
7,T+2,14,18728,486,0.025950448526270823,0.0036330627936779158,1172,2393
7,T+2,15,18728,390,0.020824434002563008,0.003123665100384451,1172,2393
7,T+2,16,18728,310,0.01655275523280649,0.002648440837249039,1172,2393
7,T+2,17,18728,246,0.013135412217001282,0.002233020076890218,1172,2393
7,T+2,18,18728,198,0.010572404955147373,0.001903032891926527,1172,2393
7,T+2,19,18728,166,0.008863733447244768,0.001684109354976506,1172,2393
7,T+2,20,18728,144,0.007689021785561726,0.0015378043571123452,1172,2393
0,T+3,1,20114,13977,0.694889131947897,0.006948891319478971,1170,2523
0,T+3,2,20114,11269,0.560256537734911,0.011205130754698221,1170,2523
0,T+3,3,20114,8896,0.44227900964502337,0.013268370289350701,1170,2523
0,T+3,4,20114,6956,0.3458287759769315,0.01383315103907726,1170,2523
0,T+3,5,20114,5464,0.27165158596002786,0.013582579298001394,1170,2523
0,T+3,6,20114,4264,0.21199164760863082,0.012719498856517849,1170,2523
0,T+3,7,20114,3390,0.16853932584269662,0.011797752808988765,1170,2523
0,T+3,8,20114,2722,0.1353286268270856,0.010826290146166848,1170,2523
0,T+3,9,20114,2191,0.10892910410659243,0.009803619369593319,1170,2523
0,T+3,10,20114,1757,0.08735209306950383,0.008735209306950383,1170,2523
0,T+3,11,20114,1459,0.07253654171224024,0.007979019588346426,1170,2523
0,T+3,12,20114,1206,0.05995823804315402,0.007194988565178482,1170,2523
0,T+3,13,20114,993,0.04936859898578105,0.006417917868151536,1170,2523
0,T+3,14,20114,812,0.04036989161777866,0.005651784826489013,1170,2523
0,T+3,15,20114,659,0.03276324947797554,0.004914487421696331,1170,2523
0,T+3,16,20114,533,0.026498955951078852,0.004239832952172617,1170,2523
0,T+3,17,20114,436,0.021676444267674257,0.003684995525504624,1170,2523
0,T+3,18,20114,356,0.017699115044247787,0.0031858407079646016,1170,2523
0,T+3,19,20114,297,0.014765834741970766,0.0028055086009744455,1170,2523
0,T+3,20,20114,240,0.011931987670279408,0.0023863975340558817,1170,2523
1,T+3,1,19911,13884,0.6973029983426247,0.006973029983426247,1169,2508
1,T+3,2,19911,11255,0.5652654311687008,0.011305308623374016,1169,2508
1,T+3,3,19911,8931,0.44854602983275577,0.013456380894982672,1169,2508
1,T+3,4,19911,6978,0.35045954497513937,0.014018381799005575,1169,2508
1,T+3,5,19911,5462,0.2743207272362011,0.013716036361810055,1169,2508
1,T+3,6,19911,4311,0.21651348500828688,0.012990809100497212,1169,2508
1,T+3,7,19911,3393,0.1704083170106976,0.011928582190748833,1169,2508
1,T+3,8,19911,2684,0.13479985937421526,0.010783988749937221,1169,2508
1,T+3,9,19911,2174,0.10918587715333233,0.00982672894379991,1169,2508
1,T+3,10,19911,1720,0.08638441062729145,0.008638441062729145,1169,2508
1,T+3,11,19911,1385,0.06955953995278992,0.007651549394806891,1169,2508
1,T+3,12,19911,1132,0.056852995831449954,0.006822359499773994,1169,2508
1,T+3,13,19911,939,0.04715986138315504,0.006130781979810155,1169,2508
1,T+3,14,19911,739,0.03711516247300487,0.0051961227462206825,1169,2508
1,T+3,15,19911,606,0.03043543769775501,0.004565315654663251,1169,2508
1,T+3,16,19911,495,0.024860629802621666,0.003977700768419467,1169,2508
1,T+3,17,19911,404,0.02029029179850334,0.003449349605745568,1169,2508
1,T+3,18,19911,345,0.01732710562000904,0.003118879011601627,1169,2508
1,T+3,19,19911,286,0.01436391944151474,0.0027291446938878007,1169,2508
1,T+3,20,19911,235,0.011802521219426447,0.00236050424388529,1169,2508
2,T+3,1,19656,13758,0.6999389499389499,0.006999389499389499,1172,2487
2,T+3,2,19656,11094,0.5644078144078144,0.011288156288156288,1172,2487
2,T+3,3,19656,8712,0.4432234432234432,0.013296703296703296,1172,2487
2,T+3,4,19656,6807,0.3463064713064713,0.013852258852258853,1172,2487
2,T+3,5,19656,5253,0.26724664224664224,0.013362332112332113,1172,2487
2,T+3,6,19656,4071,0.20711233211233213,0.012426739926739927,1172,2487
2,T+3,7,19656,3163,0.1609177859177859,0.011264245014245014,1172,2487
2,T+3,8,19656,2501,0.12723850223850225,0.01017908017908018,1172,2487
2,T+3,9,19656,1978,0.10063085063085063,0.009056776556776556,1172,2487
2,T+3,10,19656,1603,0.08155270655270655,0.008155270655270655,1172,2487
2,T+3,11,19656,1286,0.06542531542531542,0.007196784696784696,1172,2487
2,T+3,12,19656,1053,0.05357142857142857,0.006428571428571428,1172,2487
2,T+3,13,19656,853,0.0433964183964184,0.005641534391534392,1172,2487
2,T+3,14,19656,697,0.03545991045991046,0.004964387464387465,1172,2487
2,T+3,15,19656,587,0.029863654863654863,0.004479548229548229,1172,2487
2,T+3,16,19656,474,0.024114774114774116,0.003858363858363859,1172,2487
2,T+3,17,19656,396,0.020146520146520148,0.0034249084249084252,1172,2487
2,T+3,18,19656,328,0.016687016687016686,0.0030036630036630032,1172,2487
2,T+3,19,19656,279,0.014194139194139194,0.002696886446886447,1172,2487
2,T+3,20,19656,221,0.011243386243386243,0.0022486772486772486,1172,2487
3,T+3,1,19394,13234,0.6823759925750232,0.006823759925750232,1169,2473
3,T+3,2,19394,10702,0.5518201505620295,0.01103640301124059,1169,2473
3,T+3,3,19394,8423,0.4343095802825616,0.013029287408476848,1169,2473
3,T+3,4,19394,6576,0.3390739403939363,0.013562957615757452,1169,2473
3,T+3,5,19394,5140,0.2650304217799319,0.013251521088996597,1169,2473
3,T+3,6,19394,4067,0.20970403217489944,0.012582241930493966,1169,2473
3,T+3,7,19394,3235,0.16680416623698052,0.011676291636588638,1169,2473
3,T+3,8,19394,2568,0.13241208621223058,0.010592966896978447,1169,2473
3,T+3,9,19394,2065,0.10647622976178199,0.009582860678560378,1169,2473
3,T+3,10,19394,1643,0.08471692275961637,0.008471692275961637,1169,2473
3,T+3,11,19394,1321,0.06811384964421986,0.0074925234608641846,1169,2473
3,T+3,12,19394,1091,0.05625451170465092,0.006750541404558111,1169,2473
3,T+3,13,19394,903,0.04656079199752501,0.0060529029596782516,1169,2473
3,T+3,14,19394,741,0.03820769310095906,0.005349077034134269,1169,2473
3,T+3,15,19394,617,0.03181396308136537,0.004772094462204806,1169,2473
3,T+3,16,19394,509,0.02624523048365474,0.004199236877384758,1169,2473
3,T+3,17,19394,431,0.022223368051974838,0.0037779725688357225,1169,2473
3,T+3,18,19394,364,0.01876869134783954,0.003378364442611117,1169,2473
3,T+3,19,19394,293,0.015107765288233474,0.00287047540476436,1169,2473
3,T+3,20,19394,234,0.012065587295039704,0.002413117459007941,1169,2473
4,T+3,1,19207,13108,0.6824595199666789,0.0068245951996667885,1173,2449
4,T+3,2,19207,10526,0.5480293642942677,0.010960587285885354,1173,2449
4,T+3,3,19207,8350,0.4347373353464883,0.013042120060394648,1173,2449
4,T+3,4,19207,6650,0.34622793773103555,0.013849117509241423,1173,2449
4,T+3,5,19207,5206,0.27104701410943927,0.013552350705471963,1173,2449
4,T+3,6,19207,4169,0.21705628156401313,0.013023376893840788,1173,2449
4,T+3,7,19207,3347,0.17425938459936482,0.01219815692195554,1173,2449
4,T+3,8,19207,2665,0.13875149685010674,0.011100119748008539,1173,2449
4,T+3,9,19207,2143,0.11157390534700891,0.010041651481230802,1173,2449
4,T+3,10,19207,1699,0.0884573332639142,0.00884573332639142,1173,2449
4,T+3,11,19207,1361,0.07085958244390066,0.007794554068829072,1173,2449
4,T+3,12,19207,1119,0.05826000937158328,0.0069912011245899935,1173,2449
4,T+3,13,19207,928,0.048315718227729475,0.006281043369604832,1173,2449
4,T+3,14,19207,771,0.04014161503618473,0.005619826105065863,1173,2449
4,T+3,15,19207,642,0.03342531368771802,0.005013797053157703,1173,2449
4,T+3,16,19207,533,0.027750299370021346,0.004440047899203416,1173,2449
4,T+3,17,19207,433,0.02254386421617119,0.0038324569167491026,1173,2449
4,T+3,18,19207,370,0.019263810069245588,0.0034674858124642055,1173,2449
4,T+3,19,19207,315,0.016400270734628,0.00311605143957932,1173,2449
4,T+3,20,19207,264,0.01374498880616442,0.002748997761232884,1173,2449
5,T+3,1,19009,12935,0.680467147140828,0.0068046714714082805,1170,2437
5,T+3,2,19009,10425,0.5484244305329055,0.01096848861065811,1170,2437
5,T+3,3,19009,8316,0.4374769845862486,0.013124309537587458,1170,2437
5,T+3,4,19009,6559,0.3450470829607028,0.013801883318428113,1170,2437
5,T+3,5,19009,5239,0.2756062917565364,0.01378031458782682,1170,2437
5,T+3,6,19009,4135,0.2175285391130517,0.013051712346783102,1170,2437
5,T+3,7,19009,3302,0.17370719133042242,0.012159503393129571,1170,2437
5,T+3,8,19009,2657,0.13977589562838655,0.011182071650270924,1170,2437
5,T+3,9,19009,2136,0.11236782576674206,0.010113104319006786,1170,2437
5,T+3,10,19009,1777,0.09348203482560892,0.009348203482560892,1170,2437
5,T+3,11,19009,1418,0.07459624388447578,0.008205586827292336,1170,2437
5,T+3,12,19009,1161,0.06107633226366458,0.007329159871639749,1170,2437
5,T+3,13,19009,962,0.05060760692303646,0.00657898889999474,1170,2437
5,T+3,14,19009,805,0.0423483613025409,0.005928770582355727,1170,2437
5,T+3,15,19009,654,0.034404755642064286,0.005160713346309642,1170,2437
5,T+3,16,19009,556,0.029249302961754958,0.004679888473880793,1170,2437
5,T+3,17,19009,472,0.02483034352148982,0.00422115839865327,1170,2437
5,T+3,18,19009,412,0.021673943921300436,0.0039013099058340783,1170,2437
5,T+3,19,19009,365,0.019201430901152085,0.0036482718712188963,1170,2437
5,T+3,20,19009,312,0.016413277920984796,0.0032826555841969592,1170,2437
6,T+3,1,18867,13205,0.6998992950654582,0.006998992950654583,1174,2405
6,T+3,2,18867,10842,0.5746541580537446,0.011493083161074892,1174,2405
6,T+3,3,18867,8586,0.4550802989346478,0.013652408968039433,1174,2405
6,T+3,4,18867,6790,0.3598876344940902,0.014395505379763609,1174,2405
6,T+3,5,18867,5346,0.2833518842423279,0.014167594212116394,1174,2405
6,T+3,6,18867,4228,0.22409498065405206,0.013445698839243124,1174,2405
6,T+3,7,18867,3368,0.1785127471246091,0.012495892298722638,1174,2405
6,T+3,8,18867,2717,0.14400805639476336,0.01152064451158107,1174,2405
6,T+3,9,18867,2193,0.1162346955000795,0.010461122595007154,1174,2405
6,T+3,10,18867,1739,0.09217151640430381,0.00921715164043038,1174,2405
6,T+3,11,18867,1410,0.07473366194943552,0.008220702814437908,1174,2405
6,T+3,12,18867,1157,0.06132400487623894,0.0073588805851486725,1174,2405
6,T+3,13,18867,922,0.048868394551333016,0.0063528912916732926,1174,2405
6,T+3,14,18867,752,0.03985795303969895,0.005580113425557853,1174,2405
6,T+3,15,18867,615,0.03259659723326443,0.004889489584989664,1174,2405
6,T+3,16,18867,491,0.026024275189484285,0.004163884030317486,1174,2405
6,T+3,17,18867,411,0.021784067419303547,0.0037032914612816032,1174,2405
6,T+3,18,18867,344,0.01823289341177718,0.003281920814119892,1174,2405
6,T+3,19,18867,289,0.015317750569777919,0.002910372608257805,1174,2405
6,T+3,20,18867,238,0.012614618116287698,0.0025229236232575396,1174,2405
7,T+3,1,18728,13365,0.7136373344724477,0.007136373344724477,1172,2393
7,T+3,2,18728,10963,0.5853801794105084,0.011707603588210167,1172,2393
7,T+3,3,18728,8700,0.46454506621102093,0.013936351986330628,1172,2393
7,T+3,4,18728,6865,0.3665634344297309,0.014662537377189236,1172,2393
7,T+3,5,18728,5422,0.28951302862024775,0.014475651431012388,1172,2393
7,T+3,6,18728,4325,0.23093763348996155,0.013856258009397692,1172,2393
7,T+3,7,18728,3436,0.1834686031610423,0.012842802221272962,1172,2393
7,T+3,8,18728,2787,0.14881460914139258,0.011905168731311406,1172,2393
7,T+3,9,18728,2198,0.11736437419906023,0.01056279367791542,1172,2393
7,T+3,10,18728,1795,0.09584579239641179,0.00958457923964118,1172,2393
7,T+3,11,18728,1467,0.07833190944041007,0.008616510038445109,1172,2393
7,T+3,12,18728,1195,0.06380820162323793,0.007656984194788551,1172,2393
7,T+3,13,18728,1005,0.05366296454506621,0.006976185390858607,1172,2393
7,T+3,14,18728,823,0.04394489534387014,0.00615228534814182,1172,2393
7,T+3,15,18728,678,0.036202477573686456,0.005430371636052968,1172,2393
7,T+3,16,18728,538,0.028727039726612558,0.00459632635625801,1172,2393
7,T+3,17,18728,433,0.023120461341307134,0.003930478428022213,1172,2393
7,T+3,18,18728,348,0.018581802648440837,0.0033447244767193505,1172,2393
7,T+3,19,18728,302,0.01612558735583084,0.0030638615976078597,1172,2393
7,T+3,20,18728,247,0.013188808201623239,0.002637761640324648,1172,2393
0,T+4,1,20114,14769,0.7342646912598191,0.007342646912598191,1170,2523
0,T+4,2,20114,12246,0.6088296708760068,0.012176593417520136,1170,2523
0,T+4,3,20114,9874,0.49090185940141196,0.014727055782042357,1170,2523
0,T+4,4,20114,7948,0.3951476583474197,0.01580590633389679,1170,2523
0,T+4,5,20114,6390,0.3176891717211892,0.015884458586059462,1170,2523
0,T+4,6,20114,5100,0.2535547379934374,0.015213284279606245,1170,2523
0,T+4,7,20114,4131,0.2053793377746843,0.014376553644227904,1170,2523
0,T+4,8,20114,3367,0.16739584369096153,0.013391667495276923,1170,2523
0,T+4,9,20114,2768,0.13761559113055583,0.012385403201750024,1170,2523
0,T+4,10,20114,2254,0.11206125087004076,0.011206125087004077,1170,2523
0,T+4,11,20114,1883,0.09361638659640052,0.010297802525604057,1170,2523
0,T+4,12,20114,1562,0.0776573530874018,0.009318882370488217,1170,2523
0,T+4,13,20114,1298,0.06453216665009447,0.008389181664512281,1170,2523
0,T+4,14,20114,1085,0.05394252759272149,0.007551953862981009,1170,2523
0,T+4,15,20114,914,0.04544098637764741,0.006816147956647111,1170,2523
0,T+4,16,20114,746,0.037088595008451825,0.005934175201352292,1170,2523
0,T+4,17,20114,611,0.030376851943919658,0.005164064830466342,1170,2523
0,T+4,18,20114,519,0.025802923336979217,0.004644526200656259,1170,2523
0,T+4,19,20114,450,0.02237247688177389,0.004250770607537039,1170,2523
0,T+4,20,20114,373,0.018544297504225912,0.0037088595008451827,1170,2523
1,T+4,1,19911,14558,0.7311536336698308,0.007311536336698308,1169,2508
1,T+4,2,19911,12141,0.609763447340666,0.012195268946813321,1169,2508
1,T+4,3,19911,9868,0.4956054442268093,0.014868163326804278,1169,2508
1,T+4,4,19911,7984,0.40098438049319474,0.01603937521972779,1169,2508
1,T+4,5,19911,6365,0.3196725428155291,0.015983627140776457,1169,2508
1,T+4,6,19911,5151,0.2587012204309176,0.015522073225855054,1169,2508
1,T+4,7,19911,4101,0.2059665511526292,0.014417658580684046,1169,2508
1,T+4,8,19911,3293,0.16538596755562252,0.013230877404449802,1169,2508
1,T+4,9,19911,2701,0.13565365878157803,0.012208829290342022,1169,2508
1,T+4,10,19911,2180,0.10948721812063683,0.010948721812063683,1169,2508
1,T+4,11,19911,1783,0.08954849078398874,0.009850333986238762,1169,2508
1,T+4,12,19911,1507,0.07568680628798152,0.009082416754557782,1169,2508
1,T+4,13,19911,1278,0.06418562603585957,0.008344131384661745,1169,2508
1,T+4,14,19911,1045,0.05248355180553463,0.007347697252774849,1169,2508
1,T+4,15,19911,865,0.04344332278639948,0.006516498417959922,1169,2508
1,T+4,16,19911,714,0.035859575109236104,0.005737532017477777,1169,2508
1,T+4,17,19911,601,0.030184320225001254,0.0051313344382502134,1169,2508
1,T+4,18,19911,509,0.025563758726332177,0.0046014765707397915,1169,2508
1,T+4,19,19911,432,0.021696549645924365,0.00412234443272563,1169,2508
1,T+4,20,19911,361,0.018130681532821054,0.003626136306564211,1169,2508
2,T+4,1,19651,14380,0.7317693756042949,0.007317693756042949,1171,2487
2,T+4,2,19651,11901,0.6056180347056129,0.012112360694112258,1171,2487
2,T+4,3,19651,9635,0.4903058368530864,0.01470917510559259,1171,2487
2,T+4,4,19651,7737,0.39372042135260293,0.015748816854104116,1171,2487
2,T+4,5,19651,6113,0.31107831662510815,0.015553915831255408,1171,2487
2,T+4,6,19651,4834,0.24599257035265382,0.01475955422115923,1171,2487
2,T+4,7,19651,3870,0.19693654266958424,0.013785557986870898,1171,2487
2,T+4,8,19651,3161,0.16085695384458806,0.012868556307567044,1171,2487
2,T+4,9,19651,2577,0.13113836445982394,0.011802452801384153,1171,2487
2,T+4,10,19651,2111,0.10742455854663885,0.010742455854663886,1171,2487
2,T+4,11,19651,1728,0.08793445626176785,0.009672790188794463,1171,2487
2,T+4,12,19651,1445,0.07353315352908249,0.008823978423489899,1171,2487
2,T+4,13,19651,1181,0.0600987227113124,0.007812833952470613,1171,2487
2,T+4,14,19651,987,0.05022645158007226,0.007031703221210117,1171,2487
2,T+4,15,19651,835,0.04249147626075009,0.0063737214391125134,1171,2487
2,T+4,16,19651,707,0.03597781283395247,0.0057564500534323946,1171,2487
2,T+4,17,19651,614,0.031245229250419827,0.005311688972571371,1171,2487
2,T+4,18,19651,523,0.026614421657930893,0.004790595898427561,1171,2487
2,T+4,19,19651,447,0.022746933998269808,0.0043219174596712635,1171,2487
2,T+4,20,19651,371,0.018879446338608722,0.0037758892677217447,1171,2487
3,T+4,1,19394,13921,0.7177993193771269,0.0071779931937712696,1169,2473
3,T+4,2,19394,11581,0.5971434464267299,0.011942868928534599,1169,2473
3,T+4,3,19394,9398,0.4845828606785604,0.014537485820356811,1169,2473
3,T+4,4,19394,7550,0.38929565845106734,0.015571826338042693,1169,2473
3,T+4,5,19394,6067,0.31282870991028155,0.01564143549551408,1169,2473
3,T+4,6,19394,4904,0.25286170980715683,0.01517170258842941,1169,2473
3,T+4,7,19394,3960,0.2041868619160565,0.014293080334123957,1169,2473
3,T+4,8,19394,3228,0.16644322986490667,0.013315458389192535,1169,2473
3,T+4,9,19394,2641,0.13617613694957204,0.012255852325461484,1169,2473
3,T+4,10,19394,2142,0.1104465298545942,0.011044652985459421,1169,2473
3,T+4,11,19394,1736,0.08951222027431165,0.00984634423017428,1169,2473
3,T+4,12,19394,1447,0.07461070434154893,0.008953284520985871,1169,2473
3,T+4,13,19394,1223,0.06306074043518614,0.008197896256574199,1169,2473
3,T+4,14,19394,1031,0.05316077137258946,0.007442507992162525,1169,2473
3,T+4,15,19394,873,0.045013921831494275,0.006752088274724141,1169,2473
3,T+4,16,19394,752,0.03877487882850366,0.006203980612560586,1169,2473
3,T+4,17,19394,629,0.03243271114777766,0.005513560895122203,1169,2473
3,T+4,18,19394,545,0.028101474682891616,0.00505826544292049,1169,2473
3,T+4,19,19394,469,0.024182736928947096,0.004594720016499948,1169,2473
3,T+4,20,19394,390,0.020109312158399506,0.004021862431679901,1169,2473
4,T+4,1,19207,13837,0.7204144322382465,0.007204144322382465,1173,2449
4,T+4,2,19207,11410,0.5940542510543031,0.011881085021086063,1173,2449
4,T+4,3,19207,9321,0.4852918206903733,0.014558754620711198,1173,2449
4,T+4,4,19207,7603,0.3958452647472276,0.015833810589889103,1173,2449
4,T+4,5,19207,6092,0.3171760295725517,0.015858801478627584,1173,2449
4,T+4,6,19207,4984,0.2594887280678919,0.015569323684073514,1173,2449
4,T+4,7,19207,4098,0.2133597126047795,0.014935179882334566,1173,2449
4,T+4,8,19207,3331,0.1734263549747488,0.013874108397979904,1173,2449
4,T+4,9,19207,2744,0.14286458062164836,0.012857812255948353,1173,2449
4,T+4,10,19207,2223,0.11573905347008903,0.011573905347008903,1173,2449
4,T+4,11,19207,1820,0.09475711980007288,0.010423283178008017,1173,2449
4,T+4,12,19207,1514,0.07882542822929141,0.00945905138751497,1173,2449
4,T+4,13,19207,1268,0.06601759775082001,0.008582287707606603,1173,2449
4,T+4,14,19207,1050,0.05466756911542667,0.007653459676159735,1173,2449
4,T+4,15,19207,894,0.04654553027542042,0.006981829541313062,1173,2449
4,T+4,16,19207,735,0.03826729838079867,0.006122767740927787,1173,2449
4,T+4,17,19207,621,0.03233196230540949,0.005496433591919613,1173,2449
4,T+4,18,19207,537,0.027958556776175352,0.0050325402197115635,1173,2449
4,T+4,19,19207,460,0.02394960170771073,0.004550424324465039,1173,2449
4,T+4,20,19207,404,0.02103399802155464,0.004206799604310928,1173,2449
5,T+4,1,19008,13646,0.7179082491582491,0.0071790824915824916,1169,2437
5,T+4,2,19008,11323,0.5956965488215489,0.011913930976430977,1169,2437
5,T+4,3,19008,9299,0.48921506734006737,0.01467645202020202,1169,2437
5,T+4,4,19008,7533,0.3963068181818182,0.01585227272727273,1169,2437
5,T+4,5,19008,6139,0.3229692760942761,0.016148463804713808,1169,2437
5,T+4,6,19008,5001,0.26309974747474746,0.015785984848484848,1169,2437
5,T+4,7,19008,4094,0.21538299663299662,0.015076809764309765,1169,2437
5,T+4,8,19008,3363,0.17692550505050506,0.014154040404040405,1169,2437
5,T+4,9,19008,2756,0.1449915824915825,0.013049242424242425,1169,2437
5,T+4,10,19008,2274,0.11963383838383838,0.011963383838383839,1169,2437
5,T+4,11,19008,1866,0.09816919191919192,0.010798611111111111,1169,2437
5,T+4,12,19008,1548,0.08143939393939394,0.009772727272727271,1169,2437
5,T+4,13,19008,1297,0.0682344276094276,0.00887047558922559,1169,2437
5,T+4,14,19008,1095,0.05760732323232323,0.008065025252525252,1169,2437
5,T+4,15,19008,912,0.047979797979797977,0.0071969696969696965,1169,2437
5,T+4,16,19008,772,0.04061447811447812,0.006498316498316499,1169,2437
5,T+4,17,19008,658,0.034617003367003366,0.005884890572390573,1169,2437
5,T+4,18,19008,565,0.029724326599326598,0.005350378787878788,1169,2437
5,T+4,19,19008,494,0.02598905723905724,0.004937920875420876,1169,2437
5,T+4,20,19008,429,0.022569444444444444,0.004513888888888889,1169,2437
6,T+4,1,18867,13846,0.7338739598240314,0.0073387395982403136,1174,2405
6,T+4,2,18867,11674,0.6187523188636244,0.012375046377272488,1174,2405
6,T+4,3,18867,9530,0.5051147506227806,0.015153442518683415,1174,2405
6,T+4,4,18867,7772,0.4119361848730588,0.01647744739492235,1174,2405
6,T+4,5,18867,6287,0.3332273281390788,0.01666136640695394,1174,2405
6,T+4,6,18867,5096,0.2701012349605131,0.016206074097630783,1174,2405
6,T+4,7,18867,4142,0.21953675730110775,0.015367573011077544,1174,2405
6,T+4,8,18867,3426,0.18158689775799014,0.01452695182063921,1174,2405
6,T+4,9,18867,2811,0.1489903005247257,0.013409127047225312,1174,2405
6,T+4,10,18867,2299,0.12185297079556898,0.012185297079556899,1174,2405
6,T+4,11,18867,1889,0.1001219059733927,0.011013409657073196,1174,2405
6,T+4,12,18867,1554,0.08236603593576085,0.009883924312291301,1174,2405
6,T+4,13,18867,1274,0.06752530874012827,0.008778290136216676,1174,2405
6,T+4,14,18867,1050,0.0556527269836222,0.007791381777707108,1174,2405
6,T+4,15,18867,887,0.04701330365187894,0.007051995547781841,1174,2405
6,T+4,16,18867,730,0.038691895902899245,0.00619070334446388,1174,2405
6,T+4,17,18867,599,0.03174855567922828,0.005397254465468808,1174,2405
6,T+4,18,18867,510,0.027031324534902212,0.004865638416282398,1174,2405
6,T+4,19,18867,435,0.023056129750357767,0.004380664652567976,1174,2405
6,T+4,20,18867,368,0.019504955742831398,0.00390099114856628,1174,2405
7,T+4,1,18727,13986,0.7468361189726064,0.007468361189726064,1171,2393
7,T+4,2,18727,11727,0.6262081486623592,0.012524162973247184,1171,2393
7,T+4,3,18727,9593,0.5122550328402841,0.01536765098520852,1171,2393
7,T+4,4,18727,7779,0.41538954450792975,0.01661558178031719,1171,2393
7,T+4,5,18727,6288,0.33577188017301224,0.016788594008650612,1171,2393
7,T+4,6,18727,5110,0.2728680514764778,0.016372083088588667,1171,2393
7,T+4,7,18727,4151,0.22165856784322102,0.015516099749025474,1171,2393
7,T+4,8,18727,3414,0.18230362578095796,0.014584290062476636,1171,2393
7,T+4,9,18727,2780,0.1484487638169488,0.013360388743525391,1171,2393
7,T+4,10,18727,2303,0.12297751909008384,0.012297751909008385,1171,2393
7,T+4,11,18727,1923,0.10268596144604047,0.011295455759064453,1171,2393
7,T+4,12,18727,1585,0.08463715491002297,0.010156458589202756,1171,2393
7,T+4,13,18727,1347,0.07192823196454318,0.009350670155390614,1171,2393
7,T+4,14,18727,1126,0.0601270892294548,0.008417792492123672,1171,2393
7,T+4,15,18727,964,0.05147647781278368,0.007721471671917552,1171,2393
7,T+4,16,18727,802,0.042825866396112564,0.0068521386233780105,1171,2393
7,T+4,17,18727,681,0.03636460725156192,0.006181983232765527,1171,2393
7,T+4,18,18727,565,0.030170342286538154,0.005430661611576867,1171,2393
7,T+4,19,18727,487,0.026005233085918726,0.0049409942863245584,1171,2393
7,T+4,20,18727,420,0.02242751108025845,0.00448550221605169,1171,2393
0,T+5,1,20114,15238,0.7575817838321567,0.007575817838321567,1170,2523
0,T+5,2,20114,12928,0.6427364025057174,0.012854728050114348,1170,2523
0,T+5,3,20114,10650,0.5294819528686487,0.015884458586059462,1170,2523
0,T+5,4,20114,8732,0.4341254847369991,0.017365019389479965,1170,2523
0,T+5,5,20114,7123,0.35413145073083424,0.017706572536541714,1170,2523
0,T+5,6,20114,5778,0.2872626031619767,0.017235756189718603,1170,2523
0,T+5,7,20114,4742,0.23575618971860396,0.01650293328030228,1170,2523
0,T+5,8,20114,3928,0.19528686487023963,0.015622949189619172,1170,2523
0,T+5,9,20114,3259,0.1620264492393358,0.014582380431540221,1170,2523
0,T+5,10,20114,2700,0.13423486129064333,0.013423486129064334,1170,2523
0,T+5,11,20114,2283,0.11350303271353286,0.012485333598488614,1170,2523
0,T+5,12,20114,1939,0.09640051705279905,0.011568062046335885,1170,2523
0,T+5,13,20114,1631,0.08108779954260714,0.01054141394053893,1170,2523
0,T+5,14,20114,1388,0.06900666202644924,0.009660932683702895,1170,2523
0,T+5,15,20114,1158,0.05757184050909814,0.00863577607636472,1170,2523
0,T+5,16,20114,956,0.0475290842199463,0.007604653475191409,1170,2523
0,T+5,17,20114,803,0.039922442080143186,0.006786815153624342,1170,2523
0,T+5,18,20114,688,0.034205031321467634,0.006156905637864174,1170,2523
0,T+5,19,20114,589,0.029283086407477378,0.0055637864174207016,1170,2523
0,T+5,20,20114,505,0.025106890722879586,0.005021378144575917,1170,2523
1,T+5,1,19906,15013,0.7541947151612579,0.0075419471516125795,1168,2508
1,T+5,2,19906,12748,0.6404099266552798,0.012808198533105598,1168,2508
1,T+5,3,19906,10562,0.5305937908168391,0.015917813724505174,1168,2508
1,T+5,4,19906,8692,0.4366522656485482,0.017466090625941927,1168,2508
1,T+5,5,19906,7061,0.3547171707023008,0.01773585853511504,1168,2508
1,T+5,6,19906,5781,0.29041495026625136,0.01742489701597508,1168,2508
1,T+5,7,19906,4729,0.23756656284537325,0.016629659399176128,1168,2508
1,T+5,8,19906,3931,0.1974781472922737,0.015798251783381897,1168,2508
1,T+5,9,19906,3274,0.1644730232090827,0.014802572088817441,1168,2508
1,T+5,10,19906,2660,0.13362805184366522,0.013362805184366522,1168,2508
1,T+5,11,19906,2221,0.1115743996784889,0.012273183964633779,1168,2508
1,T+5,12,19906,1898,0.09534813624032955,0.011441776348839545,1168,2508
1,T+5,13,19906,1649,0.08283934492112931,0.01076911483974681,1168,2508
1,T+5,14,19906,1374,0.06902441474932182,0.009663418064905055,1168,2508
1,T+5,15,19906,1146,0.05757058173415051,0.008635587260122576,1168,2508
1,T+5,16,19906,968,0.048628554204762385,0.007780568672761981,1168,2508
1,T+5,17,19906,821,0.04124384607655983,0.0070114538330151716,1168,2508
1,T+5,18,19906,702,0.03526574902039586,0.006347834823671254,1168,2508
1,T+5,19,19906,605,0.030392846377976488,0.0057746408118155325,1168,2508
1,T+5,20,19906,519,0.026072540942429417,0.005214508188485884,1168,2508
2,T+5,1,19651,14851,0.7557376214950893,0.007557376214950893,1171,2487
2,T+5,2,19651,12532,0.6377283598799043,0.012754567197598085,1171,2487
2,T+5,3,19651,10417,0.530100249351178,0.01590300748053534,1171,2487
2,T+5,4,19651,8529,0.4340237138059132,0.01736094855223653,1171,2487
2,T+5,5,19651,6951,0.3537224568724238,0.017686122843621192,1171,2487
2,T+5,6,19651,5617,0.2858378708462674,0.017150272250776043,1171,2487
2,T+5,7,19651,4576,0.23286346750801487,0.016300442725561044,1171,2487
2,T+5,8,19651,3751,0.19088087120248334,0.015270469696198668,1171,2487
2,T+5,9,19651,3106,0.15805811409088596,0.014225230268179736,1171,2487
2,T+5,10,19651,2570,0.13078214849117092,0.013078214849117094,1171,2487
2,T+5,11,19651,2126,0.10818787847946669,0.011900666632741336,1171,2487
2,T+5,12,19651,1799,0.09154750394381965,0.010985700473258357,1171,2487
2,T+5,13,19651,1507,0.07668820925143759,0.009969467202686887,1171,2487
2,T+5,14,19651,1263,0.06427153834410462,0.008998015368174649,1171,2487
2,T+5,15,19651,1097,0.05582413108747646,0.00837361966312147,1171,2487
2,T+5,16,19651,938,0.0477329397995013,0.007637270367920208,1171,2487
2,T+5,17,19651,809,0.04116838837718182,0.00699862602412091,1171,2487
2,T+5,18,19651,705,0.03587603684290876,0.006457686631723576,1171,2487
2,T+5,19,19651,614,0.031245229250419827,0.0059365935575797675,1171,2487
2,T+5,20,19651,525,0.026716197648974607,0.005343239529794922,1171,2487
3,T+5,1,19394,14429,0.743992987521914,0.00743992987521914,1169,2473
3,T+5,2,19394,12229,0.6305558420129938,0.012611116840259876,1169,2473
3,T+5,3,19394,10156,0.5236671135402702,0.015710013406208104,1169,2473
3,T+5,4,19394,8347,0.4303908425286171,0.017215633701144685,1169,2473
3,T+5,5,19394,6859,0.35366608229349283,0.01768330411467464,1169,2473
3,T+5,6,19394,5614,0.2894709704032175,0.01736825822419305,1169,2473
3,T+5,7,19394,4629,0.23868206661854183,0.01670774466329793,1169,2473
3,T+5,8,19394,3850,0.1985150046406105,0.015881200371248842,1169,2473
3,T+5,9,19394,3203,0.1651541713932144,0.014863875425389295,1169,2473
3,T+5,10,19394,2655,0.1368980096937197,0.013689800969371972,1169,2473
3,T+5,11,19394,2219,0.11441682994740641,0.012585851294214705,1169,2473
3,T+5,12,19394,1872,0.09652469836031763,0.011582963803238115,1169,2473
3,T+5,13,19394,1573,0.08110755903887801,0.010543982675054141,1169,2473
3,T+5,14,19394,1311,0.06759822625554295,0.009463751675776013,1169,2473
3,T+5,15,19394,1093,0.056357636382386306,0.008453645457357946,1169,2473
3,T+5,16,19394,938,0.04836547385789419,0.007738475817263071,1169,2473
3,T+5,17,19394,815,0.04202330617716819,0.0071439620501185935,1169,2473
3,T+5,18,19394,711,0.036660822934928325,0.006598948128287098,1169,2473
3,T+5,19,19394,622,0.032071774775703825,0.006093637207383727,1169,2473
3,T+5,20,19394,521,0.02686397855006703,0.005372795710013406,1169,2473
4,T+5,1,19206,14393,0.7494012287826721,0.007494012287826721,1172,2449
4,T+5,2,19206,12141,0.6321462043111528,0.012642924086223056,1172,2449
4,T+5,3,19206,10073,0.5244715193168802,0.015734145579506406,1172,2449
4,T+5,4,19206,8375,0.4360616474018536,0.017442465896074146,1172,2449
4,T+5,5,19206,6832,0.35572217015515983,0.017786108507757994,1172,2449
4,T+5,6,19206,5698,0.29667812142038946,0.01780068728522337,1172,2449
4,T+5,7,19206,4784,0.24908882640841404,0.017436217848588984,1172,2449
4,T+5,8,19206,3974,0.20691450588357804,0.016553160470686244,1172,2449
4,T+5,9,19206,3318,0.17275851296469852,0.015548266166822866,1172,2449
4,T+5,10,19206,2748,0.1430802874101843,0.014308028741018431,1172,2449
4,T+5,11,19206,2285,0.11897323752993856,0.013087056128293242,1172,2449
4,T+5,12,19206,1885,0.09814641257940226,0.011777569509528272,1172,2449
4,T+5,13,19206,1618,0.08424450692491929,0.010951785900239508,1172,2449
4,T+5,14,19206,1367,0.07117567426845778,0.00996459439758409,1172,2449
4,T+5,15,19206,1146,0.059668853483286474,0.008950328022492971,1172,2449
4,T+5,16,19206,955,0.04972404456940539,0.007955847131104863,1172,2449
4,T+5,17,19206,819,0.042642924086223055,0.0072492970946579196,1172,2449
4,T+5,18,19206,710,0.03696761428720192,0.006654170571696345,1172,2449
4,T+5,19,19206,611,0.03181297511194418,0.006044465271269395,1172,2449
4,T+5,20,19206,530,0.027595543059460586,0.005519108611892118,1172,2449
5,T+5,1,19008,14171,0.7455281986531986,0.0074552819865319865,1169,2437
5,T+5,2,19008,11970,0.6297348484848485,0.012594696969696971,1169,2437
5,T+5,3,19008,10029,0.5276199494949495,0.015828598484848484,1169,2437
5,T+5,4,19008,8319,0.4376578282828283,0.017506313131313133,1169,2437
5,T+5,5,19008,6900,0.3630050505050505,0.018150252525252524,1169,2437
5,T+5,6,19008,5700,0.29987373737373735,0.01799242424242424,1169,2437
5,T+5,7,19008,4780,0.25147306397306396,0.017603114478114478,1169,2437
5,T+5,8,19008,3991,0.2099642255892256,0.016797138047138047,1169,2437
5,T+5,9,19008,3335,0.17545244107744107,0.015790719696969695,1169,2437
5,T+5,10,19008,2794,0.14699074074074073,0.014699074074074073,1169,2437
5,T+5,11,19008,2330,0.12257996632996633,0.013483796296296296,1169,2437
5,T+5,12,19008,1959,0.10306186868686869,0.012367424242424242,1169,2437
5,T+5,13,19008,1640,0.08627946127946128,0.011216329966329966,1169,2437
5,T+5,14,19008,1400,0.07365319865319865,0.010311447811447811,1169,2437
5,T+5,15,19008,1181,0.06213173400673401,0.009319760101010101,1169,2437
5,T+5,16,19008,999,0.052556818181818184,0.00840909090909091,1169,2437
5,T+5,17,19008,852,0.04482323232323232,0.0076199494949494954,1169,2437
5,T+5,18,19008,740,0.038930976430976434,0.007007575757575758,1169,2437
5,T+5,19,19008,656,0.034511784511784514,0.0065572390572390575,1169,2437
5,T+5,20,19008,556,0.02925084175084175,0.00585016835016835,1169,2437
6,T+5,1,18866,14286,0.7572352379942754,0.007572352379942754,1173,2405
6,T+5,2,18866,12267,0.650217322166861,0.013004346443337221,1173,2405
6,T+5,3,18866,10235,0.5425103360542776,0.016275310081628327,1173,2405
6,T+5,4,18866,8521,0.45165906922506094,0.018066362769002437,1173,2405
6,T+5,5,18866,7034,0.37284002968302765,0.018642001484151384,1173,2405
6,T+5,6,18866,5810,0.30796141206403055,0.01847768472384183,1173,2405
6,T+5,7,18866,4808,0.25484999469945935,0.017839499628962155,1173,2405
6,T+5,8,18866,4023,0.21324075055655678,0.017059260044524543,1173,2405
6,T+5,9,18866,3391,0.17974133361602884,0.016176720025442595,1173,2405
6,T+5,10,18866,2794,0.1480971059048023,0.014809710590480231,1173,2405
6,T+5,11,18866,2308,0.12233647832078871,0.013457012615286758,1173,2405
6,T+5,12,18866,1921,0.10182338598537051,0.01221880631824446,1173,2405
6,T+5,13,18866,1606,0.08512668292165801,0.011066468779815541,1173,2405
6,T+5,14,18866,1345,0.0712922718117248,0.009980918053641473,1173,2405
6,T+5,15,18866,1140,0.060426163468673806,0.00906392452030107,1173,2405
6,T+5,16,18866,977,0.05178628220078448,0.008285805152125517,1173,2405
6,T+5,17,18866,834,0.04420650906392452,0.007515106540867169,1173,2405
6,T+5,18,18866,726,0.03848192515636595,0.00692674652814587,1173,2405
6,T+5,19,18866,622,0.03296936287501325,0.006264178946252518,1173,2405
6,T+5,20,18866,537,0.028463903318138452,0.005692780663627691,1173,2405
7,T+5,1,18727,14395,0.7686762428579057,0.007686762428579057,1171,2393
7,T+5,2,18727,12319,0.6578202595183426,0.013156405190366852,1171,2393
7,T+5,3,18727,10261,0.5479254552250761,0.016437763656752282,1171,2393
7,T+5,4,18727,8501,0.4539435040316121,0.018157740161264483,1171,2393
7,T+5,5,18727,6994,0.37347145832220857,0.01867357291611043,1171,2393
7,T+5,6,18727,5776,0.30843167618945905,0.018505900571367542,1171,2393
7,T+5,7,18727,4764,0.25439205425321726,0.01780744379772521,1171,2393
7,T+5,8,18727,3992,0.21316815293426603,0.017053452234741282,1171,2393
7,T+5,9,18727,3301,0.17626955732365035,0.01586426015912853,1171,2393
7,T+5,10,18727,2763,0.14754098360655737,0.014754098360655738,1171,2393
7,T+5,11,18727,2329,0.12436588882362365,0.013680247770598602,1171,2393
7,T+5,12,18727,1958,0.10455492070272868,0.01254659048432744,1171,2393
7,T+5,13,18727,1664,0.08885566294654776,0.011551236183051209,1171,2393
7,T+5,14,18727,1416,0.0756127516420142,0.010585785229881989,1171,2393
7,T+5,15,18727,1208,0.06450579377369574,0.00967586906605436,1171,2393
7,T+5,16,18727,1020,0.05446681262348481,0.00871469001975757,1171,2393
7,T+5,17,18727,893,0.047685160463501894,0.008106477278795323,1171,2393
7,T+5,18,18727,766,0.040903508303518986,0.007362631494633417,1171,2393
7,T+5,19,18727,670,0.03577722005660276,0.006797671810754525,1171,2393
7,T+5,20,18727,573,0.03059753297378117,0.006119506594756234,1171,2393
0,T+6,1,20109,15616,0.7765677060022875,0.007765677060022875,1169,2523
0,T+6,2,20109,13401,0.666418021781292,0.013328360435625838,1169,2523
0,T+6,3,20109,11237,0.5588045153911184,0.016764135461733554,1169,2523
0,T+6,4,20109,9322,0.4635735242926053,0.01854294097170421,1169,2523
0,T+6,5,20109,7712,0.38350987120194935,0.01917549356009747,1169,2523
0,T+6,6,20109,6335,0.3150330697697548,0.01890198418618529,1169,2523
0,T+6,7,20109,5275,0.2623203540703168,0.018362424784922178,1169,2523
0,T+6,8,20109,4435,0.22054801332736584,0.017643841066189266,1169,2523
0,T+6,9,20109,3718,0.18489233676463276,0.01664031030881695,1169,2523
0,T+6,10,20109,3127,0.15550251131334228,0.01555025113133423,1169,2523
0,T+6,11,20109,2656,0.1320801631110448,0.014528817942214929,1169,2523
0,T+6,12,20109,2288,0.11377989954746631,0.013653587945695957,1169,2523
0,T+6,13,20109,1957,0.09731960813566065,0.012651549057635885,1169,2523
0,T+6,14,20109,1676,0.08334576557760207,0.011668407180864291,1169,2523
0,T+6,15,20109,1426,0.07091352130886668,0.01063702819633,1169,2523
0,T+6,16,20109,1182,0.058779650902580936,0.00940474414441295,1169,2523
0,T+6,17,20109,1018,0.05062409866229051,0.008606096772589387,1169,2523
0,T+6,18,20109,889,0.044209060619623056,0.00795763091153215,1169,2523
0,T+6,19,20109,780,0.038788602118454425,0.007369834402506341,1169,2523
0,T+6,20,20109,684,0.03401462031926003,0.006802924063852006,1169,2523
1,T+6,1,19906,15396,0.7734351451823571,0.007734351451823571,1168,2508
1,T+6,2,19906,13283,0.6672862453531598,0.013345724907063197,1168,2508
1,T+6,3,19906,11209,0.5630965538028735,0.016892896614086203,1168,2508
1,T+6,4,19906,9384,0.4714156535717874,0.018856626142871497,1168,2508
1,T+6,5,19906,7731,0.3883753642117954,0.01941876821058977,1168,2508
1,T+6,6,19906,6451,0.32407314377574603,0.01944438862654476,1168,2508
1,T+6,7,19906,5334,0.26795940922334976,0.018757158645634486,1168,2508
1,T+6,8,19906,4463,0.22420375766100673,0.017936300612880537,1168,2508
1,T+6,9,19906,3773,0.18954084195719884,0.017058675776147895,1168,2508
1,T+6,10,19906,3113,0.15638500954486084,0.015638500954486084,1168,2508
1,T+6,11,19906,2620,0.13161860745503867,0.014478046820054253,1168,2508
1,T+6,12,19906,2233,0.11217723299507686,0.013461267959409223,1168,2508
1,T+6,13,19906,1948,0.09785994172611273,0.012721792424394656,1168,2508
1,T+6,14,19906,1667,0.08374359489601126,0.011724103285441576,1168,2508
1,T+6,15,19906,1423,0.07148598412538933,0.010722897618808399,1168,2508
1,T+6,16,19906,1221,0.06133828996282528,0.009814126394052046,1168,2508
1,T+6,17,19906,1058,0.05314980407917211,0.00903546669345926,1168,2508
1,T+6,18,19906,922,0.04631769315784186,0.008337184768411533,1168,2508
1,T+6,19,19906,796,0.039987943333668244,0.007597709233396966,1168,2508
1,T+6,20,19906,698,0.03506480458153321,0.007012960916306642,1168,2508
2,T+6,1,19651,15228,0.7749223958068292,0.007749223958068292,1171,2487
2,T+6,2,19651,13055,0.6643427815378352,0.013286855630756704,1171,2487
2,T+6,3,19651,11076,0.5636354384000815,0.016909063152002444,1171,2487
2,T+6,4,19651,9264,0.47142639051447766,0.018857055620579107,1171,2487
2,T+6,5,19651,7641,0.3888351737825047,0.019441758689125236,1171,2487
2,T+6,6,19651,6310,0.3211032517429138,0.019266195104574828,1171,2487
2,T+6,7,19651,5227,0.2659915525927434,0.018619408681492037,1171,2487
2,T+6,8,19651,4360,0.22187166047529389,0.017749732838023512,1171,2487
2,T+6,9,19651,3658,0.1861482876189507,0.01675334588570556,1171,2487
2,T+6,10,19651,3053,0.15536105032822758,0.01553610503282276,1171,2487
2,T+6,11,19651,2551,0.12981527657625566,0.014279680423388123,1171,2487
2,T+6,12,19651,2181,0.1109867182331688,0.013318406187980256,1171,2487
2,T+6,13,19651,1847,0.09399012772886876,0.01221871660475294,1171,2487
2,T+6,14,19651,1538,0.07826573711261513,0.010957203195766119,1171,2487
2,T+6,15,19651,1335,0.06793547402167828,0.010190321103251741,1171,2487
2,T+6,16,19651,1148,0.05841941885909114,0.009347107017454583,1171,2487
2,T+6,17,19651,982,0.04997201160246298,0.008495241972418707,1171,2487
2,T+6,18,19651,858,0.04366190015775279,0.0078591420283955,1171,2487
2,T+6,19,19651,759,0.038623988601089,0.007338557834206911,1171,2487
2,T+6,20,19651,659,0.03353518904890336,0.006707037809780672,1171,2487
3,T+6,1,19393,14843,0.7653792605579333,0.007653792605579333,1168,2473
3,T+6,2,19393,12795,0.6597741453101634,0.013195482906203268,1168,2473
3,T+6,3,19393,10780,0.5558706749858197,0.01667612024957459,1168,2473
3,T+6,4,19393,9007,0.46444593409993296,0.018577837363997318,1168,2473
3,T+6,5,19393,7521,0.38782034754808437,0.01939101737740422,1168,2473
3,T+6,6,19393,6221,0.3207858505646367,0.019247151033878203,1168,2473
3,T+6,7,19393,5245,0.27045841282937144,0.018932088898056004,1168,2473
3,T+6,8,19393,4418,0.2278141597483628,0.018225132779869025,1168,2473
3,T+6,9,19393,3738,0.19274996132625175,0.017347496519362657,1168,2473
3,T+6,10,19393,3146,0.16222348269994327,0.016222348269994327,1168,2473
3,T+6,11,19393,2660,0.13716289382766977,0.015087918321043675,1168,2473
3,T+6,12,19393,2254,0.11622750476976229,0.013947300572371474,1168,2473
3,T+6,13,19393,1931,0.09957201051925953,0.012944361367503739,1168,2473
3,T+6,14,19393,1620,0.08353529624091167,0.011694941473727636,1168,2473
3,T+6,15,19393,1371,0.07069561181869746,0.010604341772804619,1168,2473
3,T+6,16,19393,1183,0.06100139225493735,0.009760222760789977,1168,2473
3,T+6,17,19393,1028,0.05300881761460321,0.009011498994482546,1168,2473
3,T+6,18,19393,891,0.04594441293250142,0.008269994327850255,1168,2473
3,T+6,19,19393,767,0.039550353220234105,0.0075145671118444805,1168,2473
3,T+6,20,19393,649,0.033465683494044246,0.00669313669880885,1168,2473
4,T+6,1,19206,14792,0.770175986670832,0.0077017598667083196,1172,2449
4,T+6,2,19206,12699,0.6611996251171509,0.013223992502343018,1172,2449
4,T+6,3,19206,10683,0.556232427366448,0.016686972820993438,1172,2449
4,T+6,4,19206,9006,0.4689159637613246,0.018756638550452984,1172,2449
4,T+6,5,19206,7464,0.3886285535770072,0.019431427678850362,1172,2449
4,T+6,6,19206,6298,0.3279183588461939,0.019675101530771635,1172,2449
4,T+6,7,19206,5339,0.27798604602728316,0.019459023221909823,1172,2449
4,T+6,8,19206,4536,0.23617619493908154,0.018894095595126524,1172,2449
4,T+6,9,19206,3833,0.199573050088514,0.01796157450796626,1172,2449
4,T+6,10,19206,3222,0.16776007497656983,0.016776007497656984,1172,2449
4,T+6,11,19206,2725,0.14188274497552847,0.015607101947308131,1172,2449
4,T+6,12,19206,2294,0.11944184109132562,0.014333020930959074,1172,2449
4,T+6,13,19206,1949,0.10147870457148808,0.013192231594293452,1172,2449
4,T+6,14,19206,1659,0.08637925648234926,0.012093095907528897,1172,2449
4,T+6,15,19206,1397,0.072737686139748,0.0109106529209622,1172,2449
4,T+6,16,19206,1183,0.06159533479121108,0.009855253566593773,1172,2449
4,T+6,17,19206,1021,0.05316047068624388,0.00903728001666146,1172,2449
4,T+6,18,19206,889,0.0462876184525669,0.008331771321462043,1172,2449
4,T+6,19,19206,767,0.03993543684265334,0.007587733000104135,1172,2449
4,T+6,20,19206,660,0.03436426116838488,0.006872852233676977,1172,2449
5,T+6,1,19007,14537,0.7648234860840742,0.007648234860840743,1168,2437
5,T+6,2,19007,12491,0.6571789340769191,0.013143578681538383,1168,2437
5,T+6,3,19007,10631,0.5593202504340506,0.01677960751302152,1168,2437
5,T+6,4,19007,8956,0.4711948229599621,0.018847792918398484,1168,2437
5,T+6,5,19007,7548,0.39711685168622085,0.019855842584311043,1168,2437
5,T+6,6,19007,6307,0.331825117062135,0.0199095070237281,1168,2437
5,T+6,7,19007,5315,0.2796338191192718,0.019574367338349028,1168,2437
5,T+6,8,19007,4492,0.2363339822170779,0.018906718577366234,1168,2437
5,T+6,9,19007,3812,0.20055768927237333,0.0180501920345136,1168,2437
5,T+6,10,19007,3234,0.17014784026937443,0.017014784026937443,1168,2437
5,T+6,11,19007,2710,0.14257904982374914,0.015683695480612405,1168,2437
5,T+6,12,19007,2293,0.12063976429736413,0.014476771715683696,1168,2437
5,T+6,13,19007,1944,0.10227810806544957,0.013296154048508445,1168,2437
5,T+6,14,19007,1688,0.08880938601567843,0.012433314042194983,1168,2437
5,T+6,15,19007,1452,0.07639290787604566,0.011458936181406849,1168,2437
5,T+6,16,19007,1256,0.06608091755668964,0.010572946809070343,1168,2437
5,T+6,17,19007,1082,0.05692639553848582,0.00967748724154259,1168,2437
5,T+6,18,19007,964,0.05071815646866944,0.009129268164360499,1168,2437
5,T+6,19,19007,858,0.04514126374493608,0.008576840111537856,1168,2437
5,T+6,20,19007,751,0.0395117588256958,0.00790235176513916,1168,2437
6,T+6,1,18866,14650,0.7765292059790099,0.007765292059790099,1173,2405
6,T+6,2,18866,12708,0.6735927064560585,0.01347185412912117,1173,2405
6,T+6,3,18866,10761,0.5703911799003498,0.017111735397010493,1173,2405
6,T+6,4,18866,9093,0.4819781617725008,0.01927912647090003,1173,2405
6,T+6,5,18866,7634,0.4046432736139086,0.02023216368069543,1173,2405
6,T+6,6,18866,6413,0.3399236722145659,0.02039542033287395,1173,2405
6,T+6,7,18866,5351,0.2836319304569066,0.019854235131983464,1173,2405
6,T+6,8,18866,4502,0.23863034029471006,0.019090427223576806,1173,2405
6,T+6,9,18866,3824,0.2026926746528146,0.018242340718753313,1173,2405
6,T+6,10,18866,3224,0.17088943072193363,0.017088943072193365,1173,2405
6,T+6,11,18866,2730,0.14470475988550832,0.015917523587405915,1173,2405
6,T+6,12,18866,2299,0.1218594296618255,0.014623131559419059,1173,2405
6,T+6,13,18866,1962,0.10399660765398071,0.013519558995017493,1173,2405
6,T+6,14,18866,1652,0.08756493162302555,0.012259090427223578,1173,2405
6,T+6,15,18866,1433,0.075956747588254,0.011393512138238101,1173,2405
6,T+6,16,18866,1227,0.06503763383865155,0.010406021414184247,1173,2405
6,T+6,17,18866,1057,0.05602671472490194,0.009524541503233331,1173,2405
6,T+6,18,18866,918,0.048658963214247855,0.008758613378564614,1173,2405
6,T+6,19,18866,782,0.04145022792324817,0.007875543305417152,1173,2405
6,T+6,20,18866,691,0.03662673592706456,0.007325347185412912,1173,2405
7,T+6,1,18727,14762,0.7882736156351792,0.007882736156351792,1171,2393
7,T+6,2,18727,12795,0.6832381054093021,0.013664762108186042,1171,2393
7,T+6,3,18727,10837,0.5786831847065734,0.0173604955411972,1171,2393
7,T+6,4,18727,9111,0.48651679393389224,0.01946067175735569,1171,2393
7,T+6,5,18727,7622,0.4070059272707855,0.020350296363539275,1171,2393
7,T+6,6,18727,6369,0.3400971858813478,0.020405831152880867,1171,2393
7,T+6,7,18727,5270,0.28141186522133815,0.019698830565493673,1171,2393
7,T+6,8,18727,4474,0.23890639184065787,0.01911251134725263,1171,2393
7,T+6,9,18727,3758,0.20067282533240777,0.018060554279916697,1171,2393
7,T+6,10,18727,3186,0.17012869119453197,0.017012869119453197,1171,2393
7,T+6,11,18727,2697,0.14401666043680247,0.01584183264804827,1171,2393
7,T+6,12,18727,2301,0.12287072141827309,0.014744486570192769,1171,2393
7,T+6,13,18727,1974,0.10540930207721472,0.013703209270037913,1171,2393
7,T+6,14,18727,1692,0.09035083035189832,0.012649116249265766,1171,2393
7,T+6,15,18727,1460,0.0779623004218508,0.01169434506327762,1171,2393
7,T+6,16,18727,1251,0.06680194371762696,0.010688310994820314,1171,2393
7,T+6,17,18727,1099,0.05868532066000961,0.009976504512201634,1171,2393
7,T+6,18,18727,954,0.05094248945372991,0.009169648101671384,1171,2393
7,T+6,19,18727,832,0.04442783147327388,0.008441287979922036,1171,2393
7,T+6,20,18727,720,0.03844716185187163,0.007689432370374326,1171,2393
0,T+7,1,20109,15894,0.7903923616291213,0.007903923616291213,1169,2523
0,T+7,2,20109,13862,0.6893430802128401,0.013786861604256802,1169,2523
0,T+7,3,20109,11779,0.5857576209657367,0.0175727286289721,1169,2523
0,T+7,4,20109,9908,0.49271470485852104,0.01970858819434084,1169,2523
0,T+7,5,20109,8313,0.41339698642398925,0.020669849321199463,1169,2523
0,T+7,6,20109,6924,0.3443234372668954,0.020659406236013724,1169,2523
0,T+7,7,20109,5808,0.28882589885126064,0.020217812919588247,1169,2523
0,T+7,8,20109,4923,0.24481575413993734,0.01958526033119499,1169,2523
0,T+7,9,20109,4153,0.20652444179223234,0.01858719976130091,1169,2523
0,T+7,10,20109,3504,0.17425033567059525,0.017425033567059527,1169,2523
0,T+7,11,20109,3001,0.14923666020189966,0.016416032622208962,1169,2523
0,T+7,12,20109,2594,0.12899696653239842,0.01547963598388781,1169,2523
0,T+7,13,20109,2238,0.11129345069371924,0.014468148590183501,1169,2523
0,T+7,14,20109,1966,0.09776716892933512,0.013687403650106919,1169,2523
0,T+7,15,20109,1697,0.08439007409617584,0.012658511114426375,1169,2523
0,T+7,16,20109,1440,0.07160972698791586,0.011457556318066537,1169,2523
0,T+7,17,20109,1239,0.0616142025958526,0.010474414441294943,1169,2523
0,T+7,18,20109,1104,0.054900790690735495,0.009882142324332389,1169,2523
0,T+7,19,20109,966,0.04803819185439356,0.009127256452334776,1169,2523
0,T+7,20,20109,858,0.04266746233029987,0.008533492466059974,1169,2523
1,T+7,1,19906,15701,0.7887571586456344,0.007887571586456345,1168,2508
1,T+7,2,19906,13703,0.6883854114337385,0.013767708228674772,1168,2508
1,T+7,3,19906,11720,0.5887672058675776,0.017663016176027328,1168,2508
1,T+7,4,19906,9943,0.4994976389028434,0.019979905556113734,1168,2508
1,T+7,5,19906,8369,0.42042600221038884,0.021021300110519444,1168,2508
1,T+7,6,19906,7071,0.3552195317994575,0.021313171907967447,1168,2508
1,T+7,7,19906,5928,0.29779965839445394,0.020845976087611778,1168,2508
1,T+7,8,19906,5008,0.2515824374560434,0.020126594996483473,1168,2508
1,T+7,9,19906,4278,0.21491007736360895,0.019341906962724805,1168,2508
1,T+7,10,19906,3591,0.18039786998894805,0.018039786998894806,1168,2508
1,T+7,11,19906,3060,0.15372249572993069,0.016909474530292377,1168,2508
1,T+7,12,19906,2620,0.13161860745503867,0.01579423289460464,1168,2508
1,T+7,13,19906,2276,0.1143373857128504,0.014863860142670554,1168,2508
1,T+7,14,19906,1950,0.09796041394554406,0.013714457952376169,1168,2508
1,T+7,15,19906,1688,0.08479855320004019,0.012719782980006028,1168,2508
1,T+7,16,19906,1451,0.07289259519742791,0.011662815231588465,1168,2508
1,T+7,17,19906,1264,0.06349844268059882,0.0107947352557018,1168,2508
1,T+7,18,19906,1105,0.0555109012358083,0.009991962222445493,1168,2508
1,T+7,19,19906,959,0.04817642921732141,0.009153521551291068,1168,2508
1,T+7,20,19906,832,0.04179644328343213,0.008359288656686425,1168,2508
2,T+7,1,19650,15524,0.7900254452926209,0.00790025445292621,1170,2487
2,T+7,2,19650,13489,0.6864631043256998,0.013729262086513996,1170,2487
2,T+7,3,19650,11604,0.5905343511450382,0.017716030534351144,1170,2487
2,T+7,4,19650,9846,0.5010687022900764,0.020042748091603054,1170,2487
2,T+7,5,19650,8261,0.42040712468193386,0.021020356234096694,1170,2487
2,T+7,6,19650,6897,0.35099236641221376,0.021059541984732824,1170,2487
2,T+7,7,19650,5782,0.29424936386768447,0.020597455470737915,1170,2487
2,T+7,8,19650,4912,0.24997455470737914,0.019997964376590332,1170,2487
2,T+7,9,19650,4184,0.2129262086513995,0.019163358778625954,1170,2487
2,T+7,10,19650,3537,0.18,0.018,1170,2487
2,T+7,11,19650,2979,0.15160305343511452,0.016676335877862596,1170,2487
2,T+7,12,19650,2562,0.13038167938931297,0.015645801526717556,1170,2487
2,T+7,13,19650,2201,0.11201017811704835,0.014561323155216285,1170,2487
2,T+7,14,19650,1848,0.09404580152671756,0.01316641221374046,1170,2487
2,T+7,15,19650,1584,0.08061068702290076,0.012091603053435115,1170,2487
2,T+7,16,19650,1371,0.06977099236641221,0.011163358778625954,1170,2487
2,T+7,17,19650,1198,0.06096692111959288,0.01036437659033079,1170,2487
2,T+7,18,19650,1039,0.05287531806615776,0.009517557251908396,1170,2487
2,T+7,19,19650,926,0.04712468193384224,0.008953689567430026,1170,2487
2,T+7,20,19650,807,0.04106870229007634,0.008213740458015267,1170,2487
3,T+7,1,19393,15145,0.7809518898571649,0.007809518898571649,1168,2473
3,T+7,2,19393,13211,0.6812251843448667,0.013624503686897334,1168,2473
3,T+7,3,19393,11312,0.5833032537513536,0.017499097612540607,1168,2473
3,T+7,4,19393,9558,0.4928582478213788,0.019714329912855152,1168,2473
3,T+7,5,19393,8076,0.41643892126024856,0.02082194606301243,1168,2473
3,T+7,6,19393,6789,0.3500747692466354,0.02100448615479812,1168,2473
3,T+7,7,19393,5772,0.2976331666065075,0.020834321662455527,1168,2473
3,T+7,8,19393,4897,0.2525137936368793,0.020201103490950344,1168,2473
3,T+7,9,19393,4190,0.21605734027741968,0.01944516062496777,1168,2473
3,T+7,10,19393,3590,0.1851183416696746,0.018511834166967462,1168,2473
3,T+7,11,19393,3062,0.15789202289485896,0.017368122518434486,1168,2473
3,T+7,12,19393,2624,0.13530655391120508,0.016236786469344608,1168,2473
3,T+7,13,19393,2262,0.11664002475119889,0.015163203217655857,1168,2473
3,T+7,14,19393,1918,0.09890166554942505,0.013846233176919508,1168,2473
3,T+7,15,19393,1657,0.08544320115505595,0.012816480173258392,1168,2473
3,T+7,16,19393,1437,0.07409890166554943,0.011855824266487909,1168,2473
3,T+7,17,19393,1234,0.06363120713659567,0.010817305213221265,1168,2473
3,T+7,18,19393,1068,0.05507141752178621,0.009912855153921518,1168,2473
3,T+7,19,19393,910,0.04692414788841334,0.008915588098798536,1168,2473
3,T+7,20,19393,792,0.04083947816222348,0.008167895632444697,1168,2473
4,T+7,1,19205,15082,0.7853163238739912,0.007853163238739911,1171,2449
4,T+7,2,19205,13108,0.6825305909919291,0.013650611819838582,1171,2449
4,T+7,3,19205,11186,0.5824524863316844,0.01747357458995053,1171,2449
4,T+7,4,19205,9539,0.4966935693829732,0.019867742775318928,1171,2449
4,T+7,5,19205,8023,0.41775579276230146,0.020887789638115075,1171,2449
4,T+7,6,19205,6847,0.3565217391304348,0.021391304347826087,1171,2449
4,T+7,7,19205,5862,0.30523301223639676,0.021366310856547777,1171,2449
4,T+7,8,19205,5006,0.2606612861234054,0.020852902889872432,1171,2449
4,T+7,9,19205,4270,0.2223379328299922,0.020010413954699297,1171,2449
4,T+7,10,19205,3641,0.18958604530070294,0.018958604530070297,1171,2449
4,T+7,11,19205,3074,0.1600624837281958,0.017606873210101535,1171,2449
4,T+7,12,19205,2616,0.1362145274668055,0.016345743296016662,1171,2449
4,T+7,13,19205,2264,0.1178859671960427,0.015325175735485553,1171,2449
4,T+7,14,19205,1950,0.10153605831814631,0.014215048164540485,1171,2449
4,T+7,15,19205,1681,0.08752928924759178,0.013129393387138767,1171,2449
4,T+7,16,19205,1437,0.07482426451444936,0.011971882322311897,1171,2449
4,T+7,17,19205,1241,0.06461858890913824,0.010985160114553501,1171,2449
4,T+7,18,19205,1092,0.05686019265816194,0.010234834678469149,1171,2449
4,T+7,19,19205,953,0.04962249414215048,0.009428273887008592,1171,2449
4,T+7,20,19205,848,0.04415516792501953,0.008831033585003907,1171,2449
5,T+7,1,19007,14799,0.778607881306887,0.00778607881306887,1168,2437
5,T+7,2,19007,12914,0.6794338927763456,0.013588677855526912,1168,2437
5,T+7,3,19007,11128,0.5854685116009891,0.017564055348029673,1168,2437
5,T+7,4,19007,9450,0.49718524754037985,0.019887409901615194,1168,2437
5,T+7,5,19007,8069,0.42452780554532543,0.021226390277266274,1168,2437
5,T+7,6,19007,6804,0.3579733782290735,0.02147840269374441,1168,2437
5,T+7,7,19007,5795,0.3048876729625927,0.021342137107381493,1168,2437
5,T+7,8,19007,4949,0.26037775556373965,0.020830220445099173,1168,2437
5,T+7,9,19007,4244,0.22328615773136212,0.02009575419582259,1168,2437
5,T+7,10,19007,3624,0.19066659651707266,0.019066659651707268,1168,2437
5,T+7,11,19007,3101,0.16315041826695428,0.01794654600936497,1168,2437
5,T+7,12,19007,2654,0.13963276687536172,0.016755932025043406,1168,2437
5,T+7,13,19007,2277,0.11979796916925343,0.015573735992002947,1168,2437
5,T+7,14,19007,1972,0.10375124953964329,0.014525174935550063,1168,2437
5,T+7,15,19007,1714,0.09017730309885831,0.013526595464828746,1168,2437
5,T+7,16,19007,1487,0.07823433471878781,0.012517493555006049,1168,2437
5,T+7,17,19007,1285,0.06760667122639027,0.011493134108486347,1168,2437
5,T+7,18,19007,1150,0.06050402483295628,0.010890724469932129,1168,2437
5,T+7,19,19007,1046,0.05503235650023675,0.010456147735044984,1168,2437
5,T+7,20,19007,918,0.048297995475351185,0.009659599095070238,1168,2437
6,T+7,1,18866,14969,0.7934379306689282,0.007934379306689282,1173,2405
6,T+7,2,18866,13108,0.6947948690766458,0.013895897381532915,1173,2405
6,T+7,3,18866,11253,0.5964698399236722,0.017894095197710166,1173,2405
6,T+7,4,18866,9610,0.5093819569596099,0.020375278278384396,1173,2405
6,T+7,5,18866,8154,0.4322060850206721,0.021610304251033607,1173,2405
6,T+7,6,18866,6935,0.3675924944344323,0.02205554966606594,1173,2405
6,T+7,7,18866,5856,0.31039966076539804,0.021727976253577867,1173,2405
6,T+7,8,18866,4953,0.26253577864942224,0.021002862291953778,1173,2405
6,T+7,9,18866,4210,0.22315276158168132,0.02008374854235132,1173,2405
6,T+7,10,18866,3597,0.19066044736563129,0.01906604473656313,1173,2405
6,T+7,11,18866,3079,0.16320364677197075,0.017952401144916783,1173,2405
6,T+7,12,18866,2620,0.13887416516484682,0.016664899819781618,1173,2405
6,T+7,13,18866,2258,0.1196862079932153,0.01555920703911799,1173,2405
6,T+7,14,18866,1937,0.102671472490194,0.01437400614862716,1173,2405
6,T+7,15,18866,1676,0.08883706138026079,0.013325559207039117,1173,2405
6,T+7,16,18866,1446,0.07664581787342309,0.012263330859747694,1173,2405
6,T+7,17,18866,1266,0.06710484469415881,0.011407823598006999,1173,2405
6,T+7,18,18866,1100,0.058305947206615076,0.010495070497190713,1173,2405
6,T+7,19,18866,956,0.05067316866320365,0.009627902046008694,1173,2405
6,T+7,20,18866,835,0.04425951447047599,0.008851902894095199,1173,2405
7,T+7,1,18726,15010,0.8015593292748051,0.008015593292748051,1170,2393
7,T+7,2,18726,13185,0.7041012495994874,0.014082024991989748,1170,2393
7,T+7,3,18726,11323,0.6046673074869165,0.018140019224607496,1170,2393
7,T+7,4,18726,9622,0.5138310370607712,0.020553241482430845,1170,2393
7,T+7,5,18726,8152,0.43533055644558366,0.021766527822279183,1170,2393
7,T+7,6,18726,6930,0.37007369432874077,0.022204421659724444,1170,2393
7,T+7,7,18726,5790,0.3091957705863505,0.021643703941044538,1170,2393
7,T+7,8,18726,4949,0.2642849514044644,0.021142796112357153,1170,2393
7,T+7,9,18726,4204,0.2245006942219374,0.020205062479974365,1170,2393
7,T+7,10,18726,3568,0.19053722097618284,0.019053722097618284,1170,2393
7,T+7,11,18726,3043,0.16250133504218733,0.017875146854640606,1170,2393
7,T+7,12,18726,2612,0.13948520773256434,0.01673822492790772,1170,2393
7,T+7,13,18726,2254,0.12036740360995407,0.01564776246929403,1170,2393
7,T+7,14,18726,1966,0.10498771761187653,0.014698280465662716,1170,2393
7,T+7,15,18726,1702,0.0908896721136388,0.01363345081704582,1170,2393
7,T+7,16,18726,1482,0.07914130086510733,0.012662608138417172,1170,2393
7,T+7,17,18726,1312,0.07006301399124212,0.011910712378511162,1170,2393
7,T+7,18,18726,1147,0.061251735554843534,0.011025312399871836,1170,2393
7,T+7,19,18726,1007,0.05377549930577806,0.010217344868097831,1170,2393
7,T+7,20,18726,880,0.04699348499412581,0.009398696998825163,1170,2393
0,T+8,1,20109,16177,0.8044656621413298,0.008044656621413298,1169,2523
0,T+8,2,20109,14235,0.7078919886617933,0.014157839773235866,1169,2523
0,T+8,3,20109,12264,0.6098761748470833,0.0182962852454125,1169,2523
0,T+8,4,20109,10436,0.5189716047540902,0.02075886419016361,1169,2523
0,T+8,5,20109,8855,0.4403500919986076,0.02201750459993038,1169,2523
0,T+8,6,20109,7449,0.37043115023123974,0.022225869013874383,1169,2523
0,T+8,7,20109,6315,0.31403849022825603,0.021982694315977925,1169,2523
0,T+8,8,20109,5404,0.26873539211298425,0.02149883136903874,1169,2523
0,T+8,9,20109,4599,0.22870356556765628,0.020583320901089063,1169,2523
0,T+8,10,20109,3914,0.1946392162713213,0.019463921627132133,1169,2523
0,T+8,11,20109,3371,0.16763638171962802,0.018440001989159082,1169,2523
0,T+8,12,20109,2922,0.14530807101297927,0.017436968521557513,1169,2523
0,T+8,13,20109,2551,0.12685862051817595,0.016491620667362875,1169,2523
0,T+8,14,20109,2236,0.11119399273956934,0.015567158983539709,1169,2523
0,T+8,15,20109,1938,0.09637475757123676,0.014456213635685514,1169,2523
0,T+8,16,20109,1657,0.08240091501317817,0.013184146402108507,1169,2523
0,T+8,17,20109,1440,0.07160972698791586,0.012173653587945697,1169,2523
0,T+8,18,20109,1281,0.06370281963300015,0.011466507533940027,1169,2523
0,T+8,19,20109,1128,0.05609428614053409,0.010657914366701477,1169,2523
0,T+8,20,20109,1002,0.04982843502909145,0.009965687005818291,1169,2523
1,T+8,1,19905,15938,0.8007033408691283,0.008007033408691282,1167,2508
1,T+8,2,19905,14036,0.7051494599346898,0.014102989198693796,1167,2508
1,T+8,3,19905,12133,0.609545340366742,0.01828636021100226,1167,2508
1,T+8,4,19905,10402,0.5225822657623712,0.02090329063049485,1167,2508
1,T+8,5,19905,8844,0.44431047475508667,0.022215523737754334,1167,2508
1,T+8,6,19905,7571,0.3803566942979151,0.022821401657874905,1167,2508
1,T+8,7,19905,6457,0.3243908565687013,0.022707359959809093,1167,2508
1,T+8,8,19905,5507,0.27666415473499123,0.022133132378799297,1167,2508
1,T+8,9,19905,4746,0.23843255463451393,0.021458929917106254,1167,2508
1,T+8,10,19905,4075,0.20472243154986183,0.020472243154986185,1167,2508
1,T+8,11,19905,3486,0.17513187641296157,0.019264506405425773,1167,2508
1,T+8,12,19905,2990,0.15021351419241397,0.018025621703089675,1167,2508
1,T+8,13,19905,2619,0.13157498116051244,0.01710474755086662,1167,2508
1,T+8,14,19905,2261,0.11358955036423009,0.015902537050992215,1167,2508
1,T+8,15,19905,1972,0.09907058528008038,0.014860587792012056,1167,2508
1,T+8,16,19905,1703,0.08555639286611404,0.013689022858578245,1167,2508
1,T+8,17,19905,1497,0.07520723436322532,0.012785229841748305,1167,2508
1,T+8,18,19905,1317,0.06616428033157498,0.011909570459683496,1167,2508
1,T+8,19,19905,1148,0.057673951268525495,0.010958050741019845,1167,2508
1,T+8,20,19905,1002,0.050339110776186885,0.010067822155237377,1167,2508
2,T+8,1,19650,15788,0.8034605597964377,0.008034605597964378,1170,2487
2,T+8,2,19650,13844,0.704529262086514,0.01409058524173028,1170,2487
2,T+8,3,19650,12012,0.6112977099236642,0.018338931297709925,1170,2487
2,T+8,4,19650,10325,0.5254452926208651,0.021017811704834605,1170,2487
2,T+8,5,19650,8794,0.4475318066157761,0.022376590330788804,1170,2487
2,T+8,6,19650,7421,0.3776590330788804,0.02265954198473282,1170,2487
2,T+8,7,19650,6305,0.3208651399491094,0.02246055979643766,1170,2487
2,T+8,8,19650,5402,0.27491094147582695,0.021992875318066155,1170,2487
2,T+8,9,19650,4642,0.23623409669211196,0.021261068702290074,1170,2487
2,T+8,10,19650,3979,0.20249363867684478,0.02024936386768448,1170,2487
2,T+8,11,19650,3390,0.17251908396946564,0.01897709923664122,1170,2487
2,T+8,12,19650,2909,0.1480407124681934,0.017764885496183207,1170,2487
2,T+8,13,19650,2503,0.1273791348600509,0.01655928753180662,1170,2487
2,T+8,14,19650,2126,0.10819338422391858,0.015147073791348603,1170,2487
2,T+8,15,19650,1835,0.09338422391857507,0.01400763358778626,1170,2487
2,T+8,16,19650,1591,0.08096692111959287,0.01295470737913486,1170,2487
2,T+8,17,19650,1402,0.07134860050890585,0.012129262086513994,1170,2487
2,T+8,18,19650,1216,0.06188295165394402,0.011138931297709924,1170,2487
2,T+8,19,19650,1079,0.05491094147582697,0.010433078880407126,1170,2487
2,T+8,20,19650,934,0.04753180661577608,0.009506361323155216,1170,2487
3,T+8,1,19392,15378,0.7930074257425742,0.007930074257425743,1167,2473
3,T+8,2,19392,13538,0.6981229372937293,0.013962458745874587,1167,2473
3,T+8,3,19392,11726,0.6046823432343235,0.018140470297029702,1167,2473
3,T+8,4,19392,10010,0.5161922442244224,0.0206476897689769,1167,2473
3,T+8,5,19392,8529,0.43982054455445546,0.021991027227722774,1167,2473
3,T+8,6,19392,7281,0.3754641089108911,0.022527846534653465,1167,2473
3,T+8,7,19392,6237,0.3216274752475248,0.022513923267326735,1167,2473
3,T+8,8,19392,5326,0.2746493399339934,0.021971947194719472,1167,2473
3,T+8,9,19392,4581,0.23623143564356436,0.02126082920792079,1167,2473
3,T+8,10,19392,3974,0.20492986798679869,0.02049298679867987,1167,2473
3,T+8,11,19392,3401,0.175381600660066,0.01929197607260726,1167,2473
3,T+8,12,19392,2944,0.15181518151815182,0.018217821782178217,1167,2473
3,T+8,13,19392,2535,0.1307240099009901,0.01699412128712871,1167,2473
3,T+8,14,19392,2197,0.11329414191419142,0.0158611798679868,1167,2473
3,T+8,15,19392,1924,0.09921617161716172,0.014882425742574257,1167,2473
3,T+8,16,19392,1695,0.08740717821782178,0.013985148514851484,1167,2473
3,T+8,17,19392,1472,0.07590759075907591,0.012904290429042906,1167,2473
3,T+8,18,19392,1287,0.06636757425742575,0.011946163366336634,1167,2473
3,T+8,19,19392,1114,0.057446369636963694,0.010914810231023102,1167,2473
3,T+8,20,19392,977,0.05038160066006601,0.010076320132013202,1167,2473
4,T+8,1,19205,15338,0.7986461858890914,0.007986461858890914,1171,2449
4,T+8,2,19205,13466,0.7011715699036709,0.014023431398073419,1171,2449
4,T+8,3,19205,11629,0.6055193959906274,0.018165581879718822,1171,2449
4,T+8,4,19205,9990,0.5201770372298881,0.020807081489195522,1171,2449
4,T+8,5,19205,8500,0.442593074720125,0.02212965373600625,1171,2449
4,T+8,6,19205,7309,0.380577974485811,0.022834678469148658,1171,2449
4,T+8,7,19205,6310,0.3285602707628222,0.022999218953397554,1171,2449
4,T+8,8,19205,5434,0.28294714917990105,0.022635771934392084,1171,2449
4,T+8,9,19205,4677,0.2435303306430617,0.02191772975787555,1171,2449
4,T+8,10,19205,3997,0.2081228846654517,0.020812288466545172,1171,2449
4,T+8,11,19205,3457,0.18000520697734965,0.019800572767508462,1171,2449
4,T+8,12,19205,2970,0.15464722728456132,0.018557667274147358,1171,2449
4,T+8,13,19205,2586,0.13465243426191095,0.017504816454048423,1171,2449
4,T+8,14,19205,2223,0.1157511064826868,0.016205154907576153,1171,2449
4,T+8,15,19205,1933,0.10065087216870607,0.01509763082530591,1171,2449
4,T+8,16,19205,1670,0.08695652173913043,0.01391304347826087,1171,2449
4,T+8,17,19205,1451,0.07555324134340016,0.012844051028378028,1171,2449
4,T+8,18,19205,1282,0.06675344962249415,0.012015620932048946,1171,2449
4,T+8,19,19205,1113,0.05795365790158813,0.011011195001301745,1171,2449
4,T+8,20,19205,1007,0.052434261910960685,0.010486852382192137,1171,2449
5,T+8,1,19007,15076,0.7931814594623033,0.007931814594623034,1168,2437
5,T+8,2,19007,13241,0.6966380807071079,0.013932761614142157,1168,2437
5,T+8,3,19007,11545,0.6074077971273741,0.018222233913821224,1168,2437
5,T+8,4,19007,9908,0.5212816330825485,0.02085126532330194,1168,2437
5,T+8,5,19007,8521,0.4483085179144526,0.02241542589572263,1168,2437
5,T+8,6,19007,7262,0.3820697637712422,0.02292418582627453,1168,2437
5,T+8,7,19007,6218,0.32714263166201923,0.02289998421634135,1168,2437
5,T+8,8,19007,5358,0.28189614352606934,0.022551691482085547,1168,2437
5,T+8,9,19007,4605,0.2422791603093597,0.02180512442784237,1168,2437
5,T+8,10,19007,3954,0.20802862103435577,0.020802862103435578,1168,2437
5,T+8,11,19007,3442,0.1810911769348135,0.019920029462829485,1168,2437
5,T+8,12,19007,2978,0.1566791182196033,0.018801494186352397,1168,2437
5,T+8,13,19007,2574,0.13542379123480822,0.017605092860525067,1168,2437
5,T+8,14,19007,2249,0.11832482769505971,0.01656547587730836,1168,2437
5,T+8,15,19007,1977,0.10401431051717788,0.015602146577576682,1168,2437
5,T+8,16,19007,1720,0.09049297627189982,0.014478876203503972,1168,2437
5,T+8,17,19007,1508,0.07933919082443311,0.01348766244015363,1168,2437
5,T+8,18,19007,1343,0.07065817856579155,0.012718472141842478,1168,2437
5,T+8,19,19007,1206,0.06345030778134371,0.012055558478455304,1168,2437
5,T+8,20,19007,1063,0.05592676382385437,0.011185352764770874,1168,2437
6,T+8,1,18865,15223,0.8069440763318314,0.008069440763318314,1172,2405
6,T+8,2,18865,13459,0.713437582825338,0.01426875165650676,1172,2405
6,T+8,3,18865,11666,0.6183938510469122,0.018551815531407365,1172,2405
6,T+8,4,18865,10023,0.531301351709515,0.0212520540683806,1172,2405
6,T+8,5,18865,8611,0.45645375033130137,0.02282268751656507,1172,2405
6,T+8,6,18865,7403,0.3924198250728863,0.023545189504373176,1172,2405
6,T+8,7,18865,6317,0.334852902199841,0.02343970315398887,1172,2405
6,T+8,8,18865,5425,0.287569573283859,0.023005565862708723,1172,2405
6,T+8,9,18865,4640,0.24595812350914392,0.02213623111582295,1172,2405
6,T+8,10,18865,3965,0.2101775775245163,0.02101775775245163,1172,2405
6,T+8,11,18865,3427,0.18165915716936126,0.019982507288629738,1172,2405
6,T+8,12,18865,2941,0.15589716406042936,0.01870765968725152,1172,2405
6,T+8,13,18865,2553,0.13532997614630268,0.01759289689901935,1172,2405
6,T+8,14,18865,2203,0.11677710045056984,0.01634879406307978,1172,2405
6,T+8,15,18865,1929,0.1022528491916247,0.015337927378743704,1172,2405
6,T+8,16,18865,1685,0.08931884442088524,0.014291015107341638,1172,2405
6,T+8,17,18865,1474,0.07813411078717201,0.013282798833819243,1172,2405
6,T+8,18,18865,1295,0.0686456400742115,0.012356215213358071,1172,2405
6,T+8,19,18865,1134,0.060111317254174394,0.011421150278293135,1172,2405
6,T+8,20,18865,997,0.05284919162470183,0.010569838324940366,1172,2405
7,T+8,1,18688,15176,0.8120719178082192,0.008120719178082192,1169,2392
7,T+8,2,18688,13458,0.7201412671232876,0.014402825342465753,1169,2392
7,T+8,3,18688,11705,0.626337756849315,0.01879013270547945,1169,2392
7,T+8,4,18688,10097,0.5402932363013698,0.021611729452054793,1169,2392
7,T+8,5,18688,8658,0.4632919520547945,0.023164597602739728,1169,2392
7,T+8,6,18688,7427,0.3974208047945205,0.02384524828767123,1169,2392
7,T+8,7,18688,6308,0.3375428082191781,0.02362799657534247,1169,2392
7,T+8,8,18688,5439,0.2910423801369863,0.023283390410958903,1169,2392
7,T+8,9,18688,4663,0.2495184075342466,0.022456656678082193,1169,2392
7,T+8,10,18688,3980,0.2129708904109589,0.021297089041095892,1169,2392
7,T+8,11,18688,3421,0.18305864726027396,0.020136451198630136,1169,2392
7,T+8,12,18688,2951,0.1579088184931507,0.018949058219178083,1169,2392
7,T+8,13,18688,2571,0.13757491438356165,0.017884738869863016,1169,2392
7,T+8,14,18688,2250,0.12039811643835617,0.016855736301369866,1169,2392
7,T+8,15,18688,1956,0.10466609589041095,0.015699914383561643,1169,2392
7,T+8,16,18688,1718,0.0919306506849315,0.014708904109589041,1169,2392
7,T+8,17,18688,1502,0.08037243150684932,0.013663313356164386,1169,2392
7,T+8,18,18688,1323,0.07079409246575342,0.012742936643835617,1169,2392
7,T+8,19,18688,1182,0.06324914383561644,0.012017337328767124,1169,2392
7,T+8,20,18688,1033,0.05527611301369863,0.011055222602739726,1169,2392
0,T+9,1,20108,16361,0.8136562562164312,0.008136562562164312,1168,2523
0,T+9,2,20108,14521,0.7221503879053113,0.014443007758106226,1168,2523
0,T+9,3,20108,12621,0.6276606325840461,0.018829818977521385,1168,2523
0,T+9,4,20108,10863,0.5402327431867914,0.021609309727471656,1168,2523
0,T+9,5,20108,9329,0.463944698627412,0.023197234931370603,1168,2523
0,T+9,6,20108,7953,0.3955142231947484,0.023730853391684903,1168,2523
0,T+9,7,20108,6801,0.3382235925999602,0.023675651481997215,1168,2523
0,T+9,8,20108,5855,0.29117764074000396,0.023294211259200316,1168,2523
0,T+9,9,20108,5027,0.25,0.0225,1168,2523
0,T+9,10,20108,4327,0.21518798488163915,0.021518798488163918,1168,2523
0,T+9,11,20108,3763,0.18713944698627413,0.020585339168490153,1168,2523
0,T+9,12,20108,3278,0.16301969365426697,0.019562363238512036,1168,2523
0,T+9,13,20108,2860,0.1422319474835886,0.01849015317286652,1168,2523
0,T+9,14,20108,2495,0.12407996817187189,0.017371195544062065,1168,2523
0,T+9,15,20108,2199,0.10935945892182217,0.016403918838273326,1168,2523
0,T+9,16,20108,1903,0.09463894967177243,0.015142231947483589,1168,2523
0,T+9,17,20108,1663,0.08270340163119157,0.014059578277302568,1168,2523
0,T+9,18,20108,1467,0.07295603739805052,0.013132086731649093,1168,2523
0,T+9,19,20108,1310,0.06514819972150387,0.012378157947085737,1168,2523
0,T+9,20,20108,1161,0.057738213646309926,0.011547642729261986,1168,2523
1,T+9,1,19905,16142,0.8109520221049987,0.008109520221049988,1167,2508
1,T+9,2,19905,14319,0.7193669932177845,0.01438733986435569,1167,2508
1,T+9,3,19905,12499,0.6279326802310977,0.018837980406932932,1167,2508
1,T+9,4,19905,10831,0.5441346395378046,0.021765385581512184,1167,2508
1,T+9,5,19905,9312,0.4678221552373775,0.02339110776186888,1167,2508
1,T+9,6,19905,8031,0.4034664657121326,0.02420798794272796,1167,2508
1,T+9,7,19905,6910,0.3471489575483547,0.02430042702838483,1167,2508
1,T+9,8,19905,5963,0.29957297161517205,0.023965837729213763,1167,2508
1,T+9,9,19905,5186,0.2605375533785481,0.02344837980406933,1167,2508
1,T+9,10,19905,4470,0.22456669178598343,0.022456669178598343,1167,2508
1,T+9,11,19905,3853,0.19356945491082642,0.021292640040190904,1167,2508
1,T+9,12,19905,3343,0.16794775182115046,0.020153730218538054,1167,2508
1,T+9,13,19905,2947,0.14805325295151972,0.019246922883697563,1167,2508
1,T+9,14,19905,2544,0.1278070836473248,0.017892991710625472,1167,2508
1,T+9,15,19905,2239,0.11248430042702838,0.016872645064054257,1167,2508
1,T+9,16,19905,1945,0.09771414217533284,0.015634262748053254,1167,2508
1,T+9,17,19905,1714,0.08610901783471489,0.014638533031901532,1167,2508
1,T+9,18,19905,1507,0.075709620698317,0.01362773172569706,1167,2508
1,T+9,19,19905,1330,0.06681738256719418,0.012695302687766894,1167,2508
1,T+9,20,19905,1156,0.058075860336598846,0.01161517206731977,1167,2508
2,T+9,1,19649,15982,0.8133747264491832,0.008133747264491831,1169,2487
2,T+9,2,19649,14123,0.7187643137055321,0.014375286274110641,1169,2487
2,T+9,3,19649,12383,0.6302101888136801,0.0189063056644104,1169,2487
2,T+9,4,19649,10723,0.5457275179398443,0.021829100717593773,1169,2487
2,T+9,5,19649,9218,0.4691332892259148,0.02345666446129574,1169,2487
2,T+9,6,19649,7889,0.4014962593516209,0.024089775561097253,1169,2487
2,T+9,7,19649,6763,0.34419054404804317,0.024093338083363024,1169,2487
2,T+9,8,19649,5827,0.2965545320372538,0.023724362562980304,1169,2487
2,T+9,9,19649,5050,0.2570105348872716,0.023130948139854442,1169,2487
2,T+9,10,19649,4345,0.221130846353504,0.022113084635350402,1169,2487
2,T+9,11,19649,3714,0.18901725278640136,0.02079189780650415,1169,2487
2,T+9,12,19649,3209,0.16331619929767419,0.0195979439157209,1169,2487
2,T+9,13,19649,2789,0.1419410657030892,0.018452338541401596,1169,2487
2,T+9,14,19649,2393,0.1217873683139091,0.017050231563947277,1169,2487
2,T+9,15,19649,2093,0.10651941574634842,0.015977912361952264,1169,2487
2,T+9,16,19649,1849,0.09410148099139905,0.015056236958623848,1169,2487
2,T+9,17,19649,1625,0.08270140974095373,0.014059239655962135,1169,2487
2,T+9,18,19649,1425,0.07252277469591328,0.013054099445264391,1169,2487
2,T+9,19,19649,1267,0.06448165301033132,0.012251514071962951,1169,2487
2,T+9,20,19649,1120,0.057000356252226575,0.011400071250445315,1169,2487
3,T+9,1,19392,15595,0.8041976072607261,0.008041976072607262,1167,2473
3,T+9,2,19392,13826,0.7129744224422442,0.014259488448844884,1167,2473
3,T+9,3,19392,12063,0.6220606435643564,0.018661819306930692,1167,2473
3,T+9,4,19392,10410,0.536819306930693,0.02147277227722772,1167,2473
3,T+9,5,19392,8948,0.4614273927392739,0.0230713696369637,1167,2473
3,T+9,6,19392,7705,0.39732879537953797,0.023839727722772278,1167,2473
3,T+9,7,19392,6664,0.34364686468646866,0.024055280528052808,1167,2473
3,T+9,8,19392,5746,0.29630775577557755,0.023704620462046206,1167,2473
3,T+9,9,19392,4970,0.25629125412541254,0.02306621287128713,1167,2473
3,T+9,10,19392,4335,0.2235457920792079,0.02235457920792079,1167,2473
3,T+9,11,19392,3750,0.19337871287128713,0.021271658415841586,1167,2473
3,T+9,12,19392,3252,0.1676980198019802,0.020123762376237624,1167,2473
3,T+9,13,19392,2825,0.1456786303630363,0.01893822194719472,1167,2473
3,T+9,14,19392,2463,0.12701113861386137,0.017781559405940593,1167,2473
3,T+9,15,19392,2157,0.11123143564356436,0.016684715346534654,1167,2473
3,T+9,16,19392,1927,0.09937087458745875,0.0158993399339934,1167,2473
3,T+9,17,19392,1690,0.0871493399339934,0.01481538778877888,1167,2473
3,T+9,18,19392,1488,0.07673267326732673,0.013811881188118812,1167,2473
3,T+9,19,19392,1303,0.06719265676567657,0.012766604785478548,1167,2473
3,T+9,20,19392,1146,0.059096534653465344,0.01181930693069307,1167,2473
4,T+9,1,19205,15558,0.8101015360583181,0.008101015360583181,1171,2449
4,T+9,2,19205,13762,0.7165842228586305,0.014331684457172611,1171,2449
4,T+9,3,19205,11980,0.6237958864878937,0.018713876594636813,1171,2449
4,T+9,4,19205,10367,0.539807341838063,0.02159229367352252,1171,2449
4,T+9,5,19205,8919,0.4644103098151523,0.023220515490757616,1171,2449
4,T+9,6,19205,7735,0.40275969799531375,0.024165581879718824,1171,2449
4,T+9,7,19205,6716,0.34970059880239523,0.02447904191616767,1171,2449
4,T+9,8,19205,5805,0.3022650351470971,0.02418120281176777,1171,2449
4,T+9,9,19205,5020,0.2613902629523562,0.023525123665712057,1171,2449
4,T+9,10,19205,4333,0.22561832856027075,0.022561832856027076,1171,2449
4,T+9,11,19205,3795,0.19760479041916168,0.021736526946107785,1171,2449
4,T+9,12,19205,3278,0.1706847175214788,0.020482166102577453,1171,2449
4,T+9,13,19205,2879,0.14990887789638116,0.01948815412652955,1171,2449
4,T+9,14,19205,2479,0.12908096849778702,0.018071335589690186,1171,2449
4,T+9,15,19205,2175,0.1132517573548555,0.016987763603228324,1171,2449
4,T+9,16,19205,1885,0.09815152304087477,0.015704243686539963,1171,2449
4,T+9,17,19205,1668,0.08685238219213746,0.01476490497266337,1171,2449
4,T+9,18,19205,1479,0.07701119500130174,0.013862015100234312,1171,2449
4,T+9,19,19205,1292,0.067274147357459,0.01278208799791721,1171,2449
4,T+9,20,19205,1169,0.06086956521739131,0.012173913043478262,1171,2449
5,T+9,1,19006,15290,0.8044827949068715,0.008044827949068715,1167,2437
5,T+9,2,19006,13551,0.7129853730400926,0.014259707460801851,1167,2437
5,T+9,3,19006,11878,0.6249605387772282,0.018748816163316848,1167,2437
5,T+9,4,19006,10297,0.5417762811743659,0.02167105124697464,1167,2437
5,T+9,5,19006,8923,0.4694833210565085,0.023474166052825426,1167,2437
5,T+9,6,19006,7699,0.40508260549300223,0.024304956329580133,1167,2437
5,T+9,7,19006,6664,0.35062611806797855,0.0245438282647585,1167,2437
5,T+9,8,19006,5781,0.30416710512469747,0.024333368409975797,1167,2437
5,T+9,9,19006,5015,0.2638640429338104,0.023747763864042933,1167,2437
5,T+9,10,19006,4305,0.2265074187098811,0.02265074187098811,1167,2437
5,T+9,11,19006,3757,0.19767441860465115,0.021744186046511627,1167,2437
5,T+9,12,19006,3289,0.17305061559507523,0.020766073871409028,1167,2437
5,T+9,13,19006,2859,0.15042618120593496,0.019555403556771545,1167,2437
5,T+9,14,19006,2512,0.13216878880353572,0.018503630432495,1167,2437
5,T+9,15,19006,2219,0.11675260444070294,0.01751289066610544,1167,2437
5,T+9,16,19006,1954,0.10280963906134905,0.016449542249815846,1167,2437
5,T+9,17,19006,1709,0.08991897295590866,0.015286225402504473,1167,2437
5,T+9,18,19006,1529,0.08044827949068716,0.014480690308323687,1167,2437
5,T+9,19,19006,1380,0.07260864990003157,0.013795643481005999,1167,2437
5,T+9,20,19006,1233,0.06487425023676734,0.012974850047353468,1167,2437
6,T+9,1,18829,15376,0.8166126719422168,0.008166126719422167,1171,2404
6,T+9,2,18829,13710,0.7281321365978013,0.014562642731956026,1171,2404
6,T+9,3,18829,12018,0.6382707525625365,0.019148122576876096,1171,2404
6,T+9,4,18829,10473,0.5562164745870731,0.022248658983482925,1171,2404
6,T+9,5,18829,9053,0.48080089224069256,0.024040044612034628,1171,2404
6,T+9,6,18829,7847,0.4167507568113017,0.025005045408678102,1171,2404
6,T+9,7,18829,6791,0.3606670561368102,0.02524669392957672,1171,2404
6,T+9,8,18829,5877,0.31212491369695683,0.024969993095756548,1171,2404
6,T+9,9,18829,5092,0.2704339051463169,0.024339051463168518,1171,2404
6,T+9,10,18829,4377,0.23246056614796326,0.023246056614796326,1171,2404
6,T+9,11,18829,3786,0.20107281321365977,0.022118009453502577,1171,2404
6,T+9,12,18829,3254,0.1728185246162834,0.020738222953954007,1171,2404
6,T+9,13,18829,2846,0.15114982208295713,0.019649476870784426,1171,2404
6,T+9,14,18829,2482,0.13181794041106804,0.018454511657549525,1171,2404
6,T+9,15,18829,2175,0.11551330394604069,0.017326995591906102,1171,2404
6,T+9,16,18829,1910,0.10143926921238515,0.016230283073981625,1171,2404
6,T+9,17,18829,1674,0.08890541186467683,0.015113920016995063,1171,2404
6,T+9,18,18829,1489,0.07908014233363429,0.014234425620054171,1171,2404
6,T+9,19,18829,1314,0.06978596845291837,0.013259334006054491,1171,2404
6,T+9,20,18829,1172,0.06224441021828031,0.012448882043656063,1171,2404
7,T+9,1,18680,15375,0.8230728051391863,0.008230728051391864,1168,2390
7,T+9,2,18680,13756,0.7364025695931478,0.014728051391862956,1168,2390
7,T+9,3,18680,12085,0.646948608137045,0.01940845824411135,1168,2390
7,T+9,4,18680,10541,0.5642933618843683,0.022571734475374732,1168,2390
7,T+9,5,18680,9120,0.48822269807280516,0.02441113490364026,1168,2390
7,T+9,6,18680,7860,0.4207708779443255,0.025246252676659527,1168,2390
7,T+9,7,18680,6762,0.3619914346895075,0.02533940042826553,1168,2390
7,T+9,8,18680,5874,0.31445396145610277,0.025156316916488224,1168,2390
7,T+9,9,18680,5084,0.2721627408993576,0.024494646680942183,1168,2390
7,T+9,10,18680,4386,0.234796573875803,0.023479657387580302,1168,2390
7,T+9,11,18680,3780,0.20235546038543897,0.022259100642398288,1168,2390
7,T+9,12,18680,3294,0.17633832976445396,0.021160599571734474,1168,2390
7,T+9,13,18680,2889,0.1546573875802998,0.020105460385438974,1168,2390
7,T+9,14,18680,2526,0.13522483940042826,0.018931477516059957,1168,2390
7,T+9,15,18680,2220,0.11884368308351177,0.017826552462526766,1168,2390
7,T+9,16,18680,1953,0.10455032119914347,0.016728051391862956,1168,2390
7,T+9,17,18680,1724,0.09229122055674518,0.015689507494646683,1168,2390
7,T+9,18,18680,1512,0.08094218415417559,0.014569593147751605,1168,2390
7,T+9,19,18680,1355,0.07253747323340472,0.013782119914346896,1168,2390
7,T+9,20,18680,1205,0.06450749464668094,0.012901498929336189,1168,2390
0,T+10,1,20108,16537,0.8224089914461906,0.008224089914461906,1168,2523
0,T+10,2,20108,14766,0.7343345931967377,0.014686691863934754,1168,2523
0,T+10,3,20108,12918,0.642430873284265,0.019272926198527947,1168,2523
0,T+10,4,20108,11223,0.5581360652476626,0.022325442609906505,1168,2523
0,T+10,5,20108,9721,0.48343942709369403,0.024171971354684702,1168,2523
0,T+10,6,20108,8378,0.4166500895166103,0.024999005370996617,1168,2523
0,T+10,7,20108,7257,0.36090113387706385,0.02526307937139447,1168,2523
0,T+10,8,20108,6314,0.31400437636761486,0.02512035010940919,1168,2523
0,T+10,9,20108,5426,0.26984284861746566,0.02428585637557191,1168,2523
0,T+10,10,20108,4697,0.2335886214442013,0.023358862144420133,1168,2523
0,T+10,11,20108,4113,0.20454545454545456,0.022500000000000003,1168,2523
0,T+10,12,20108,3610,0.17953053511040382,0.021543664213248458,1168,2523
0,T+10,13,20108,3169,0.15759896558583647,0.020487865526158743,1168,2523
0,T+10,14,20108,2789,0.13870101452158345,0.019418142033021685,1168,2523
0,T+10,15,20108,2472,0.12293614481798289,0.01844042172269743,1168,2523
0,T+10,16,20108,2152,0.10702208076387508,0.017123532922220012,1168,2523
0,T+10,17,20108,1891,0.09404217226974339,0.015987169285856376,1168,2523
0,T+10,18,20108,1662,0.08265367018102247,0.014877660632584045,1168,2523
0,T+10,19,20108,1474,0.07330415754923414,0.013927789934354487,1168,2523
0,T+10,20,20108,1303,0.06480007957032027,0.012960015914064055,1168,2523
1,T+10,1,19904,16303,0.8190815916398714,0.008190815916398714,1166,2508
1,T+10,2,19904,14586,0.7328175241157556,0.014656350482315113,1166,2508
1,T+10,3,19904,12793,0.6427351286173634,0.0192820538585209,1166,2508
1,T+10,4,19904,11168,0.5610932475884244,0.022443729903536977,1166,2508
1,T+10,5,19904,9677,0.48618368167202575,0.02430918408360129,1166,2508
1,T+10,6,19904,8422,0.42313102893890675,0.025387861736334404,1166,2508
1,T+10,7,19904,7290,0.366258038585209,0.025638062700964633,1166,2508
1,T+10,8,19904,6344,0.3187299035369775,0.0254983922829582,1166,2508
1,T+10,9,19904,5559,0.27929059485530544,0.025136153536977488,1166,2508
1,T+10,10,19904,4846,0.24346864951768488,0.02434686495176849,1166,2508
1,T+10,11,19904,4188,0.21040996784565916,0.023145096463022506,1166,2508
1,T+10,12,19904,3666,0.18418408360128619,0.022102090032154343,1166,2508
1,T+10,13,19904,3235,0.16253014469453375,0.021128918810289388,1166,2508
1,T+10,14,19904,2806,0.1409766881028939,0.019736736334405147,1166,2508
1,T+10,15,19904,2488,0.125,0.01875,1166,2508
1,T+10,16,19904,2179,0.10947548231511255,0.017516077170418008,1166,2508
1,T+10,17,19904,1943,0.0976185691318328,0.016595156752411577,1166,2508
1,T+10,18,19904,1725,0.08666599678456592,0.015599879421221865,1166,2508
1,T+10,19,19904,1520,0.07636655948553055,0.014509646302250804,1166,2508
1,T+10,20,19904,1338,0.06722266881028939,0.013444533762057878,1166,2508
2,T+10,1,19649,16137,0.8212631686090895,0.008212631686090896,1169,2487
2,T+10,2,19649,14357,0.7306733167082294,0.014613466334164589,1169,2487
2,T+10,3,19649,12654,0.6440022392997099,0.019320067178991297,1169,2487
2,T+10,4,19649,11061,0.5629294111659626,0.022517176446638504,1169,2487
2,T+10,5,19649,9588,0.48796376405923964,0.024398188202961982,1169,2487
2,T+10,6,19649,8264,0.4205812000610718,0.025234872003664307,1169,2487
2,T+10,7,19649,7158,0.36429334826199805,0.025500534378339865,1169,2487
2,T+10,8,19649,6207,0.31589393862283066,0.025271515089826453,1169,2487
2,T+10,9,19649,5418,0.27573922337014606,0.024816530103313143,1169,2487
2,T+10,10,19649,4710,0.23970685531070282,0.023970685531070283,1169,2487
2,T+10,11,19649,4053,0.20627003918774492,0.02268970431065194,1169,2487
2,T+10,12,19649,3543,0.18031451982289176,0.02163774237874701,1169,2487
2,T+10,13,19649,3053,0.15537686396254263,0.020198992315130542,1169,2487
2,T+10,14,19649,2663,0.13552852562471374,0.018973993587459926,1169,2487
2,T+10,15,19649,2351,0.1196498549544506,0.01794747824316759,1169,2487
2,T+10,16,19649,2072,0.10545065906661917,0.016872105450659067,1169,2487
2,T+10,17,19649,1834,0.09333808336302102,0.015867474171713573,1169,2487
2,T+10,18,19649,1616,0.08224337116392692,0.014803806809506846,1169,2487
2,T+10,19,19649,1449,0.07374421090131814,0.014011400071250447,1169,2487
2,T+10,20,19649,1286,0.06544862333961016,0.013089724667922032,1169,2487
3,T+10,1,19392,15773,0.8133766501650165,0.008133766501650165,1167,2473
3,T+10,2,19392,14093,0.7267429867986799,0.014534859735973599,1167,2473
3,T+10,3,19392,12370,0.6378919141914191,0.019136757425742574,1167,2473
3,T+10,4,19392,10774,0.5555899339933993,0.02222359735973597,1167,2473
3,T+10,5,19392,9316,0.4804042904290429,0.024020214521452147,1167,2473
3,T+10,6,19392,8080,0.4166666666666667,0.025,1167,2473
3,T+10,7,19392,7039,0.36298473597359737,0.02540893151815182,1167,2473
3,T+10,8,19392,6098,0.3144595709570957,0.025156765676567657,1167,2473
3,T+10,9,19392,5329,0.27480404290429045,0.02473236386138614,1167,2473
3,T+10,10,19392,4646,0.23958333333333334,0.023958333333333335,1167,2473
3,T+10,11,19392,4035,0.20807549504950495,0.022888304455445544,1167,2473
3,T+10,12,19392,3545,0.18280734323432343,0.02193688118811881,1167,2473
3,T+10,13,19392,3084,0.15903465346534654,0.02067450495049505,1167,2473
3,T+10,14,19392,2703,0.13938737623762376,0.019514232673267327,1167,2473
3,T+10,15,19392,2388,0.12314356435643564,0.018471534653465346,1167,2473
3,T+10,16,19392,2122,0.10942656765676567,0.01750825082508251,1167,2473
3,T+10,17,19392,1878,0.0968440594059406,0.016463490099009902,1167,2473
3,T+10,18,19392,1667,0.08596328382838284,0.01547339108910891,1167,2473
3,T+10,19,19392,1476,0.07611386138613861,0.014461633663366336,1167,2473
3,T+10,20,19392,1307,0.06739892739273927,0.013479785478547855,1167,2473
4,T+10,1,19204,15760,0.820662362007915,0.00820662362007915,1170,2449
4,T+10,2,19204,14034,0.7307852530722766,0.014615705061445532,1170,2449
4,T+10,3,19204,12306,0.6408039991668403,0.019224119975005206,1170,2449
4,T+10,4,19204,10745,0.5595188502395334,0.022380754009581335,1170,2449
4,T+10,5,19204,9284,0.48344094980212454,0.02417204749010623,1170,2449
4,T+10,6,19204,8116,0.42262028744011665,0.025357217246406997,1170,2449
4,T+10,7,19204,7113,0.3703915850864403,0.025927410956050827,1170,2449
4,T+10,8,19204,6176,0.32159966673609663,0.02572797333888773,1170,2449
4,T+10,9,19204,5370,0.27962924390751925,0.025166631951676732,1170,2449
4,T+10,10,19204,4658,0.24255363465944596,0.024255363465944597,1170,2449
4,T+10,11,19204,4079,0.21240366590293688,0.023364403249323058,1170,2449
4,T+10,12,19204,3566,0.18569048114976047,0.022282857737971257,1170,2449
4,T+10,13,19204,3157,0.1643928348260779,0.021371068527390125,1170,2449
4,T+10,14,19204,2743,0.14283482607790043,0.019996875650906062,1170,2449
4,T+10,15,19204,2428,0.12643199333472194,0.01896479900020829,1170,2449
4,T+10,16,19204,2114,0.11008123307644241,0.017612997292230786,1170,2449
4,T+10,17,19204,1879,0.09784419912518226,0.016633513851280986,1170,2449
4,T+10,18,19204,1669,0.08690897729639659,0.015643615913351384,1170,2449
4,T+10,19,19204,1476,0.07685898771089357,0.014603207665069779,1170,2449
4,T+10,20,19204,1323,0.06889189752134972,0.013778379504269946,1170,2449
5,T+10,1,18968,15434,0.8136862083509068,0.008136862083509068,1166,2436
5,T+10,2,18968,13798,0.7274356811471953,0.014548713622943906,1166,2436
5,T+10,3,18968,12189,0.6426086039645719,0.019278258118937155,1166,2436
5,T+10,4,18968,10672,0.5626318009278786,0.022505272037115144,1166,2436
5,T+10,5,18968,9309,0.49077393504850275,0.02453869675242514,1166,2436
5,T+10,6,18968,8095,0.42677140447068745,0.025606284268241245,1166,2436
5,T+10,7,18968,7057,0.37204765921552085,0.026043336145086464,1166,2436
5,T+10,8,18968,6160,0.3247574862927035,0.02598059890341628,1166,2436
5,T+10,9,18968,5404,0.2849008857022353,0.02564107971320118,1166,2436
5,T+10,10,18968,4684,0.24694221847321804,0.024694221847321805,1166,2436
5,T+10,11,18968,4102,0.21625896246309573,0.02378848587094053,1166,2436
5,T+10,12,18968,3585,0.18900253057781527,0.02268030366933783,1166,2436
5,T+10,13,18968,3130,0.1650147617039224,0.021451919021509912,1166,2436
5,T+10,14,18968,2763,0.14566638549135386,0.02039329396878954,1166,2436
5,T+10,15,18968,2461,0.12974483340362716,0.019461725010544075,1166,2436
5,T+10,16,18968,2172,0.11450864614086884,0.018321383382539014,1166,2436
5,T+10,17,18968,1925,0.10148671446646984,0.017252741459299874,1166,2436
5,T+10,18,18968,1731,0.09125896246309574,0.016426613243357233,1166,2436
5,T+10,19,18968,1562,0.08234921973850697,0.015646351750316322,1166,2436
5,T+10,20,18968,1412,0.07444116406579503,0.014888232813159007,1166,2436
6,T+10,1,18822,15556,0.8264796514716821,0.00826479651471682,1170,2403
6,T+10,2,18822,13957,0.7415258739772607,0.014830517479545214,1170,2403
6,T+10,3,18822,12339,0.6555626394644565,0.019666879183933693,1170,2403
6,T+10,4,18822,10867,0.5773562851981724,0.023094251407926897,1170,2403
6,T+10,5,18822,9480,0.503665922856232,0.025183296142811604,1170,2403
6,T+10,6,18822,8283,0.44007013069811923,0.026404207841887153,1170,2403
6,T+10,7,18822,7219,0.38354053766868557,0.02684783763680799,1170,2403
6,T+10,8,18822,6291,0.3342365317182021,0.026738922537456168,1170,2403
6,T+10,9,18822,5472,0.2907236212942302,0.026165125916480715,1170,2403
6,T+10,10,18822,4725,0.25103602167676126,0.025103602167676126,1170,2403
6,T+10,11,18822,4113,0.2185208798214855,0.024037296780363406,1170,2403
6,T+10,12,18822,3595,0.1909998937413665,0.02291998724896398,1170,2403
6,T+10,13,18822,3169,0.16836680480289024,0.021887684624375733,1170,2403
6,T+10,14,18822,2761,0.14669004356603974,0.020536606099245566,1170,2403
6,T+10,15,18822,2442,0.12974179152056103,0.019461268728084156,1170,2403
6,T+10,16,18822,2148,0.11412177239400702,0.018259483583041122,1170,2403
6,T+10,17,18822,1899,0.10089257252151737,0.017151737328657955,1170,2403
6,T+10,18,18822,1688,0.08968228668579321,0.01614281160344278,1170,2403
6,T+10,19,18822,1490,0.07916268196790989,0.01504090957390288,1170,2403
6,T+10,20,18822,1329,0.07060886197003506,0.014121772394007012,1170,2403
7,T+10,1,18626,15497,0.8320090196499517,0.008320090196499517,1167,2385
7,T+10,2,18626,13972,0.7501342209814238,0.015002684419628477,1167,2385
7,T+10,3,18626,12372,0.6642327928701814,0.019926983786105443,1167,2385
7,T+10,4,18626,10848,0.5824116825942232,0.023296467303768928,1167,2385
7,T+10,5,18626,9475,0.5086975195962633,0.025434875979813167,1167,2385
7,T+10,6,18626,8234,0.44207022441748095,0.026524213465048855,1167,2385
7,T+10,7,18626,7110,0.38172447116933317,0.026720712981853325,1167,2385
7,T+10,8,18626,6222,0.3340491785675937,0.026723934285407498,1167,2385
7,T+10,9,18626,5417,0.2908300225491249,0.026174702029421237,1167,2385
7,T+10,10,18626,4706,0.2526575754321916,0.02526575754321916,1167,2385
7,T+10,11,18626,4122,0.2213035541715881,0.02434339095887469,1167,2385
7,T+10,12,18626,3618,0.19424460431654678,0.02330935251798561,1167,2385
7,T+10,13,18626,3179,0.17067539997852466,0.022187801997208205,1167,2385
7,T+10,14,18626,2801,0.15038118758724364,0.021053366262214112,1167,2385
7,T+10,15,18626,2466,0.13239557607645228,0.01985933641146784,1167,2385
7,T+10,16,18626,2176,0.1168259422312896,0.018692150757006337,1167,2385
7,T+10,17,18626,1927,0.1034575324814775,0.017587780521851178,1167,2385
7,T+10,18,18626,1715,0.09207559325673789,0.01657360678621282,1167,2385
7,T+10,19,18626,1529,0.08208955223880597,0.015597014925373135,1167,2385
7,T+10,20,18626,1356,0.0728014603242779,0.01456029206485558,1167,2385
0,T+11,1,20107,16691,0.8301089172924851,0.00830108917292485,1167,2523
0,T+11,2,20107,14981,0.7450639080917093,0.014901278161834187,1167,2523
0,T+11,3,20107,13177,0.6553439100810663,0.01966031730243199,1167,2523
0,T+11,4,20107,11515,0.5726861292087333,0.022907445168349333,1167,2523
0,T+11,5,20107,10071,0.5008703436614115,0.025043517183070574,1167,2523
0,T+11,6,20107,8763,0.4358183717113443,0.026149102302680655,1167,2523
0,T+11,7,20107,7618,0.3788730292932809,0.026521112050529667,1167,2523
0,T+11,8,20107,6670,0.33172526980653505,0.026538021584522804,1167,2523
0,T+11,9,20107,5798,0.2883572885064903,0.025952155965584124,1167,2523
0,T+11,10,20107,5016,0.24946536032227581,0.024946536032227584,1167,2523
0,T+11,11,20107,4411,0.2193763365991943,0.024131397025911373,1167,2523
0,T+11,12,20107,3878,0.19286815536877705,0.023144178644253246,1167,2523
0,T+11,13,20107,3440,0.17108469687173622,0.02224101059332571,1167,2523
0,T+11,14,20107,3051,0.15173820062664745,0.021243348087730644,1167,2523
0,T+11,15,20107,2720,0.13527627194509376,0.02029144079176406,1167,2523
0,T+11,16,20107,2388,0.11876460934003083,0.019002337494404935,1167,2523
0,T+11,17,20107,2099,0.10439150544586462,0.017746555925796985,1167,2523
0,T+11,18,20107,1853,0.09215696026259512,0.016588252847267122,1167,2523
0,T+11,19,20107,1663,0.08270751479584225,0.015714427811210026,1167,2523
0,T+11,20,20107,1495,0.07435221564629234,0.014870443129258469,1167,2523
1,T+11,1,19904,16453,0.8266177652733119,0.008266177652733119,1166,2508
1,T+11,2,19904,14808,0.7439710610932476,0.014879421221864952,1166,2508
1,T+11,3,19904,13077,0.657003617363344,0.01971010852090032,1166,2508
1,T+11,4,19904,11491,0.5773211414790996,0.023092845659163985,1166,2508
1,T+11,5,19904,10018,0.5033159163987139,0.025165795819935693,1166,2508
1,T+11,6,19904,8748,0.4395096463022508,0.026370578778135048,1166,2508
1,T+11,7,19904,7639,0.38379220257234725,0.02686545418006431,1166,2508
1,T+11,8,19904,6686,0.3359123794212219,0.02687299035369775,1166,2508
1,T+11,9,19904,5884,0.29561897106109325,0.02660570739549839,1166,2508
1,T+11,10,19904,5182,0.2603496784565916,0.026034967845659163,1166,2508
1,T+11,11,19904,4492,0.22568327974276528,0.024825160771704182,1166,2508
1,T+11,12,19904,3974,0.19965836012861737,0.023959003215434083,1166,2508
1,T+11,13,19904,3522,0.17694935691318328,0.023003416398713828,1166,2508
1,T+11,14,19904,3094,0.1554461414790997,0.021762459807073958,1166,2508
1,T+11,15,19904,2750,0.13816318327974275,0.02072447749196141,1166,2508
1,T+11,16,19904,2414,0.12128215434083602,0.019405144694533763,1166,2508
1,T+11,17,19904,2144,0.10771704180064309,0.018311897106109327,1166,2508
1,T+11,18,19904,1907,0.09580988745980708,0.017245779742765272,1166,2508
1,T+11,19,19904,1691,0.08495779742765273,0.016141981511254018,1166,2508
1,T+11,20,19904,1491,0.07490956591639872,0.014981913183279745,1166,2508
2,T+11,1,19649,16291,0.8291007175937707,0.008291007175937707,1169,2487
2,T+11,2,19649,14588,0.7424296401852511,0.014848592803705023,1169,2487
2,T+11,3,19649,12924,0.6577433966105145,0.019732301898315433,1169,2487
2,T+11,4,19649,11361,0.5781973637335234,0.023127894549340937,1169,2487
2,T+11,5,19649,9908,0.5042495801313044,0.02521247900656522,1169,2487
2,T+11,6,19649,8620,0.43869917044124385,0.02632195022647463,1169,2487
2,T+11,7,19649,7513,0.3823604254669449,0.026765229782686143,1169,2487
2,T+11,8,19649,6540,0.33284136597282304,0.026627309277825844,1169,2487
2,T+11,9,19649,5744,0.292330398493562,0.02630973586442058,1169,2487
2,T+11,10,19649,5019,0.25543284645529035,0.025543284645529036,1169,2487
2,T+11,11,19649,4342,0.2209781668278284,0.024307598351061124,1169,2487
2,T+11,12,19649,3831,0.19497175428775002,0.02339661051453,1169,2487
2,T+11,13,19649,3329,0.16942338032469845,0.0220250394422108,1169,2487
2,T+11,14,19649,2897,0.14743752862741105,0.020641254007837548,1169,2487
2,T+11,15,19649,2570,0.1307954603287699,0.019619319049315485,1169,2487
2,T+11,16,19649,2276,0.11583286681256044,0.01853325869000967,1169,2487
2,T+11,17,19649,2015,0.10254974807878263,0.01743345717339305,1169,2487
2,T+11,18,19649,1795,0.09135324952923812,0.016443584915262863,1169,2487
2,T+11,19,19649,1612,0.08203979846302611,0.015587561707974961,1169,2487
2,T+11,20,19649,1436,0.0730825996233905,0.014616519924678101,1169,2487
3,T+11,1,19391,15959,0.8230106750554381,0.008230106750554382,1166,2473
3,T+11,2,19391,14334,0.7392089113506266,0.014784178227012532,1166,2473
3,T+11,3,19391,12661,0.6529317724717653,0.019587953174152958,1166,2473
3,T+11,4,19391,11110,0.5729462121602805,0.02291784848641122,1166,2473
3,T+11,5,19391,9682,0.49930380073229846,0.024965190036614925,1166,2473
3,T+11,6,19391,8437,0.4350987571553814,0.02610592542932288,1166,2473
3,T+11,7,19391,7381,0.3806405033262854,0.026644835232839982,1166,2473
3,T+11,8,19391,6409,0.3305141560517766,0.02644113248414213,1166,2473
3,T+11,9,19391,5634,0.2905471610540973,0.026149244494868756,1166,2473
3,T+11,10,19391,4954,0.2554793460883915,0.025547934608839154,1166,2473
3,T+11,11,19391,4329,0.22324789850961788,0.024557268836057966,1166,2473
3,T+11,12,19391,3830,0.19751431076272497,0.023701717291526994,1166,2473
3,T+11,13,19391,3360,0.17327626218348718,0.022525914083853335,1166,2473
3,T+11,14,19391,2977,0.15352483110721468,0.021493476355010057,1166,2473
3,T+11,15,19391,2651,0.13671290805012634,0.02050693620751895,1166,2473
3,T+11,16,19391,2345,0.12093239131555876,0.0193491826104894,1166,2473
3,T+11,17,19391,2086,0.10757567943891497,0.018287865504615544,1166,2473
3,T+11,18,19391,1854,0.09561136609767418,0.01721004589758135,1166,2473
3,T+11,19,19391,1645,0.08483317002733226,0.01611830230519313,1166,2473
3,T+11,20,19391,1467,0.07565365375689753,0.015130730751379507,1166,2473
4,T+11,1,19167,15894,0.829237752386915,0.00829237752386915,1169,2448
4,T+11,2,19167,14248,0.7433609850263474,0.014867219700526948,1169,2448
4,T+11,3,19167,12604,0.6575885636771535,0.019727656910314605,1169,2448
4,T+11,4,19167,11091,0.5786508060729378,0.023146032242917513,1169,2448
4,T+11,5,19167,9665,0.5042520999634789,0.025212604998173946,1169,2448
4,T+11,6,19167,8492,0.4430531642927949,0.026583189857567694,1169,2448
4,T+11,7,19167,7493,0.39093233161162416,0.027365263212813695,1169,2448
4,T+11,8,19167,6547,0.34157666823185684,0.02732613345854855,1169,2448
4,T+11,9,19167,5719,0.29837741952313873,0.026853967757082486,1169,2448
4,T+11,10,19167,5007,0.2612302394740961,0.026123023947409615,1169,2448
4,T+11,11,19167,4372,0.22810038086294152,0.025091041894923567,1169,2448
4,T+11,12,19167,3856,0.20117910992852298,0.024141493191422756,1169,2448
4,T+11,13,19167,3394,0.17707518130119476,0.02301977356915532,1169,2448
4,T+11,14,19167,2963,0.15458861585015912,0.02164240621902228,1169,2448
4,T+11,15,19167,2639,0.13768456200761725,0.020652684301142588,1169,2448
4,T+11,16,19167,2320,0.12104137319350967,0.019366619710961548,1169,2448
4,T+11,17,19167,2062,0.10758073772630042,0.018288725413471072,1169,2448
4,T+11,18,19167,1851,0.09657223352637345,0.01738300203474722,1169,2448
4,T+11,19,19167,1652,0.08618980539468879,0.01637606302499087,1169,2448
4,T+11,20,19167,1492,0.07784212448479157,0.015568424896958314,1169,2448
5,T+11,1,18960,15577,0.8215717299578059,0.00821571729957806,1165,2434
5,T+11,2,18960,14006,0.7387130801687763,0.014774261603375527,1165,2434
5,T+11,3,18960,12481,0.6582805907172996,0.019748417721518988,1165,2434
5,T+11,4,18960,11050,0.5828059071729957,0.02331223628691983,1165,2434
5,T+11,5,18960,9738,0.5136075949367088,0.025680379746835444,1165,2434
5,T+11,6,18960,8489,0.4477320675105485,0.02686392405063291,1165,2434
5,T+11,7,18960,7464,0.39367088607594936,0.027556962025316458,1165,2434
5,T+11,8,18960,6568,0.3464135021097046,0.02771308016877637,1165,2434
5,T+11,9,18960,5785,0.30511603375527424,0.02746044303797468,1165,2434
5,T+11,10,18960,5047,0.26619198312236286,0.02661919831223629,1165,2434
5,T+11,11,18960,4441,0.23422995780590716,0.025765295358649788,1165,2434
5,T+11,12,18960,3895,0.2054324894514768,0.024651898734177214,1165,2434
5,T+11,13,18960,3426,0.18069620253164556,0.023490506329113925,1165,2434
5,T+11,14,18960,3011,0.15880801687763713,0.0222331223628692,1165,2434
5,T+11,15,18960,2709,0.14287974683544305,0.021431962025316456,1165,2434
5,T+11,16,18960,2417,0.1274789029535865,0.02039662447257384,1165,2434
5,T+11,17,18960,2149,0.11334388185654008,0.019268459915611814,1165,2434
5,T+11,18,18960,1923,0.10142405063291139,0.01825632911392405,1165,2434
5,T+11,19,18960,1741,0.09182489451476793,0.017446729957805905,1165,2434
5,T+11,20,18960,1572,0.08291139240506329,0.01658227848101266,1165,2434
6,T+11,1,18767,15658,0.8343368679064315,0.008343368679064316,1169,2399
6,T+11,2,18767,14130,0.7529173549315288,0.015058347098630576,1169,2399
6,T+11,3,18767,12565,0.66952629615815,0.020085788884744497,1169,2399
6,T+11,4,18767,11158,0.5945542707944796,0.023782170831779186,1169,2399
6,T+11,5,18767,9791,0.5217136462940267,0.026085682314701337,1169,2399
6,T+11,6,18767,8590,0.4577183353759258,0.02746310012255555,1169,2399
6,T+11,7,18767,7555,0.4025683380401769,0.028179783662812385,1169,2399
6,T+11,8,18767,6641,0.3538658283156605,0.02830926626525284,1169,2399
6,T+11,9,18767,5799,0.30899984014493526,0.027809985613044173,1169,2399
6,T+11,10,18767,5039,0.26850322374380564,0.026850322374380564,1169,2399
6,T+11,11,18767,4427,0.23589279053658016,0.025948206959023817,1169,2399
6,T+11,12,18767,3894,0.207491874034209,0.024899024884105076,1169,2399
6,T+11,13,18767,3444,0.1835136143230138,0.023856769861991794,1169,2399
6,T+11,14,18767,3027,0.16129376032397294,0.022581126445356214,1169,2399
6,T+11,15,18767,2691,0.1433899930729472,0.02150849896094208,1169,2399
6,T+11,16,18767,2374,0.1264986412319497,0.02023978259711195,1169,2399
6,T+11,17,18767,2092,0.11147226514626739,0.01895028507486546,1169,2399
6,T+11,18,18767,1873,0.0998028454201524,0.01796451217562743,1169,2399
6,T+11,19,18767,1659,0.08839985080193957,0.01679597165236852,1169,2399
6,T+11,20,18767,1487,0.07923482709010497,0.015846965418020994,1169,2399
7,T+11,1,18626,15640,0.839686459787394,0.00839686459787394,1167,2385
7,T+11,2,18626,14178,0.7611940298507462,0.015223880597014926,1167,2385
7,T+11,3,18626,12648,0.6790507892193708,0.020371523676581123,1167,2385
7,T+11,4,18626,11185,0.6005046708901536,0.024020186835606142,1167,2385
7,T+11,5,18626,9811,0.5267368194996241,0.026336840974981207,1167,2385
7,T+11,6,18626,8575,0.4603779662836895,0.02762267797702137,1167,2385
7,T+11,7,18626,7469,0.40099860410179317,0.028069902287125525,1167,2385
7,T+11,8,18626,6582,0.3533769998926232,0.02827015999140986,1167,2385
7,T+11,9,18626,5765,0.3095135831633201,0.02785622248469881,1167,2385
7,T+11,10,18626,5055,0.2713948244389563,0.02713948244389563,1167,2385
7,T+11,11,18626,4450,0.23891334693439278,0.026280468162783205,1167,2385
7,T+11,12,18626,3934,0.21121013636851713,0.025345216364222056,1167,2385
7,T+11,13,18626,3486,0.18715773649736928,0.024330505744658008,1167,2385
7,T+11,14,18626,3088,0.16578975625469775,0.023210565875657688,1167,2385
7,T+11,15,18626,2721,0.14608611618168152,0.021912917427252227,1167,2385
7,T+11,16,18626,2434,0.13067754751422742,0.020908407602276385,1167,2385
7,T+11,17,18626,2146,0.1152152904542038,0.019586599377214648,1167,2385
7,T+11,18,18626,1919,0.10302802534092129,0.018545044561365832,1167,2385
7,T+11,19,18626,1703,0.09143133254590358,0.01737195318372168,1167,2385
7,T+11,20,18626,1528,0.08203586384623644,0.01640717276924729,1167,2385
0,T+12,1,20107,16825,0.8367732630427215,0.008367732630427215,1167,2523
0,T+12,2,20107,15174,0.75466255532899,0.015093251106579799,1167,2523
0,T+12,3,20107,13428,0.6678271248818819,0.020034813746456458,1167,2523
0,T+12,4,20107,11812,0.5874571044909733,0.023498284179638933,1167,2523
0,T+12,5,20107,10382,0.5163375938727807,0.025816879693639036,1167,2523
0,T+12,6,20107,9067,0.4509374844581489,0.027056249067488932,1167,2523
0,T+12,7,20107,7904,0.3930969314169195,0.027516785199184365,1167,2523
0,T+12,8,20107,6978,0.34704331824737655,0.027763465459790124,1167,2523
0,T+12,9,20107,6106,0.3036753369473318,0.02733078032525986,1167,2523
0,T+12,10,20107,5354,0.2662754264683941,0.02662754264683941,1167,2523
0,T+12,11,20107,4735,0.23549012781618342,0.025903914059780177,1167,2523
0,T+12,12,20107,4177,0.2077385984980355,0.02492863181976426,1167,2523
0,T+12,13,20107,3697,0.1838663152136072,0.023902620977768935,1167,2523
0,T+12,14,20107,3294,0.16382354403938926,0.0229352961655145,1167,2523
0,T+12,15,20107,2935,0.14596906549957725,0.021895359824936587,1167,2523
0,T+12,16,20107,2584,0.12851245834783906,0.02056199333565425,1167,2523
0,T+12,17,20107,2288,0.11379121698910827,0.019344506888148406,1167,2523
0,T+12,18,20107,2039,0.10140747003531109,0.018253344606355994,1167,2523
0,T+12,19,20107,1841,0.09156015318048441,0.017396429104292038,1167,2523
0,T+12,20,20107,1648,0.08196150594320387,0.016392301188640775,1167,2523
1,T+12,1,19904,16586,0.8332998392282959,0.008332998392282959,1166,2508
1,T+12,2,19904,14985,0.7528637459807074,0.015057274919614148,1166,2508
1,T+12,3,19904,13325,0.669463424437299,0.02008390273311897,1166,2508
1,T+12,4,19904,11757,0.5906852893890675,0.0236274115755627,1166,2508
1,T+12,5,19904,10317,0.5183380225080386,0.02591690112540193,1166,2508
1,T+12,6,19904,9061,0.45523512861736337,0.0273141077170418,1166,2508
1,T+12,7,19904,7966,0.40022106109324757,0.02801547427652733,1166,2508
1,T+12,8,19904,7005,0.351939308681672,0.02815514469453376,1166,2508
1,T+12,9,19904,6186,0.3107918006430868,0.027971262057877814,1166,2508
1,T+12,10,19904,5450,0.273814308681672,0.027381430868167203,1166,2508
1,T+12,11,19904,4769,0.2396000803858521,0.02635600884244373,1166,2508
1,T+12,12,19904,4224,0.21221864951768488,0.025466237942122185,1166,2508
1,T+12,13,19904,3770,0.18940916398713825,0.024623191318327974,1166,2508
1,T+12,14,19904,3326,0.16710209003215434,0.02339429260450161,1166,2508
1,T+12,15,19904,2973,0.149366961414791,0.022405044212218648,1166,2508
1,T+12,16,19904,2634,0.13233520900321544,0.02117363344051447,1166,2508
1,T+12,17,19904,2349,0.11801647909967845,0.02006280144694534,1166,2508
1,T+12,18,19904,2100,0.1055064308681672,0.018991157556270098,1166,2508
1,T+12,19,19904,1872,0.09405144694533762,0.01786977491961415,1166,2508
1,T+12,20,19904,1643,0.08254622186495177,0.016509244372990353,1166,2508
2,T+12,1,19648,16441,0.8367772801302932,0.008367772801302933,1168,2487
2,T+12,2,19648,14786,0.7525447882736156,0.015050895765472312,1168,2487
2,T+12,3,19648,13159,0.6697373778501629,0.020092121335504885,1168,2487
2,T+12,4,19648,11651,0.5929865635179153,0.023719462540716614,1168,2487
2,T+12,5,19648,10240,0.5211726384364821,0.026058631921824105,1168,2487
2,T+12,6,19648,8957,0.4558733713355049,0.027352402280130292,1168,2487
2,T+12,7,19648,7840,0.3990228013029316,0.027931596091205216,1168,2487
2,T+12,8,19648,6865,0.34939942996742673,0.02795195439739414,1168,2487
2,T+12,9,19648,6053,0.30807206840390877,0.027726486156351787,1168,2487
2,T+12,10,19648,5321,0.2708163680781759,0.02708163680781759,1168,2487
2,T+12,11,19648,4638,0.23605456026058633,0.025966001628664494,1168,2487
2,T+12,12,19648,4131,0.21025040716612378,0.025230048859934854,1168,2487
2,T+12,13,19648,3631,0.18480252442996742,0.024024328175895764,1168,2487
2,T+12,14,19648,3178,0.16174674267100977,0.02264454397394137,1168,2487
2,T+12,15,19648,2812,0.14311889250814333,0.0214678338762215,1168,2487
2,T+12,16,19648,2496,0.1270358306188925,0.020325732899022803,1168,2487
2,T+12,17,19648,2218,0.11288680781758957,0.01919075732899023,1168,2487
2,T+12,18,19648,1981,0.10082451140065146,0.01814841205211726,1168,2487
2,T+12,19,19648,1779,0.0905435667752443,0.017203277687296417,1168,2487
2,T+12,20,19648,1591,0.08097516286644951,0.016195032573289903,1168,2487
3,T+12,1,19357,16104,0.8319470992405849,0.00831947099240585,1165,2472
3,T+12,2,19357,14547,0.7515110812625924,0.015030221625251848,1165,2472
3,T+12,3,19357,12943,0.6686470010848788,0.020059410032546365,1165,2472
3,T+12,4,19357,11433,0.5906390453066074,0.023625561812264297,1165,2472
3,T+12,5,19357,10014,0.5173322312341788,0.02586661156170894,1165,2472
3,T+12,6,19357,8784,0.4537893268585008,0.027227359611510047,1165,2472
3,T+12,7,19357,7744,0.40006199307743967,0.02800433951542078,1165,2472
3,T+12,8,19357,6782,0.35036420932995815,0.028029136746396652,1165,2472
3,T+12,9,19357,5970,0.3084155602624374,0.027757400423619363,1165,2472
3,T+12,10,19357,5253,0.271374696492225,0.027137469649222503,1165,2472
3,T+12,11,19357,4631,0.23924161801932117,0.02631657798212533,1165,2472
3,T+12,12,19357,4091,0.21134473317146252,0.025361367980575502,1165,2472
3,T+12,13,19357,3589,0.18541096244252725,0.024103425117528544,1165,2472
3,T+12,14,19357,3179,0.16422999431730123,0.022992199204422175,1165,2472
3,T+12,15,19357,2855,0.14749186340858605,0.022123779511287908,1165,2472
3,T+12,16,19357,2560,0.1322518985379966,0.021160303766079455,1165,2472
3,T+12,17,19357,2291,0.11835511701193367,0.020120369892028724,1165,2472
3,T+12,18,19357,2039,0.10533657074959962,0.01896058273492793,1165,2472
3,T+12,19,19357,1818,0.09391951232112414,0.017844707341013587,1165,2472
3,T+12,20,19357,1634,0.08441390711370564,0.01688278142274113,1165,2472
4,T+12,1,19160,16042,0.8372651356993737,0.008372651356993737,1168,2446
4,T+12,2,19160,14459,0.7546450939457202,0.015092901878914405,1168,2446
4,T+12,3,19160,12873,0.6718684759916492,0.020156054279749477,1168,2446
4,T+12,4,19160,11469,0.5985908141962422,0.023943632567849687,1168,2446
4,T+12,5,19160,10056,0.5248434237995825,0.026242171189979124,1168,2446
4,T+12,6,19160,8885,0.4637265135699374,0.02782359081419624,1168,2446
4,T+12,7,19160,7868,0.4106471816283925,0.028745302713987477,1168,2446
4,T+12,8,19160,6912,0.3607515657620042,0.028860125260960334,1168,2446
4,T+12,9,19160,6061,0.31633611691022967,0.02847025052192067,1168,2446
4,T+12,10,19160,5341,0.27875782881002087,0.02787578288100209,1168,2446
4,T+12,11,19160,4694,0.24498956158663884,0.026948851774530273,1168,2446
4,T+12,12,19160,4166,0.2174321503131524,0.026091858037578287,1168,2446
4,T+12,13,19160,3694,0.19279749478079333,0.025063674321503134,1168,2446
4,T+12,14,19160,3243,0.169258872651357,0.02369624217118998,1168,2446
4,T+12,15,19160,2876,0.15010438413361168,0.022515657620041752,1168,2446
4,T+12,16,19160,2526,0.13183716075156576,0.021093945720250522,1168,2446
4,T+12,17,19160,2249,0.11737995824634656,0.019954592901878915,1168,2446
4,T+12,18,19160,2017,0.1052713987473904,0.018948851774530272,1168,2446
4,T+12,19,19160,1809,0.09441544885177452,0.01793893528183716,1168,2446
4,T+12,20,19160,1641,0.08564718162839248,0.017129436325678496,1168,2446
5,T+12,1,18906,15675,0.8291018724214535,0.008291018724214535,1164,2430
5,T+12,2,18906,14169,0.7494446207553158,0.014988892415106316,1164,2430
5,T+12,3,18906,12680,0.6706865545329525,0.020120596635988572,1164,2430
5,T+12,4,18906,11297,0.59753517401883,0.023901406960753203,1164,2430
5,T+12,5,18906,9991,0.5284565746323918,0.026422828731619594,1164,2430
5,T+12,6,18906,8810,0.4659896329207659,0.027959377975245954,1164,2430
5,T+12,7,18906,7794,0.4122500793398921,0.02885750555379245,1164,2430
5,T+12,8,18906,6896,0.36475193060404104,0.029180154448323285,1164,2430
5,T+12,9,18906,6112,0.32328361366761876,0.029095525230085687,1164,2430
5,T+12,10,18906,5358,0.28340209457315135,0.028340209457315135,1164,2430
5,T+12,11,18906,4758,0.25166613773405266,0.027683275150745795,1164,2430
5,T+12,12,18906,4184,0.22130540569131493,0.02655664868295779,1164,2430
5,T+12,13,18906,3709,0.19618110652702847,0.0255035438485137,1164,2430
5,T+12,14,18906,3257,0.17227335237490743,0.024118269332487043,1164,2430
5,T+12,15,18906,2944,0.15571776155717762,0.02335766423357664,1164,2430
5,T+12,16,18906,2626,0.1388977044324553,0.02222363270919285,1164,2430
5,T+12,17,18906,2343,0.12392891145668042,0.02106791494763567,1164,2430
5,T+12,18,18906,2105,0.11134031524383793,0.020041256743890828,1164,2430
5,T+12,19,18906,1892,0.1000740505659579,0.019014069607532002,1164,2430
5,T+12,20,18906,1724,0.09118798265101026,0.018237596530202054,1164,2430
6,T+12,1,18767,15802,0.842009911014014,0.00842009911014014,1169,2399
6,T+12,2,18767,14335,0.7638407843555176,0.015276815687110352,1169,2399
6,T+12,3,18767,12813,0.6827409815100975,0.020482229445302924,1169,2399
6,T+12,4,18767,11417,0.608355091383812,0.024334203655352483,1169,2399
6,T+12,5,18767,10111,0.5387648531997655,0.026938242659988277,1169,2399
6,T+12,6,18767,8918,0.4751958224543081,0.028511749347258485,1169,2399
6,T+12,7,18767,7874,0.41956625992433527,0.029369638194703472,1169,2399
6,T+12,8,18767,6950,0.37033089998401447,0.02962647199872116,1169,2399
6,T+12,9,18767,6146,0.3274897426333458,0.02947407683700112,1169,2399
6,T+12,10,18767,5385,0.2869398412106357,0.02869398412106357,1169,2399
6,T+12,11,18767,4761,0.253689987744445,0.02790589865188895,1169,2399
6,T+12,12,18767,4209,0.22427665583204562,0.026913198699845473,1169,2399
6,T+12,13,18767,3749,0.19976554590504608,0.025969520967655993,1169,2399
6,T+12,14,18767,3326,0.17722598177652263,0.024811637448713172,1169,2399
6,T+12,15,18767,2951,0.15724409868385997,0.023586614802578995,1169,2399
6,T+12,16,18767,2613,0.13923376138967336,0.022277401822347737,1169,2399
6,T+12,17,18767,2307,0.12292854478606063,0.020897852613630308,1169,2399
6,T+12,18,18767,2069,0.11024670964991741,0.019844407736985134,1169,2399
6,T+12,19,18767,1844,0.09825757979431982,0.018668940160920765,1169,2399
6,T+12,20,18767,1651,0.0879735706292961,0.01759471412585922,1169,2399
7,T+12,1,18624,15764,0.8464347079037801,0.008464347079037801,1166,2385
7,T+12,2,18624,14352,0.770618556701031,0.01541237113402062,1166,2385
7,T+12,3,18624,12871,0.6910975085910653,0.02073292525773196,1166,2385
7,T+12,4,18624,11446,0.6145833333333334,0.024583333333333336,1166,2385
7,T+12,5,18624,10117,0.5432237972508591,0.027161189862542956,1166,2385
7,T+12,6,18624,8913,0.47857603092783507,0.028714561855670104,1166,2385
7,T+12,7,18624,7816,0.41967353951890035,0.02937714776632303,1166,2385
7,T+12,8,18624,6928,0.37199312714776633,0.029759450171821307,1166,2385
7,T+12,9,18624,6134,0.3293599656357388,0.029642396907216494,1166,2385
7,T+12,10,18624,5393,0.28957259450171824,0.028957259450171826,1166,2385
7,T+12,11,18624,4784,0.25687285223367695,0.028256013745704463,1166,2385
7,T+12,12,18624,4258,0.22862972508591065,0.027435567010309275,1166,2385
7,T+12,13,18624,3798,0.20393041237113402,0.026510953608247425,1166,2385
7,T+12,14,18624,3371,0.18100300687285223,0.025340420962199316,1166,2385
7,T+12,15,18624,2999,0.16102878006872853,0.02415431701030928,1166,2385
7,T+12,16,18624,2693,0.14459836769759452,0.023135738831615123,1166,2385
7,T+12,17,18624,2391,0.12838273195876287,0.02182506443298969,1166,2385
7,T+12,18,18624,2163,0.11614046391752578,0.02090528350515464,1166,2385
7,T+12,19,18624,1947,0.10454252577319588,0.019863079896907217,1166,2385
7,T+12,20,18624,1738,0.09332044673539519,0.018664089347079037,1166,2385
0,T+13,1,20107,16942,0.8425921320933009,0.008425921320933009,1167,2523
0,T+13,2,20107,15335,0.7626697170139752,0.015253394340279504,1167,2523
0,T+13,3,20107,13619,0.677326304272144,0.02031978912816432,1167,2523
0,T+13,4,20107,12081,0.600835529914955,0.024033421196598202,1167,2523
0,T+13,5,20107,10682,0.5312577709255483,0.026562888546277415,1167,2523
0,T+13,6,20107,9389,0.46695180782811957,0.028017108469687173,1167,2523
0,T+13,7,20107,8205,0.4080668423931964,0.02856467896752375,1167,2523
0,T+13,8,20107,7264,0.36126722037101505,0.028901377629681205,1167,2523
0,T+13,9,20107,6375,0.3170537623713135,0.028534838613418212,1167,2523
0,T+13,10,20107,5633,0.28015119112746806,0.028015119112746806,1167,2523
0,T+13,11,20107,4995,0.24842094792858208,0.02732630427214403,1167,2523
0,T+13,12,20107,4427,0.22017207937534192,0.02642064952504103,1167,2523
0,T+13,13,20107,3941,0.19600139254985827,0.025480181031481575,1167,2523
0,T+13,14,20107,3522,0.17516287859949273,0.024522803003928985,1167,2523
0,T+13,15,20107,3152,0.15676132690107922,0.023514199035161883,1167,2523
0,T+13,16,20107,2788,0.1386581787437211,0.02218530859899538,1167,2523
0,T+13,17,20107,2475,0.12309146068533347,0.02092554831650669,1167,2523
0,T+13,18,20107,2203,0.10956383349082409,0.019721490028348335,1167,2523
0,T+13,19,20107,2002,0.09956731486546974,0.01891778982443925,1167,2523
0,T+13,20,20107,1791,0.08907345700502313,0.017814691401004626,1167,2523
1,T+13,1,19903,16708,0.8394714364668643,0.008394714364668644,1165,2508
1,T+13,2,19903,15161,0.7617444606340753,0.015234889212681506,1165,2508
1,T+13,3,19903,13538,0.6801989649801538,0.02040596894940461,1165,2508
1,T+13,4,19903,12018,0.6038285685575039,0.024153142742300154,1165,2508
1,T+13,5,19903,10604,0.5327840024116968,0.02663920012058484,1165,2508
1,T+13,6,19903,9358,0.4701803748178667,0.028210822489071998,1165,2508
1,T+13,7,19903,8261,0.41506305582073055,0.029054413907451143,1165,2508
1,T+13,8,19903,7327,0.36813545696628647,0.029450836557302917,1165,2508
1,T+13,9,19903,6510,0.3270863688891122,0.029437773200020095,1165,2508
1,T+13,10,19903,5754,0.2891021454052153,0.02891021454052153,1165,2508
1,T+13,11,19903,5070,0.25473546701502287,0.028020901371652515,1165,2508
1,T+13,12,19903,4517,0.22695071094809827,0.02723408531377179,1165,2508
1,T+13,13,19903,4040,0.20298447470230618,0.026387981711299805,1165,2508
1,T+13,14,19903,3573,0.17952067527508417,0.025132894538511787,1165,2508
1,T+13,15,19903,3198,0.16067929457870672,0.024101894186806007,1165,2508
1,T+13,16,19903,2841,0.14274230015575542,0.02283876802492087,1165,2508
1,T+13,17,19903,2521,0.12666432196151334,0.021532934733457267,1165,2508
1,T+13,18,19903,2268,0.1139526704516907,0.020511480681304328,1165,2508
1,T+13,19,19903,2043,0.10264784203386425,0.019503089986434206,1165,2508
1,T+13,20,19903,1805,0.0906898457518967,0.01813796915037934,1165,2508
2,T+13,1,19613,16562,0.8444399123030643,0.008444399123030643,1167,2486
2,T+13,2,19613,14952,0.762351501555091,0.01524703003110182,1167,2486
2,T+13,3,19613,13378,0.6820986080660786,0.020462958241982358,1167,2486
2,T+13,4,19613,11910,0.6072502931728956,0.024290011726915823,1167,2486
2,T+13,5,19613,10558,0.5383164227808086,0.02691582113904043,1167,2486
2,T+13,6,19613,9275,0.4729006271350635,0.028374037628103806,1167,2486
2,T+13,7,19613,8177,0.41691735073675623,0.02918421455157294,1167,2486
2,T+13,8,19613,7182,0.3661856931626982,0.02929485545301586,1167,2486
2,T+13,9,19613,6359,0.32422372915923114,0.029180135624330802,1167,2486
2,T+13,10,19613,5608,0.28593279967368584,0.028593279967368587,1167,2486
2,T+13,11,19613,4912,0.2504461326671085,0.027549074593381937,1167,2486
2,T+13,12,19613,4366,0.222607454239535,0.0267128945087442,1167,2486
2,T+13,13,19613,3867,0.19716514556671597,0.025631468923673077,1167,2486
2,T+13,14,19613,3412,0.17396624687707132,0.024355274562789988,1167,2486
2,T+13,15,19613,3023,0.15413246316218834,0.02311986947432825,1167,2486
2,T+13,16,19613,2705,0.13791872737470046,0.02206699637995207,1167,2486
2,T+13,17,19613,2410,0.12287768316932647,0.0208892061387855,1167,2486
2,T+13,18,19613,2145,0.10936623667975323,0.01968592260235558,1167,2486
2,T+13,19,19613,1938,0.09881201244072808,0.018774282363738338,1167,2486
2,T+13,20,19613,1733,0.08835976138275634,0.01767195227655127,1167,2486
3,T+13,1,19348,16260,0.8403969402522224,0.008403969402522225,1164,2470
3,T+13,2,19348,14742,0.7619392185238785,0.01523878437047757,1164,2470
3,T+13,3,19348,13226,0.683584866652884,0.02050754599958652,1164,2470
3,T+13,4,19348,11752,0.6074012817862311,0.024296051271449244,1164,2470
3,T+13,5,19348,10354,0.5351457514988629,0.026757287574943146,1164,2470
3,T+13,6,19348,9132,0.4719867686582592,0.028319206119495552,1164,2470
3,T+13,7,19348,8081,0.4176659086210461,0.029236613603473228,1164,2470
3,T+13,8,19348,7110,0.3674798428778168,0.029398387430225346,1164,2470
3,T+13,9,19348,6288,0.32499483150713254,0.029249534835641928,1164,2470
3,T+13,10,19348,5569,0.28783336778995244,0.028783336778995246,1164,2470
3,T+13,11,19348,4922,0.2543932189373579,0.02798325408310937,1164,2470
3,T+13,12,19348,4372,0.22596650816621874,0.027115980979946247,1164,2470
3,T+13,13,19348,3872,0.20012404382881951,0.02601612569774654,1164,2470
3,T+13,14,19348,3429,0.1772276204258838,0.024811866859623735,1164,2470
3,T+13,15,19348,3085,0.15944800496175315,0.023917200744262974,1164,2470
3,T+13,16,19348,2761,0.14270208807111845,0.022832334091378952,1164,2470
3,T+13,17,19348,2481,0.1282303080421749,0.021799152367169734,1164,2470
3,T+13,18,19348,2224,0.1149472813727517,0.020690510647095307,1164,2470
3,T+13,19,19348,1986,0.10264626834814967,0.01950279098614844,1164,2470
3,T+13,20,19348,1799,0.09298118668596238,0.018596237337192477,1164,2470
4,T+13,1,19106,16095,0.8424055270595624,0.008424055270595624,1167,2442
4,T+13,2,19106,14599,0.7641055165916466,0.015282110331832932,1167,2442
4,T+13,3,19106,13083,0.6847587145399351,0.020542761436198053,1167,2442
4,T+13,4,19106,11704,0.6125824348372239,0.024503297393488953,1167,2442
4,T+13,5,19106,10315,0.5398827593426149,0.026994137967130745,1167,2442
4,T+13,6,19106,9177,0.4803203182246415,0.02881921909347849,1167,2442
4,T+13,7,19106,8166,0.42740500366377054,0.02991835025646394,1167,2442
4,T+13,8,19106,7222,0.3779964409086151,0.03023971527268921,1167,2442
4,T+13,9,19106,6386,0.33424055270595626,0.03008164974353606,1167,2442
4,T+13,10,19106,5640,0.2951952266303779,0.02951952266303779,1167,2442
4,T+13,11,19106,4977,0.26049408562755155,0.02865434941903067,1167,2442
4,T+13,12,19106,4418,0.23123626086046267,0.02774835130325552,1167,2442
4,T+13,13,19106,3928,0.20558986705746884,0.026726682717470952,1167,2442
4,T+13,14,19106,3455,0.18083324610070134,0.02531665445409819,1167,2442
4,T+13,15,19106,3094,0.16193865801318957,0.024290798701978436,1167,2442
4,T+13,16,19106,2738,0.1433057678216267,0.022928922851460275,1167,2442
4,T+13,17,19106,2452,0.1283366481733487,0.02181723018946928,1167,2442
4,T+13,18,19106,2185,0.11436198052967654,0.02058515649534178,1167,2442
4,T+13,19,19106,1969,0.10305663142468334,0.019580759970689834,1167,2442
4,T+13,20,19106,1786,0.093478488432953,0.0186956976865906,1167,2442
5,T+13,1,18906,15790,0.8351845974822808,0.008351845974822808,1164,2430
5,T+13,2,18906,14357,0.7593885538982333,0.015187771077964667,1164,2430
5,T+13,3,18906,12939,0.6843859092351634,0.020531577277054902,1164,2430
5,T+13,4,18906,11586,0.6128213265629959,0.024512853062519838,1164,2430
5,T+13,5,18906,10300,0.5448005924045277,0.027240029620226387,1164,2430
5,T+13,6,18906,9136,0.48323283613667617,0.02899397016820057,1164,2430
5,T+13,7,18906,8127,0.42986353538559186,0.030090447476991432,1164,2430
5,T+13,8,18906,7215,0.38162488099016184,0.030529990479212947,1164,2430
5,T+13,9,18906,6433,0.34026235057653653,0.030623611551888287,1164,2430
5,T+13,10,18906,5678,0.30032793822067066,0.03003279382206707,1164,2430
5,T+13,11,18906,5048,0.26700518353961705,0.029370570189357875,1164,2430
5,T+13,12,18906,4474,0.2366444514968793,0.028397334179625516,1164,2430
5,T+13,13,18906,3974,0.21019782079763039,0.027325716703691952,1164,2430
5,T+13,14,18906,3518,0.18607849359991538,0.026050989103988155,1164,2430
5,T+13,15,18906,3185,0.1684650375542156,0.02526975563313234,1164,2430
5,T+13,16,18906,2853,0.1509044747699143,0.024144715963186292,1164,2430
5,T+13,17,18906,2547,0.13471913678197397,0.022902253252935576,1164,2430
5,T+13,18,18906,2299,0.12160160795514652,0.02188828943192637,1164,2430
5,T+13,19,18906,2085,0.11028245001586798,0.020953665503014918,1164,2430
5,T+13,20,18906,1903,0.10065587644134137,0.020131175288268275,1164,2430
6,T+13,1,18764,15897,0.8472074184608825,0.008472074184608826,1168,2399
6,T+13,2,18764,14496,0.7725431677680665,0.015450863355361331,1168,2399
6,T+13,3,18764,13031,0.6944681304625879,0.020834043913877637,1168,2399
6,T+13,4,18764,11667,0.6217757407802175,0.0248710296312087,1168,2399
6,T+13,5,18764,10394,0.5539330633127265,0.027696653165636326,1168,2399
6,T+13,6,18764,9242,0.4925389042848007,0.02955233425708804,1168,2399
6,T+13,7,18764,8221,0.4381261991046685,0.030668833937326796,1168,2399
6,T+13,8,18764,7319,0.3900554252824558,0.031204434022596463,1168,2399
6,T+13,9,18764,6478,0.345235557450437,0.03107120017053933,1168,2399
6,T+13,10,18764,5717,0.30467917288424645,0.030467917288424646,1168,2399
6,T+13,11,18764,5076,0.27051801321679814,0.029756981453847794,1168,2399
6,T+13,12,18764,4510,0.24035386911106374,0.02884246429332765,1168,2399
6,T+13,13,18764,4030,0.21477296951609465,0.027920486037092306,1168,2399
6,T+13,14,18764,3602,0.19196333404391389,0.026874866766147948,1168,2399
6,T+13,15,18764,3224,0.17181837561287572,0.025772756341931356,1168,2399
6,T+13,16,18764,2867,0.15279258153911746,0.024446813046258793,1168,2399
6,T+13,17,18764,2537,0.1352057130675762,0.022984971221487956,1168,2399
6,T+13,18,18764,2292,0.12214879556597741,0.021986783201875932,1168,2399
6,T+13,19,18764,2051,0.10930505222767001,0.020767959923257303,1168,2399
6,T+13,20,18764,1853,0.09875293114474526,0.019750586228949055,1168,2399
7,T+13,1,18623,15863,0.8517961660312516,0.008517961660312516,1165,2385
7,T+13,2,18623,14524,0.7798958277398915,0.01559791655479783,1165,2385
7,T+13,3,18623,13102,0.7035386350212103,0.021106159050636307,1165,2385
7,T+13,4,18623,11694,0.6279332008806314,0.025117328035225258,1165,2385
7,T+13,5,18623,10409,0.5589325028190947,0.027946625140954737,1165,2385
7,T+13,6,18623,9217,0.49492562959780917,0.029695537775868548,1165,2385
7,T+13,7,18623,8132,0.4366643397948773,0.03056650378564141,1165,2385
7,T+13,8,18623,7241,0.38882027600279223,0.03110562208022338,1165,2385
7,T+13,9,18623,6460,0.34688288675293993,0.031219459807764593,1165,2385
7,T+13,10,18623,5692,0.30564355903989693,0.030564355903989694,1165,2385
7,T+13,11,18623,5078,0.2726735756859797,0.029994093325457768,1165,2385
7,T+13,12,18623,4545,0.2440530526767975,0.029286366321215698,1165,2385
7,T+13,13,18623,4071,0.21860065510390378,0.02841808516350749,1165,2385
7,T+13,14,18623,3636,0.19524244214143802,0.027333941899801324,1165,2385
7,T+13,15,18623,3232,0.173548837459056,0.0260323256188584,1165,2385
7,T+13,16,18623,2920,0.1567953605756323,0.025087257692101166,1165,2385
7,T+13,17,18623,2616,0.14047146002255276,0.02388014820383397,1165,2385
7,T+13,18,18623,2371,0.1273156849057617,0.022916823283037104,1165,2385
7,T+13,19,18623,2137,0.1147505772431939,0.02180260967620684,1165,2385
7,T+13,20,18623,1925,0.10336680448907265,0.020673360897814533,1165,2385
0,T+14,1,20106,17057,0.8483537252561425,0.008483537252561426,1166,2523
0,T+14,2,20106,15488,0.7703173182134686,0.015406346364269373,1166,2523
0,T+14,3,20106,13841,0.688401472197354,0.02065204416592062,1166,2523
0,T+14,4,20106,12325,0.6130010942007361,0.024520043768029444,1166,2523
0,T+14,5,20106,10965,0.5453595941509997,0.027267979707549985,1166,2523
0,T+14,6,20106,9678,0.4813488510892271,0.028880931065353624,1166,2523
0,T+14,7,20106,8523,0.42390331244404655,0.029673231871083262,1166,2523
0,T+14,8,20106,7573,0.3766537352034219,0.030132298816273752,1166,2523
0,T+14,9,20106,6673,0.3318909778175669,0.029870188003581016,1166,2523
0,T+14,10,20106,5911,0.29399184323087635,0.029399184323087635,1166,2523
0,T+14,11,20106,5269,0.26206107629563313,0.028826718392519646,1166,2523
0,T+14,12,20106,4663,0.23192081965582415,0.027830498358698896,1166,2523
0,T+14,13,20106,4165,0.20715209390231773,0.026929772207301306,1166,2523
0,T+14,14,20106,3745,0.18626280712225207,0.02607679299711529,1166,2523
0,T+14,15,20106,3371,0.16766139460857454,0.02514920919128618,1166,2523
0,T+14,16,20106,2991,0.14876156371232468,0.02380185019397195,1166,2523
0,T+14,17,20106,2669,0.13274644384760767,0.022566895454093305,1166,2523
0,T+14,18,20106,2383,0.11852183427832488,0.021333930170098478,1166,2523
0,T+14,19,20106,2149,0.10688351735800258,0.02030786829802049,1166,2523
0,T+14,20,20106,1944,0.09668755595344673,0.019337511190689348,1166,2523
1,T+14,1,19877,16819,0.8461538461538461,0.008461538461538461,1164,2506
1,T+14,2,19877,15322,0.7708406701212457,0.015416813402424914,1164,2506
1,T+14,3,19877,13743,0.6914021230567993,0.020742063691703977,1164,2506
1,T+14,4,19877,12245,0.6160386376213715,0.02464154550485486,1164,2506
1,T+14,5,19877,10850,0.5458570206771646,0.02729285103385823,1164,2506
1,T+14,6,19877,9615,0.48372490818533986,0.02902349449112039,1164,2506
1,T+14,7,19877,8558,0.43054786939679024,0.03013835085777532,1164,2506
1,T+14,8,19877,7604,0.3825526990994617,0.030604215927956938,1164,2506
1,T+14,9,19877,6802,0.34220455803189614,0.03079841022287065,1164,2506
1,T+14,10,19877,6034,0.30356693666046186,0.030356693666046188,1164,2506
1,T+14,11,19877,5336,0.2684509734869447,0.029529607083563916,1164,2506
1,T+14,12,19877,4769,0.23992554208381547,0.028791065050057855,1164,2506
1,T+14,13,19877,4273,0.2149720782814308,0.027946370176586004,1164,2506
1,T+14,14,19877,3798,0.1910751119384213,0.026750515671378986,1164,2506
1,T+14,15,19877,3415,0.17180661065553152,0.025770991598329726,1164,2506
1,T+14,16,19877,3052,0.1535442974291895,0.024567087588670322,1164,2506
1,T+14,17,19877,2743,0.1379986919555265,0.023459777632439505,1164,2506
1,T+14,18,19877,2468,0.12416360617799467,0.022349449112039038,1164,2506
1,T+14,19,19877,2219,0.11163656487397494,0.02121094732605524,1164,2506
1,T+14,20,19877,1970,0.09910952356995523,0.019821904713991048,1164,2506
2,T+14,1,19604,16688,0.8512548459498062,0.008512548459498061,1166,2484
2,T+14,2,19604,15133,0.771934299122628,0.015438685982452561,1166,2484
2,T+14,3,19604,13663,0.696949602122016,0.02090848806366048,1166,2484
2,T+14,4,19604,12210,0.622832075086717,0.02491328300346868,1166,2484
2,T+14,5,19604,10843,0.5531014078759436,0.027655070393797183,1166,2484
2,T+14,6,19604,9573,0.48831871046725156,0.029299122628035093,1166,2484
2,T+14,7,19604,8492,0.4331769026729239,0.030322383187104677,1166,2484
2,T+14,8,19604,7507,0.3829320546827178,0.030634564374617423,1166,2484
2,T+14,9,19604,6662,0.33982860640685575,0.030584574576617018,1166,2484
2,T+14,10,19604,5909,0.3014180779432769,0.030141807794327694,1166,2484
2,T+14,11,19604,5198,0.2651499693940012,0.029166496633340134,1166,2484
2,T+14,12,19604,4643,0.23683942052642318,0.02842073046317078,1166,2484
2,T+14,13,19604,4141,0.21123240155070394,0.027460212201591512,1166,2484
2,T+14,14,19604,3654,0.1863905325443787,0.026094674556213022,1166,2484
2,T+14,15,19604,3246,0.16557845337686186,0.02483676800652928,1166,2484
2,T+14,16,19604,2911,0.14849010406039584,0.023758416649663334,1166,2484
2,T+14,17,19604,2601,0.13267700469291982,0.02255509079779637,1166,2484
2,T+14,18,19604,2321,0.11839420526423179,0.021310956947561722,1166,2484
2,T+14,19,19604,2116,0.10793715568251377,0.020508059579677617,1166,2484
2,T+14,20,19604,1901,0.09697000612119976,0.019394001224239954,1166,2484
3,T+14,1,19293,16320,0.8459026589954906,0.008459026589954906,1163,2466
3,T+14,2,19293,14882,0.7713678536256673,0.015427357072513347,1163,2466
3,T+14,3,19293,13391,0.6940859379049397,0.02082257813714819,1163,2466
3,T+14,4,19293,11941,0.618929145285855,0.0247571658114342,1163,2466
3,T+14,5,19293,10602,0.5495257347224382,0.02747628673612191,1163,2466
3,T+14,6,19293,9375,0.48592753848546105,0.02915565230912766,1163,2466
3,T+14,7,19293,8358,0.43321411911055824,0.03032498833773908,1163,2466
3,T+14,8,19293,7386,0.38283315192038564,0.030626652153630852,1163,2466
3,T+14,9,19293,6569,0.3404861866998393,0.030643756802985537,1163,2466
3,T+14,10,19293,5847,0.30306328720261233,0.030306328720261233,1163,2466
3,T+14,11,19293,5196,0.2693204789301819,0.02962525268232001,1163,2466
3,T+14,12,19293,4632,0.24008707821489658,0.028810449385787588,1163,2466
3,T+14,13,19293,4105,0.21277147151816722,0.02766029129736174,1163,2466
3,T+14,14,19293,3637,0.188513968796973,0.02639195563157622,1163,2466
3,T+14,15,19293,3287,0.1703726740268491,0.025555901104027366,1163,2466
3,T+14,16,19293,2960,0.15342352148447624,0.0245477634375162,1163,2466
3,T+14,17,19293,2653,0.137511014357539,0.023376872440781633,1163,2466
3,T+14,18,19293,2378,0.12325713989529881,0.022186285181153786,1163,2466
3,T+14,19,19293,2139,0.11086922718084279,0.02106515316436013,1163,2466
3,T+14,20,19293,1953,0.10122842481729125,0.02024568496345825,1163,2466
4,T+14,1,19106,16192,0.8474824662409715,0.008474824662409714,1167,2442
4,T+14,2,19106,14760,0.7725321888412017,0.015450643776824034,1167,2442
4,T+14,3,19106,13295,0.6958547053281692,0.020875641159845075,1167,2442
4,T+14,4,19106,11967,0.626347744164137,0.02505390976656548,1167,2442
4,T+14,5,19106,10608,0.5552182560452213,0.02776091280226107,1167,2442
4,T+14,6,19106,9491,0.4967549460902334,0.029805296765414005,1167,2442
4,T+14,7,19106,8483,0.44399665026693186,0.031079765518685232,1167,2442
4,T+14,8,19106,7524,0.39380299382392964,0.03150423950591437,1167,2442
4,T+14,9,19106,6687,0.349994766042081,0.03149952894378729,1167,2442
4,T+14,10,19106,5953,0.3115775149167801,0.03115775149167801,1167,2442
4,T+14,11,19106,5291,0.2769287134931435,0.03046215848424579,1167,2442
4,T+14,12,19106,4704,0.24620538050874072,0.029544645661048884,1167,2442
4,T+14,13,19106,4211,0.22040196796817754,0.02865225583586308,1167,2442
4,T+14,14,19106,3712,0.19428451795247567,0.027199832513346598,1167,2442
4,T+14,15,19106,3338,0.1747095153354967,0.026206427300324502,1167,2442
4,T+14,16,19106,2972,0.155553229352036,0.02488851669632576,1167,2442
4,T+14,17,19106,2667,0.1395896576991521,0.02373024180885586,1167,2442
4,T+14,18,19106,2396,0.12540563173872082,0.02257301371296975,1167,2442
4,T+14,19,19106,2149,0.11247775567884434,0.021370773578980425,1167,2442
4,T+14,20,19106,1946,0.10185282110331834,0.02037056422066367,1167,2442
5,T+14,1,18903,15906,0.8414537375019838,0.008414537375019838,1163,2430
5,T+14,2,18903,14520,0.7681320425329313,0.015362640850658627,1163,2430
5,T+14,3,18903,13144,0.6953393641220971,0.020860180923662913,1163,2430
5,T+14,4,18903,11811,0.6248214569116013,0.024992858276464053,1163,2430
5,T+14,5,18903,10576,0.5594879119716447,0.02797439559858224,1163,2430
5,T+14,6,18903,9446,0.49970904089297996,0.029982542453578797,1163,2430
5,T+14,7,18903,8462,0.44765381156430195,0.03133576680950114,1163,2430
5,T+14,8,18903,7545,0.3991429931756864,0.03193143945405491,1163,2430
5,T+14,9,18903,6754,0.3572977834206211,0.032156800507855895,1163,2430
5,T+14,10,18903,6002,0.317515738242607,0.0317515738242607,1163,2430
5,T+14,11,18903,5366,0.2838702851399249,0.03122573136539174,1163,2430
5,T+14,12,18903,4785,0.2531344231074433,0.03037613077289319,1163,2430
5,T+14,13,18903,4278,0.22631328360577685,0.029420726868750992,1163,2430
5,T+14,14,18903,3808,0.20144950536951806,0.02820293075173253,1163,2430
5,T+14,15,18903,3450,0.1825107125853039,0.027376606887795585,1163,2430
5,T+14,16,18903,3090,0.16346611648944612,0.02615457863831138,1163,2430
5,T+14,17,18903,2773,0.1466962915939269,0.024938369570967574,1163,2430
5,T+14,18,18903,2514,0.13299476273607364,0.023939057292493255,1163,2430
5,T+14,19,18903,2287,0.12098608686451887,0.022987356504258583,1163,2430
5,T+14,20,18903,2086,0.1103528540443316,0.02207057080886632,1163,2430
6,T+14,1,18762,15999,0.8527342500799489,0.008527342500799489,1167,2398
6,T+14,2,18762,14630,0.7797676153928152,0.015595352307856305,1167,2398
6,T+14,3,18762,13215,0.7043492165014391,0.021130476495043172,1167,2398
6,T+14,4,18762,11923,0.6354866218953203,0.025419464875812814,1167,2398
6,T+14,5,18762,10648,0.5675301140603347,0.02837650570301674,1167,2398
6,T+14,6,18762,9531,0.5079948832747042,0.03047969299648225,1167,2398
6,T+14,7,18762,8516,0.4538961731158725,0.031772732118111074,1167,2398
6,T+14,8,18762,7636,0.4069928579042746,0.032559428632341965,1167,2398
6,T+14,9,18762,6780,0.36136872401662934,0.03252318516149664,1167,2398
6,T+14,10,18762,6012,0.3204349216501439,0.03204349216501439,1167,2398
6,T+14,11,18762,5367,0.2860569235689159,0.031466261592580744,1167,2398
6,T+14,12,18762,4809,0.2563159577870163,0.03075791493444196,1167,2398
6,T+14,13,18762,4315,0.22998614220232386,0.029898198486302104,1167,2398
6,T+14,14,18762,3872,0.2063745869310308,0.028892442170344316,1167,2398
6,T+14,15,18762,3447,0.18372241765270228,0.02755836264790534,1167,2398
6,T+14,16,18762,3116,0.1660803752265217,0.02657286003624347,1167,2398
6,T+14,17,18762,2777,0.14801193902569024,0.025162029634367342,1167,2398
6,T+14,18,18762,2513,0.13394094446221086,0.024109370003197954,1167,2398
6,T+14,19,18762,2272,0.12109583200085279,0.023008208080162032,1167,2398
6,T+14,20,18762,2032,0.10830401876132609,0.021660803752265218,1167,2398
7,T+14,1,18573,15921,0.8572120820545954,0.008572120820545955,1164,2384
7,T+14,2,18573,14627,0.7875410542184892,0.015750821084369784,1164,2384
7,T+14,3,18573,13249,0.7133473321488182,0.021400419964464543,1164,2384
7,T+14,4,18573,11882,0.6397458676573521,0.025589834706294085,1164,2384
7,T+14,5,18573,10633,0.5724977117320842,0.028624885586604212,1164,2384
7,T+14,6,18573,9460,0.5093415172562321,0.030560491035373925,1164,2384
7,T+14,7,18573,8414,0.45302320572874605,0.031711624401012224,1164,2384
7,T+14,8,18573,7541,0.40601949065848275,0.03248155925267862,1164,2384
7,T+14,9,18573,6745,0.3631615786356539,0.03268454207720885,1164,2384
7,T+14,10,18573,5966,0.32121897377914177,0.032121897377914176,1164,2384
7,T+14,11,18573,5342,0.28762181661551717,0.03163839982770689,1164,2384
7,T+14,12,18573,4793,0.25806277930328975,0.03096753351639477,1164,2384
7,T+14,13,18573,4314,0.23227265385236634,0.030195445000807626,1164,2384
7,T+14,14,18573,3851,0.20734399396974101,0.029028159155763743,1164,2384
7,T+14,15,18573,3436,0.1849997307920099,0.027749959618801483,1164,2384
7,T+14,16,18573,3114,0.1676627362300113,0.02682603779680181,1164,2384
7,T+14,17,18573,2783,0.14984116728584504,0.025472998438593658,1164,2384
7,T+14,18,18573,2523,0.13584235180100146,0.02445162332418026,1164,2384
7,T+14,19,18573,2282,0.12286652667851182,0.023344640068917247,1164,2384
7,T+14,20,18573,2056,0.11069832552630163,0.022139665105260328,1164,2384
0,T+15,1,20077,17142,0.853812820640534,0.00853812820640534,1165,2522
0,T+15,2,20077,15633,0.7786521890720726,0.015573043781441451,1165,2522
0,T+15,3,20077,14011,0.697863226577676,0.020935896797330277,1165,2522
0,T+15,4,20077,12526,0.6238979927279972,0.024955919709119888,1165,2522
0,T+15,5,20077,11175,0.5566070628081885,0.027830353140409426,1165,2522
0,T+15,6,20077,9920,0.49409772376351047,0.029645863425810628,1165,2522
0,T+15,7,20077,8806,0.4386113463166808,0.03070279424216766,1165,2522
0,T+15,8,20077,7856,0.39129351994819944,0.031303481595855956,1165,2522
0,T+15,9,20077,6939,0.3456193654430443,0.031105742889873986,1165,2522
0,T+15,10,20077,6174,0.30751606315684615,0.030751606315684618,1165,2522
0,T+15,11,20077,5531,0.27548936594112666,0.03030383025352393,1165,2522
0,T+15,12,20077,4917,0.24490710763560292,0.02938885291627235,1165,2522
0,T+15,13,20077,4388,0.2185585495841012,0.028412611445933156,1165,2522
0,T+15,14,20077,3964,0.19743985655227375,0.02764157991731833,1165,2522
0,T+15,15,20077,3583,0.1784629177665986,0.02676943766498979,1165,2522
0,T+15,16,20077,3189,0.15883847188324948,0.025414155501319917,1165,2522
0,T+15,17,20077,2848,0.1418538626288788,0.0241151566469094,1165,2522
0,T+15,18,20077,2564,0.12770832295661702,0.022987498132191062,1165,2522
0,T+15,19,20077,2322,0.11565472929222494,0.02197439856552274,1165,2522
0,T+15,20,20077,2093,0.1042486427255068,0.02084972854510136,1165,2522
1,T+15,1,19869,16920,0.8515778348180583,0.008515778348180583,1163,2505
1,T+15,2,19869,15470,0.7785998288791585,0.01557199657758317,1163,2505
1,T+15,3,19869,13942,0.7016961095173385,0.021050883285520156,1163,2505
1,T+15,4,19869,12492,0.6287181035784388,0.025148724143137555,1163,2505
1,T+15,5,19869,11131,0.5602194373144094,0.02801097186572047,1163,2505
1,T+15,6,19869,9928,0.4996728572147567,0.0299803714328854,1163,2505
1,T+15,7,19869,8858,0.4458201217977754,0.03120740852584428,1163,2505
1,T+15,8,19869,7886,0.39689969298907846,0.03175197543912628,1163,2505
1,T+15,9,19869,7091,0.3568876138708541,0.03211988524837687,1163,2505
1,T+15,10,19869,6318,0.3179827872565303,0.03179827872565303,1163,2505
1,T+15,11,19869,5631,0.28340631133927224,0.03117469424731995,1163,2505
1,T+15,12,19869,5029,0.25310785645981176,0.030372942775177412,1163,2505
1,T+15,13,19869,4530,0.2279933564849766,0.02963913634304696,1163,2505
1,T+15,14,19869,4041,0.20338215310282348,0.02847350143439529,1163,2505
1,T+15,15,19869,3642,0.183300619054809,0.027495092858221347,1163,2505
1,T+15,16,19869,3256,0.16387337057728119,0.02621973929236499,1163,2505
1,T+15,17,19869,2930,0.14746590165584578,0.025069203281493785,1163,2505
1,T+15,18,19869,2645,0.13312194876440686,0.023961950777593236,1163,2505
1,T+15,19,19869,2393,0.12043887462881876,0.022883386179475565,1163,2505
1,T+15,20,19869,2146,0.10800744878957169,0.02160148975791434,1163,2505
2,T+15,1,19554,16751,0.8566533701544441,0.008566533701544442,1165,2480
2,T+15,2,19554,15241,0.7794313184003273,0.015588626368006547,1165,2480
2,T+15,3,19554,13801,0.7057890968599775,0.021173672905799322,1165,2480
2,T+15,4,19554,12371,0.6326582796358802,0.025306331185435207,1165,2480
2,T+15,5,19554,11073,0.5662779993863148,0.028313899969315742,1165,2480
2,T+15,6,19554,9834,0.5029150046026388,0.03017490027615833,1165,2480
2,T+15,7,19554,8768,0.4483993044901299,0.0313879513143091,1165,2480
2,T+15,8,19554,7777,0.39771913674951415,0.03181753093996113,1165,2480
2,T+15,9,19554,6929,0.35435205073130815,0.03189168456581773,1165,2480
2,T+15,10,19554,6173,0.3156898844226245,0.031568988442262455,1165,2480
2,T+15,11,19554,5454,0.27891991408407485,0.030681190549248234,1165,2480
2,T+15,12,19554,4887,0.24992328935256214,0.029990794722307455,1165,2480
2,T+15,13,19554,4368,0.22338140533906106,0.02903958269407794,1165,2480
2,T+15,14,19554,3872,0.19801575125294058,0.02772220517541168,1165,2480
2,T+15,15,19554,3447,0.17628106781221234,0.02644216017183185,1165,2480
2,T+15,16,19554,3082,0.15761481026899868,0.02521836964303979,1165,2480
2,T+15,17,19554,2769,0.14160785517029764,0.0240733353789506,1165,2480
2,T+15,18,19554,2479,0.1267771299989772,0.022819883399815895,1165,2480
2,T+15,19,19554,2255,0.11532167331492278,0.021911117929835328,1165,2480
2,T+15,20,19554,2032,0.10391735706249361,0.020783471412498724,1165,2480
3,T+15,1,19293,16405,0.8503084020110921,0.008503084020110921,1163,2466
3,T+15,2,19293,15031,0.7790908619706629,0.015581817239413258,1163,2466
3,T+15,3,19293,13594,0.7046078888716115,0.021138236666148346,1163,2466
3,T+15,4,19293,12182,0.6314207225418546,0.025256828901674182,1163,2466
3,T+15,5,19293,10870,0.5634167832892759,0.028170839164463796,1163,2466
3,T+15,6,19293,9675,0.5014772197169958,0.030088633183019745,1163,2466
3,T+15,7,19293,8643,0.4479863162805163,0.03135904213963614,1163,2466
3,T+15,8,19293,7697,0.39895298813040997,0.031916239050432796,1163,2466
3,T+15,9,19293,6865,0.35582853884828697,0.03202456849634583,1163,2466
3,T+15,10,19293,6134,0.3179391489141139,0.03179391489141139,1163,2466
3,T+15,11,19293,5476,0.28383351474628105,0.031221686622090915,1163,2466
3,T+15,12,19293,4913,0.25465194630176746,0.030558233556212094,1163,2466
3,T+15,13,19293,4391,0.227595500958897,0.02958741512465661,1163,2466
3,T+15,14,19293,3888,0.2015238687606904,0.02821334162649666,1163,2466
3,T+15,15,19293,3530,0.18296791582439226,0.02744518737365884,1163,2466
3,T+15,16,19293,3176,0.16461929197118125,0.026339086715389,1163,2466
3,T+15,17,19293,2862,0.14834395894884156,0.025218473021303065,1163,2466
3,T+15,18,19293,2563,0.13284610998807858,0.023912299797854145,1163,2466
3,T+15,19,19293,2317,0.12009537137822009,0.022818120561861818,1163,2466
3,T+15,20,19293,2113,0.10952158814077645,0.02190431762815529,1163,2466
4,T+15,1,19103,16281,0.8522745118567764,0.008522745118567763,1166,2442
4,T+15,2,19103,14911,0.7805580275349422,0.015611160550698845,1166,2442
4,T+15,3,19103,13476,0.7054389362927289,0.021163168088781867,1166,2442
4,T+15,4,19103,12175,0.6373344500863739,0.025493378003454956,1166,2442
4,T+15,5,19103,10871,0.5690729204836936,0.02845364602418468,1166,2442
4,T+15,6,19103,9780,0.5119614720201016,0.030717688321206093,1166,2442
4,T+15,7,19103,8796,0.460451238025441,0.03223158666178087,1166,2442
4,T+15,8,19103,7834,0.41009265560383185,0.032807412448306546,1166,2442
4,T+15,9,19103,6991,0.365963461236455,0.03293671151128095,1166,2442
4,T+15,10,19103,6252,0.32727843794168454,0.03272784379416845,1166,2442
4,T+15,11,19103,5582,0.29220541276239337,0.03214259540386327,1166,2442
4,T+15,12,19103,4987,0.26105847249123176,0.03132701669894781,1166,2442
4,T+15,13,19103,4499,0.23551274668900174,0.030616657069570227,1166,2442
4,T+15,14,19103,4017,0.21028110767942207,0.029439355075119092,1166,2442
4,T+15,15,19103,3618,0.18939433596817254,0.02840915039522588,1166,2442
4,T+15,16,19103,3234,0.1692927812385489,0.027086844998167825,1166,2442
4,T+15,17,19103,2903,0.15196565984400356,0.02583416217348061,1166,2442
4,T+15,18,19103,2623,0.13730827618698635,0.024715489713657543,1166,2442
4,T+15,19,19103,2373,0.12422132649322096,0.023602052033711983,1166,2442
4,T+15,20,19103,2143,0.11218133277495682,0.022436266554991365,1166,2442
5,T+15,1,18901,16011,0.847098037140892,0.00847098037140892,1162,2429
5,T+15,2,18901,14658,0.7755145230411089,0.015510290460822179,1162,2429
5,T+15,3,18901,13335,0.7055182265488599,0.021165546796465796,1162,2429
5,T+15,4,18901,12058,0.6379556637214963,0.02551822654885985,1162,2429
5,T+15,5,18901,10842,0.5736204433627851,0.028681022168139253,1162,2429
5,T+15,6,18901,9721,0.5143114120945982,0.03085868472567589,1162,2429
5,T+15,7,18901,8754,0.46315009787841915,0.032420506851489346,1162,2429
5,T+15,8,18901,7833,0.41442251732712554,0.033153801386170044,1162,2429
5,T+15,9,18901,7018,0.3713031056557854,0.03341727950902068,1162,2429
5,T+15,10,18901,6263,0.33135812919951324,0.033135812919951324,1162,2429
5,T+15,11,18901,5632,0.29797365218771493,0.03277710174064864,1162,2429
5,T+15,12,18901,5061,0.2677636103909846,0.03213163324691815,1162,2429
5,T+15,13,18901,4557,0.24109835458441353,0.03134278609597376,1162,2429
5,T+15,14,18901,4068,0.21522670758160944,0.030131739061425324,1162,2429
5,T+15,15,18901,3694,0.19543939474101898,0.029315909211152846,1162,2429
5,T+15,16,18901,3330,0.17618115443627322,0.028188984709803716,1162,2429
5,T+15,17,18901,3005,0.1589862970213216,0.027027670493624676,1162,2429
5,T+15,18,18901,2732,0.14454261679276229,0.02601767102269721,1162,2429
5,T+15,19,18901,2492,0.13184487593249034,0.025050526427173165,1162,2429
5,T+15,20,18901,2282,0.1207343526797524,0.02414687053595048,1162,2429
6,T+15,1,18714,16049,0.8575932456984076,0.008575932456984075,1166,2396
6,T+15,2,18714,14717,0.7864165865127711,0.015728331730255424,1166,2396
6,T+15,3,18714,13338,0.7127284386021161,0.02138185315806348,1166,2396
6,T+15,4,18714,12087,0.6458800897723629,0.025835203590894515,1166,2396
6,T+15,5,18714,10848,0.5796729721064444,0.028983648605322224,1166,2396
6,T+15,6,18714,9774,0.522282782943251,0.03133696697659506,1166,2396
6,T+15,7,18714,8769,0.46857967297210645,0.03280057710804746,1166,2396
6,T+15,8,18714,7864,0.4202201560329165,0.03361761248263332,1166,2396
6,T+15,9,18714,7039,0.37613551351929037,0.03385219621673613,1166,2396
6,T+15,10,18714,6280,0.3355776424067543,0.033557764240675435,1166,2396
6,T+15,11,18714,5628,0.30073741583840974,0.033081115742225074,1166,2396
6,T+15,12,18714,5051,0.2699048840440312,0.03238858608528374,1166,2396
6,T+15,13,18714,4555,0.24340066260553597,0.031642086138719674,1166,2396
6,T+15,14,18714,4090,0.21855295500694666,0.030597413700972534,1166,2396
6,T+15,15,18714,3656,0.19536176124826332,0.029304264187239498,1166,2396
6,T+15,16,18714,3303,0.17649887784546328,0.028239820455274126,1166,2396
6,T+15,17,18714,2935,0.15683445548787003,0.02666185743293791,1166,2396
6,T+15,18,18714,2667,0.14251362616223148,0.025652452709201665,1166,2396
6,T+15,19,18714,2425,0.12958213102490115,0.02462060489473122,1166,2396
6,T+15,20,18714,2177,0.11633002030565352,0.023266004061130705,1166,2396
7,T+15,1,18572,16000,0.8615119534783545,0.008615119534783545,1163,2384
7,T+15,2,18572,14754,0.7944217101012276,0.015888434202024553,1163,2384
7,T+15,3,18572,13418,0.722485461985785,0.02167456385957355,1163,2384
7,T+15,4,18572,12078,0.6503338358819729,0.026013353435278917,1163,2384
7,T+15,5,18572,10846,0.5839974154641395,0.029199870773206977,1163,2384
7,T+15,6,18572,9700,0.5222916217962524,0.031337497307775145,1163,2384
7,T+15,7,18572,8672,0.46693947878526815,0.032685763514968776,1163,2384
7,T+15,8,18572,7779,0.4188563428817575,0.0335085074305406,1163,2384
7,T+15,9,18572,6980,0.37583458970493216,0.033825113073443894,1163,2384
7,T+15,10,18572,6239,0.33593581735946587,0.033593581735946586,1163,2384
7,T+15,11,18572,5610,0.3020676286883481,0.03322743915571829,1163,2384
7,T+15,12,18572,5065,0.2727223777729916,0.032726685332758985,1163,2384
7,T+15,13,18572,4574,0.2462847297006246,0.032017014861081196,1163,2384
7,T+15,14,18572,4107,0.2211393495584751,0.030959508938186518,1163,2384
7,T+15,15,18572,3688,0.19857850527676071,0.029786775791514106,1163,2384
7,T+15,16,18572,3351,0.18043290975662288,0.028869265561059662,1163,2384
7,T+15,17,18572,3003,0.16169502476846867,0.027488154210639677,1163,2384
7,T+15,18,18572,2719,0.14640318759422788,0.026352573766961016,1163,2384
7,T+15,19,18572,2459,0.13240361835020462,0.025156687486538876,1163,2384
7,T+15,20,18572,2226,0.11985785052767607,0.023971570105535217,1163,2384
0,T+16,1,20071,17233,0.8586019630312391,0.008586019630312391,1164,2522
0,T+16,2,20071,15754,0.7849135568731005,0.01569827113746201,1164,2522
0,T+16,3,20071,14197,0.7073389467390763,0.021220168402172286,1164,2522
0,T+16,4,20071,12745,0.6349957650341288,0.025399830601365154,1164,2522
0,T+16,5,20071,11434,0.5696776443625131,0.02848388221812566,1164,2522
0,T+16,6,20071,10198,0.508096258283095,0.0304857754969857,1164,2522
0,T+16,7,20071,9088,0.45279258631856906,0.031695481042299835,1164,2522
0,T+16,8,20071,8164,0.4067560161426934,0.03254048129141547,1164,2522
0,T+16,9,20071,7234,0.36042050719944196,0.03243784564794978,1164,2522
0,T+16,10,20071,6430,0.32036271237108266,0.03203627123710827,1164,2522
0,T+16,11,20071,5785,0.2882267948781825,0.03170494743660007,1164,2522
0,T+16,12,20071,5163,0.2572368093268895,0.030868417119226742,1164,2522
0,T+16,13,20071,4629,0.23063125903044193,0.029982063673957452,1164,2522
0,T+16,14,20071,4185,0.20850979024463157,0.029191370634248422,1164,2522
0,T+16,15,20071,3785,0.18858053908624384,0.028287080862936576,1164,2522
0,T+16,16,20071,3393,0.16904987295102386,0.027047979672163817,1164,2522
0,T+16,17,20071,3042,0.15156195505953865,0.025765532360121572,1164,2522
0,T+16,18,20071,2741,0.13656519356285188,0.024581734841313336,1164,2522
0,T+16,19,20071,2477,0.12341188779831598,0.023448258681680035,1164,2522
0,T+16,20,20071,2259,0.11255044591699467,0.022510089183398935,1164,2522
1,T+16,1,19813,16977,0.8568616564881644,0.008568616564881644,1162,2501
1,T+16,2,19813,15561,0.785393428557008,0.01570786857114016,1162,2501
1,T+16,3,19813,14064,0.7098369757230102,0.021295109271690305,1162,2501
1,T+16,4,19813,12656,0.6387725230908999,0.025550900923636,1162,2501
1,T+16,5,19813,11314,0.5710392166759198,0.028551960833795992,1162,2501
1,T+16,6,19813,10135,0.5115328319790037,0.03069196991874022,1162,2501
1,T+16,7,19813,9101,0.4593448745772977,0.032154141220410846,1162,2501
1,T+16,8,19813,8118,0.4097309847070105,0.03277847877656084,1162,2501
1,T+16,9,19813,7313,0.36910109524049867,0.03321909857164488,1162,2501
1,T+16,10,19813,6551,0.33064149800635945,0.03306414980063595,1162,2501
1,T+16,11,19813,5836,0.294554080654116,0.03240094887195276,1162,2501
1,T+16,12,19813,5237,0.2643214051380407,0.031718568616564885,1162,2501
1,T+16,13,19813,4731,0.23878261747337606,0.03104174027153889,1162,2501
1,T+16,14,19813,4248,0.21440468379346894,0.030016655731085654,1162,2501
1,T+16,15,19813,3827,0.19315600868116892,0.028973401302175336,1162,2501
1,T+16,16,19813,3424,0.1728158279917226,0.027650532478675615,1162,2501
1,T+16,17,19813,3079,0.15540301822036037,0.026418513097461266,1162,2501
1,T+16,18,19813,2787,0.14066521980517843,0.025319739564932116,1162,2501
1,T+16,19,19813,2532,0.1277948821480846,0.024281027608136073,1162,2501
1,T+16,20,19813,2279,0.11502548831575228,0.023005097663150457,1162,2501
2,T+16,1,19554,16851,0.8617674133169684,0.008617674133169684,1165,2480
2,T+16,2,19554,15381,0.7865909788278613,0.015731819576557227,1165,2480
2,T+16,3,19554,13980,0.714943234120896,0.02144829702362688,1165,2480
2,T+16,4,19554,12583,0.6435000511404316,0.025740002045617265,1165,2480
2,T+16,5,19554,11315,0.5786539838396236,0.028932699191981184,1165,2480
2,T+16,6,19554,10109,0.5169786232995807,0.03101871739797484,1165,2480
2,T+16,7,19554,9038,0.46220722102894546,0.03235450547202619,1165,2480
2,T+16,8,19554,8067,0.4125498619208346,0.03300398895366677,1165,2480
2,T+16,9,19554,7222,0.3693361971975043,0.033240257747775385,1165,2480
2,T+16,10,19554,6456,0.3301626265725683,0.03301626265725683,1165,2480
2,T+16,11,19554,5738,0.29344379666564385,0.032278817633220824,1165,2480
2,T+16,12,19554,5160,0.26388462718625344,0.031666155262350414,1165,2480
2,T+16,13,19554,4640,0.23729160274112712,0.030847908356346525,1165,2480
2,T+16,14,19554,4123,0.21085199959087655,0.029519279942722722,1165,2480
2,T+16,15,19554,3683,0.18835020967576965,0.028252531451365446,1165,2480
2,T+16,16,19554,3298,0.16866114350005115,0.026985782960008184,1165,2480
2,T+16,17,19554,2978,0.1522962053799734,0.02589035491459548,1165,2480
2,T+16,18,19554,2678,0.13695407589240052,0.024651733660632093,1165,2480
2,T+16,19,19554,2445,0.12503835532371893,0.023757287511506596,1165,2480
2,T+16,20,19554,2215,0.11327605604991306,0.022655211209982613,1165,2480
3,T+16,1,19290,16510,0.855883877656817,0.00855883877656817,1162,2466
3,T+16,2,19290,15161,0.7859512700881286,0.015719025401762572,1162,2466
3,T+16,3,19290,13780,0.7143597719025402,0.021430793157076206,1162,2466
3,T+16,4,19290,12389,0.6422498703991706,0.025689994815966823,1162,2466
3,T+16,5,19290,11101,0.5754795230689477,0.028773976153447386,1162,2466
3,T+16,6,19290,9946,0.5156039398652151,0.030936236391912907,1162,2466
3,T+16,7,19290,8937,0.46329704510108866,0.032430793157076206,1162,2466
3,T+16,8,19290,7979,0.41363400725764643,0.033090720580611716,1162,2466
3,T+16,9,19290,7151,0.3707102125453603,0.033363919129082424,1162,2466
3,T+16,10,19290,6425,0.3330741316744427,0.033307413167444275,1162,2466
3,T+16,11,19290,5753,0.2982374287195438,0.032806117159149814,1162,2466
3,T+16,12,19290,5188,0.2689476412649041,0.03227371695178849,1162,2466
3,T+16,13,19290,4655,0.24131674442716433,0.03137117677553136,1162,2466
3,T+16,14,19290,4163,0.21581130119232764,0.03021358216692587,1162,2466
3,T+16,15,19290,3775,0.19569725246241576,0.02935458786936236,1162,2466
3,T+16,16,19290,3417,0.1771384136858476,0.028342146189735615,1162,2466
3,T+16,17,19290,3103,0.16086054950751685,0.027346293416277867,1162,2466
3,T+16,18,19290,2808,0.14556765163297045,0.02620217729393468,1162,2466
3,T+16,19,19290,2536,0.1314670813893209,0.02497874546397097,1162,2466
3,T+16,20,19290,2315,0.12001036806635562,0.024002073613271127,1162,2466
4,T+16,1,19101,16362,0.8566043662635464,0.008566043662635464,1165,2441
4,T+16,2,19101,15047,0.7877598031516675,0.01575519606303335,1165,2441
4,T+16,3,19101,13662,0.7152505104444793,0.02145751531333438,1165,2441
4,T+16,4,19101,12396,0.6489712580493168,0.025958850321972673,1165,2441
4,T+16,5,19101,11113,0.5818019998952935,0.029090099994764675,1165,2441
4,T+16,6,19101,10028,0.5249986911680017,0.0314999214700801,1165,2441
4,T+16,7,19101,9053,0.47395424323333857,0.0331767970263337,1165,2441
4,T+16,8,19101,8098,0.4239568608973352,0.033916548871786814,1165,2441
4,T+16,9,19101,7256,0.3798753991937595,0.034188785927438355,1165,2441
4,T+16,10,19101,6516,0.3411339720433485,0.03411339720433485,1165,2441
4,T+16,11,19101,5863,0.3069472802471075,0.033764200827181824,1165,2441
4,T+16,12,19101,5267,0.27574472540704675,0.03308936704884561,1165,2441
4,T+16,13,19101,4756,0.24899219936129,0.0323689859169677,1165,2441
4,T+16,14,19101,4271,0.2236008585937909,0.031304120203130725,1165,2441
4,T+16,15,19101,3857,0.20192660070153395,0.03028899010523009,1165,2441
4,T+16,16,19101,3471,0.18171823464740067,0.029074917543584107,1165,2441
4,T+16,17,19101,3124,0.1635516465106539,0.027803779906811165,1165,2441
4,T+16,18,19101,2827,0.1480027223705565,0.02664049002670017,1165,2441
4,T+16,19,19101,2561,0.13407674990838175,0.025474582482592534,1165,2441
4,T+16,20,19101,2336,0.12229726192345951,0.024459452384691903,1165,2441
5,T+16,1,18849,16058,0.8519284842697226,0.008519284842697226,1161,2425
5,T+16,2,18849,14735,0.7817390843015545,0.01563478168603109,1161,2425
5,T+16,3,18849,13445,0.7133004403416627,0.02139901321024988,1161,2425
5,T+16,4,18849,12225,0.6485755212478116,0.025943020849912464,1161,2425
5,T+16,5,18849,11018,0.5845402939147966,0.02922701469573983,1161,2425
5,T+16,6,18849,9925,0.5265531327921905,0.03159318796753143,1161,2425
5,T+16,7,18849,8959,0.47530372964082973,0.03327126107485808,1161,2425
5,T+16,8,18849,8057,0.4274497320812775,0.0341959785665022,1161,2425
5,T+16,9,18849,7272,0.3858029603692504,0.034722266433232535,1161,2425
5,T+16,10,18849,6512,0.34548251896652343,0.034548251896652345,1161,2425
5,T+16,11,18849,5884,0.3121651015969017,0.03433816117565919,1161,2425
5,T+16,12,18849,5280,0.28012096132420816,0.03361451535890498,1161,2425
5,T+16,13,18849,4786,0.25391267441243565,0.03300864767361664,1161,2425
5,T+16,14,18849,4294,0.22781049392540717,0.031893469149557006,1161,2425
5,T+16,15,18849,3907,0.20727890073743965,0.031091835110615945,1161,2425
5,T+16,16,18849,3519,0.1866942543371001,0.029871080693936018,1161,2425
5,T+16,17,18849,3159,0.16759509788317684,0.028491166640140064,1161,2425
5,T+16,18,18849,2867,0.15210355987055016,0.027378640776699027,1161,2425
5,T+16,19,18849,2620,0.1389994164146639,0.026409889118786143,1161,2425
5,T+16,20,18849,2408,0.12775213539179797,0.025550427078359597,1161,2425
6,T+16,1,18713,16128,0.8618607385240208,0.008618607385240208,1165,2396
6,T+16,2,18713,14835,0.7927643883930957,0.015855287767861916,1165,2396
6,T+16,3,18713,13493,0.7210495377545022,0.021631486132635065,1165,2396
6,T+16,4,18713,12265,0.6554267087051783,0.026217068348207133,1165,2396
6,T+16,5,18713,11059,0.5909795329450115,0.029548976647250577,1165,2396
6,T+16,6,18713,9983,0.5334793993480468,0.032008763960882806,1165,2396
6,T+16,7,18713,9011,0.4815368994816438,0.033707582963715066,1165,2396
6,T+16,8,18713,8122,0.4340298188425159,0.034722385507401275,1165,2396
6,T+16,9,18713,7297,0.38994282049911827,0.03509485384492064,1165,2396
6,T+16,10,18713,6534,0.3491690268797093,0.03491690268797093,1165,2396
6,T+16,11,18713,5899,0.3152353978517608,0.03467589376369369,1165,2396
6,T+16,12,18713,5306,0.2835461978303853,0.03402554373964624,1165,2396
6,T+16,13,18713,4792,0.2560786618928018,0.033290226046064235,1165,2396
6,T+16,14,18713,4298,0.229679901672634,0.03215518623416876,1165,2396
6,T+16,15,18713,3875,0.20707529524929194,0.03106129428739379,1165,2396
6,T+16,16,18713,3513,0.18773045476406777,0.030036872762250845,1165,2396
6,T+16,17,18713,3137,0.1676374712766526,0.028498370117030943,1165,2396
6,T+16,18,18713,2869,0.1533158766632822,0.027596857799390796,1165,2396
6,T+16,19,18713,2619,0.13995618019558595,0.02659167423716133,1165,2396
6,T+16,20,18713,2357,0.12595521829744027,0.025191043659488058,1165,2396
7,T+16,1,18563,16087,0.8666163874373755,0.008666163874373755,1162,2384
7,T+16,2,18563,14865,0.8007865108010559,0.016015730216021117,1162,2384
7,T+16,3,18563,13591,0.7321553628185099,0.021964660884555297,1162,2384
7,T+16,4,18563,12282,0.6616387437375424,0.026465549749501695,1162,2384
7,T+16,5,18563,11063,0.595970478909659,0.029798523945482953,1162,2384
7,T+16,6,18563,9920,0.534396379895491,0.03206378279372946,1162,2384
7,T+16,7,18563,8910,0.4799870710553251,0.03359909497387276,1162,2384
7,T+16,8,18563,8031,0.43263481118353714,0.03461078489468297,1162,2384
7,T+16,9,18563,7237,0.38986155255077304,0.03508753972956957,1162,2384
7,T+16,10,18563,6514,0.3509131067176642,0.03509131067176642,1162,2384
7,T+16,11,18563,5873,0.31638205031514305,0.034802025534665736,1162,2384
7,T+16,12,18563,5315,0.2863222539460217,0.0343586704735226,1162,2384
7,T+16,13,18563,4816,0.259440823142811,0.033727307008565424,1162,2384
7,T+16,14,18563,4355,0.234606475246458,0.03284490653450412,1162,2384
7,T+16,15,18563,3913,0.2107956688035339,0.031619350320530086,1162,2384
7,T+16,16,18563,3575,0.19258740505306254,0.030813984808490007,1162,2384
7,T+16,17,18563,3215,0.17319398804072617,0.02944297796692345,1162,2384
7,T+16,18,18563,2932,0.15794860744491732,0.028430749340085115,1162,2384
7,T+16,19,18563,2653,0.14291870926035663,0.02715455475946776,1162,2384
7,T+16,20,18563,2417,0.1302052469967139,0.02604104939934278,1162,2384
0,T+17,1,20032,17280,0.8626198083067093,0.008626198083067093,1163,2520
0,T+17,2,20032,15859,0.7916833067092651,0.0158336661341853,1163,2520
0,T+17,3,20032,14330,0.7153554313099042,0.021460662939297125,1163,2520
0,T+17,4,20032,12913,0.6446186102236422,0.025784744408945688,1163,2520
0,T+17,5,20032,11638,0.580970447284345,0.02904852236421725,1163,2520
0,T+17,6,20032,10407,0.5195187699680511,0.031171126198083068,1163,2520
0,T+17,7,20032,9313,0.4649061501597444,0.03254343051118211,1163,2520
0,T+17,8,20032,8393,0.4189796325878594,0.03351837060702875,1163,2520
0,T+17,9,20032,7475,0.3731529552715655,0.03358376597444089,1163,2520
0,T+17,10,20032,6671,0.3330171725239617,0.03330171725239617,1163,2520
0,T+17,11,20032,6021,0.300569089456869,0.03306259984025559,1163,2520
0,T+17,12,20032,5391,0.2691194089456869,0.03229432907348243,1163,2520
0,T+17,13,20032,4829,0.24106429712460065,0.03133835862619808,1163,2520
0,T+17,14,20032,4372,0.21825079872204473,0.030555111821086264,1163,2520
0,T+17,15,20032,3950,0.19718450479233227,0.02957767571884984,1163,2520
0,T+17,16,20032,3559,0.17766573482428116,0.028426517571884986,1163,2520
0,T+17,17,20032,3216,0.16054313099041534,0.02729233226837061,1163,2520
0,T+17,18,20032,2911,0.14531749201277955,0.02615714856230032,1163,2520
0,T+17,19,20032,2638,0.13168929712460065,0.025020966453674125,1163,2520
0,T+17,20,20032,2396,0.11960862619808307,0.023921725239616616,1163,2520
1,T+17,1,19813,17076,0.8618583758138596,0.008618583758138596,1162,2501
1,T+17,2,19813,15685,0.7916519456922223,0.015833038913844445,1162,2501
1,T+17,3,19813,14247,0.7190733356886893,0.02157220007066068,1162,2501
1,T+17,4,19813,12882,0.6501791752889517,0.02600716701155807,1162,2501
1,T+17,5,19813,11567,0.5838086105082522,0.02919043052541261,1162,2501
1,T+17,6,19813,10392,0.524504113460859,0.031470246807651536,1162,2501
1,T+17,7,19813,9377,0.4732751223943875,0.03312925856760713,1162,2501
1,T+17,8,19813,8414,0.42467067077171555,0.03397365366173725,1162,2501
1,T+17,9,19813,7582,0.3826780396709231,0.03444102357038308,1162,2501
1,T+17,10,19813,6803,0.343360419926311,0.0343360419926311,1162,2501
1,T+17,11,19813,6083,0.30702064301216375,0.03377227073133801,1162,2501
1,T+17,12,19813,5484,0.2767879674960884,0.03321455609953061,1162,2501
1,T+17,13,19813,4966,0.2506435168828547,0.03258365719477111,1162,2501
1,T+17,14,19813,4482,0.2262151112905668,0.03167011558067935,1162,2501
1,T+17,15,19813,4050,0.20441124514207842,0.03066168677131176,1162,2501
1,T+17,16,19813,3640,0.1837177610659668,0.029394841770554687,1162,2501
1,T+17,17,19813,3299,0.1665068389441276,0.028306162620501694,1162,2501
1,T+17,18,19813,2987,0.15075960228133045,0.02713672841063948,1162,2501
1,T+17,19,19813,2717,0.13713218593852522,0.02605511532831979,1162,2501
1,T+17,20,19813,2463,0.12431232019381214,0.024862464038762428,1162,2501
2,T+17,1,19551,16943,0.8666052887320341,0.008666052887320341,1164,2480
2,T+17,2,19551,15521,0.7938724361925221,0.015877448723850444,1164,2480
2,T+17,3,19551,14175,0.7250268528464017,0.02175080558539205,1164,2480
2,T+17,4,19551,12810,0.6552094522019334,0.026208378088077335,1164,2480
2,T+17,5,19551,11566,0.5915809932995755,0.029579049664978777,1164,2480
2,T+17,6,19551,10369,0.5303565035036572,0.03182139021021943,1164,2480
2,T+17,7,19551,9306,0.47598588307503453,0.033319011815252424,1164,2480
2,T+17,8,19551,8351,0.4271392767633369,0.03417114214106695,1164,2480
2,T+17,9,19551,7494,0.3833052017799601,0.03449746816019641,1164,2480
2,T+17,10,19551,6722,0.34381873049971867,0.03438187304997187,1164,2480
2,T+17,11,19551,5998,0.30678737660477723,0.0337466114265255,1164,2480
2,T+17,12,19551,5421,0.27727481970231704,0.03327297836427805,1164,2480
2,T+17,13,19551,4900,0.2506265664160401,0.03258145363408521,1164,2480
2,T+17,14,19551,4373,0.22367142345660068,0.0313139992839241,1164,2480
2,T+17,15,19551,3927,0.200859291084855,0.03012889366272825,1164,2480
2,T+17,16,19551,3540,0.18106490716587387,0.02897038514653982,1164,2480
2,T+17,17,19551,3220,0.16469745793054064,0.02799856784819191,1164,2480
2,T+17,18,19551,2906,0.1486368983683699,0.026754641706306582,1164,2480
2,T+17,19,19551,2651,0.13559408725896374,0.02576287657920311,1164,2480
2,T+17,20,19551,2411,0.12331850033246382,0.024663700066492766,1164,2480
3,T+17,1,19288,16592,0.8602239734549979,0.00860223973454998,1161,2465
3,T+17,2,19288,15289,0.7926690170053919,0.015853380340107838,1161,2465
3,T+17,3,19288,13964,0.7239734549979262,0.021719203649937784,1161,2465
3,T+17,4,19288,12597,0.6531003732890917,0.026124014931563667,1161,2465
3,T+17,5,19288,11323,0.5870489423475737,0.029352447117378683,1161,2465
3,T+17,6,19288,10192,0.5284114475321443,0.031704686851928655,1161,2465
3,T+17,7,19288,9174,0.47563251762754044,0.03329427623392783,1161,2465
3,T+17,8,19288,8212,0.4257569473247615,0.03406055578598092,1161,2465
3,T+17,9,19288,7396,0.3834508502695977,0.03451057652426379,1161,2465
3,T+17,10,19288,6662,0.3453961012028204,0.03453961012028204,1161,2465
3,T+17,11,19288,6017,0.3119556200746578,0.03431511820821236,1161,2465
3,T+17,12,19288,5461,0.2831294068851099,0.033975528826213186,1161,2465
3,T+17,13,19288,4911,0.2546142679386147,0.03309985483201991,1161,2465
3,T+17,14,19288,4423,0.2293135628369971,0.0321038987971796,1161,2465
3,T+17,15,19288,4026,0.2087308170883451,0.03130962256325176,1161,2465
3,T+17,16,19288,3641,0.18877021982579842,0.030203235172127748,1161,2465
3,T+17,17,19288,3318,0.1720240564081294,0.029244089589382,1161,2465
3,T+17,18,19288,3014,0.15626296142679386,0.028127333056822895,1161,2465
3,T+17,19,19288,2742,0.14216092907507258,0.02701057652426379,1161,2465
3,T+17,20,19288,2514,0.13034010783907093,0.02606802156781419,1161,2465
4,T+17,1,19051,16383,0.8599548580127028,0.008599548580127028,1164,2437
4,T+17,2,19051,15107,0.7929767466274736,0.015859534932549473,1164,2437
4,T+17,3,19051,13761,0.7223242874389796,0.021669728623169387,1164,2437
4,T+17,4,19051,12541,0.6582856542963624,0.026331426171854497,1164,2437
4,T+17,5,19051,11289,0.5925673193008241,0.029628365965041203,1164,2437
4,T+17,6,19051,10221,0.5365072699595822,0.03219043619757493,1164,2437
4,T+17,7,19051,9270,0.48658863051808304,0.034061204136265816,1164,2437
4,T+17,8,19051,8338,0.4376673140517558,0.03501338512414046,1164,2437
4,T+17,9,19051,7507,0.3940475565587108,0.035464280090283976,1164,2437
4,T+17,10,19051,6765,0.3550994698441027,0.03550994698441027,1164,2437
4,T+17,11,19051,6102,0.3202981470788935,0.035232796178678284,1164,2437
4,T+17,12,19051,5488,0.28806886777596974,0.034568264133116366,1164,2437
4,T+17,13,19051,4983,0.26156107290955855,0.034002939478242615,1164,2437
4,T+17,14,19051,4480,0.2351582594089549,0.03292215631725369,1164,2437
4,T+17,15,19051,4045,0.2123248123458086,0.03184872185187129,1164,2437
4,T+17,16,19051,3651,0.19164348328171749,0.030662957325074798,1164,2437
4,T+17,17,19051,3290,0.17269434675345127,0.02935803894808672,1164,2437
4,T+17,18,19051,2972,0.15600230959004777,0.028080415726208598,1164,2437
4,T+17,19,19051,2693,0.14135740905989186,0.026857907721379453,1164,2437
4,T+17,20,19051,2459,0.12907458926040627,0.025814917852081256,1164,2437
5,T+17,1,18848,16146,0.8566426146010186,0.008566426146010187,1160,2425
5,T+17,2,18848,14853,0.7880411714770797,0.015760823429541597,1160,2425
5,T+17,3,18848,13587,0.7208722410865874,0.021626167232597623,1160,2425
5,T+17,4,18848,12381,0.6568866723259762,0.02627546689303905,1160,2425
5,T+17,5,18848,11213,0.5949172325976231,0.029745861629881156,1160,2425
5,T+17,6,18848,10126,0.5372453310696095,0.032234719864176566,1160,2425
5,T+17,7,18848,9193,0.48774405772495755,0.034142084040747034,1160,2425
5,T+17,8,18848,8303,0.4405241935483871,0.03524193548387097,1160,2425
5,T+17,9,18848,7509,0.3983977079796265,0.035855793718166384,1160,2425
5,T+17,10,18848,6751,0.3581812393887946,0.03581812393887946,1160,2425
5,T+17,11,18848,6118,0.3245967741935484,0.03570564516129032,1160,2425
5,T+17,12,18848,5508,0.29223259762309,0.0350679117147708,1160,2425
5,T+17,13,18848,4993,0.26490874363327677,0.03443813667232598,1160,2425
5,T+17,14,18848,4499,0.2386990662139219,0.033417869269949066,1160,2425
5,T+17,15,18848,4117,0.21843166383701187,0.03276474957555178,1160,2425
5,T+17,16,18848,3735,0.19816426146010185,0.0317062818336163,1160,2425
5,T+17,17,18848,3382,0.17943548387096775,0.030504032258064518,1160,2425
5,T+17,18,18848,3068,0.16277589134125636,0.029299660441426144,1160,2425
5,T+17,19,18848,2818,0.14951188455008488,0.028407258064516126,1160,2425
5,T+17,20,18848,2585,0.13714983022071306,0.027429966044142613,1160,2425
6,T+17,1,18703,16196,0.8659573330481741,0.008659573330481741,1164,2396
6,T+17,2,18703,14948,0.7992300700422392,0.015984601400844786,1164,2396
6,T+17,3,18703,13656,0.7301502432764797,0.02190450729829439,1164,2396
6,T+17,4,18703,12460,0.6662032828957921,0.026648131315831686,1164,2396
6,T+17,5,18703,11261,0.602095920440571,0.030104796022028552,1164,2396
6,T+17,6,18703,10183,0.5444581083248676,0.032667486499492054,1164,2396
6,T+17,7,18703,9218,0.4928621076832594,0.03450034753782816,1164,2396
6,T+17,8,18703,8356,0.4467732449339678,0.03574185959471742,1164,2396
6,T+17,9,18703,7530,0.4026092070790782,0.036234828637117036,1164,2396
6,T+17,10,18703,6777,0.3623482863711704,0.03623482863711704,1164,2396
6,T+17,11,18703,6156,0.32914505694273644,0.03620595626370101,1164,2396
6,T+17,12,18703,5560,0.29727851146874834,0.0356734213762498,1164,2396
6,T+17,13,18703,5054,0.27022402823076513,0.03512912366999947,1164,2396
6,T+17,14,18703,4538,0.2426348714110036,0.03396888199754051,1164,2396
6,T+17,15,18703,4105,0.21948350532000213,0.03292252579800032,1164,2396
6,T+17,16,18703,3726,0.19921937657060365,0.031875100251296584,1164,2396
6,T+17,17,18703,3339,0.17852750895578248,0.030349676522483025,1164,2396
6,T+17,18,18703,3061,0.16366358338234507,0.02945944500882211,1164,2396
6,T+17,19,18703,2806,0.1500294070469978,0.02850558733892958,1164,2396
6,T+17,20,18703,2542,0.13591402448805004,0.02718280489761001,1164,2396
7,T+17,1,18560,16177,0.8716056034482759,0.008716056034482758,1161,2384
7,T+17,2,18560,14991,0.8077047413793104,0.01615409482758621,1161,2384
7,T+17,3,18560,13754,0.7410560344827586,0.022231681034482757,1161,2384
7,T+17,4,18560,12474,0.6720905172413794,0.026883620689655174,1161,2384
7,T+17,5,18560,11267,0.6070581896551724,0.030352909482758622,1161,2384
7,T+17,6,18560,10170,0.5479525862068966,0.0328771551724138,1161,2384
7,T+17,7,18560,9179,0.4945581896551724,0.03461907327586207,1161,2384
7,T+17,8,18560,8304,0.44741379310344825,0.03579310344827586,1161,2384
7,T+17,9,18560,7489,0.4035021551724138,0.03631519396551724,1161,2384
7,T+17,10,18560,6749,0.3636314655172414,0.036363146551724145,1161,2384
7,T+17,11,18560,6121,0.32979525862068965,0.03627747844827586,1161,2384
7,T+17,12,18560,5538,0.2983836206896552,0.03580603448275862,1161,2384
7,T+17,13,18560,5037,0.27139008620689653,0.03528071120689655,1161,2384
7,T+17,14,18560,4561,0.24574353448275862,0.03440409482758621,1161,2384
7,T+17,15,18560,4126,0.22230603448275862,0.033345905172413794,1161,2384
7,T+17,16,18560,3773,0.2032866379310345,0.032525862068965516,1161,2384
7,T+17,17,18560,3410,0.18372844827586207,0.031233836206896553,1161,2384
7,T+17,18,18560,3113,0.16772629310344828,0.03019073275862069,1161,2384
7,T+17,19,18560,2836,0.15280172413793103,0.029032327586206896,1161,2384
7,T+17,20,18560,2598,0.13997844827586206,0.027995689655172414,1161,2384
0,T+18,1,20032,17348,0.8660143769968051,0.008660143769968051,1163,2520
0,T+18,2,20032,15979,0.7976737220447284,0.01595347444089457,1163,2520
0,T+18,3,20032,14487,0.7231928913738019,0.021695786741214057,1163,2520
0,T+18,4,20032,13100,0.6539536741214057,0.02615814696485623,1163,2520
0,T+18,5,20032,11855,0.5918031150159745,0.029590155750798725,1163,2520
0,T+18,6,20032,10664,0.5323482428115016,0.03194089456869009,1163,2520
0,T+18,7,20032,9566,0.47753594249201275,0.033427515974440894,1163,2520
0,T+18,8,20032,8656,0.43210862619808305,0.03456869009584664,1163,2520
0,T+18,9,20032,7755,0.3871305910543131,0.03484175319488818,1163,2520
0,T+18,10,20032,6942,0.3465455271565495,0.03465455271565495,1163,2520
0,T+18,11,20032,6277,0.31334864217252395,0.034468350638977636,1163,2520
0,T+18,12,20032,5629,0.2810003993610224,0.033720047923322685,1163,2520
0,T+18,13,20032,5084,0.25379392971246006,0.03299321086261981,1163,2520
0,T+18,14,20032,4611,0.23018170926517573,0.032225439297124604,1163,2520
0,T+18,15,20032,4204,0.20986421725239618,0.03147963258785943,1163,2520
0,T+18,16,20032,3791,0.18924720447284346,0.030279552715654953,1163,2520
0,T+18,17,20032,3433,0.17137579872204473,0.029133885782747605,1163,2520
0,T+18,18,20032,3095,0.15450279552715654,0.027810503194888175,1163,2520
0,T+18,19,20032,2809,0.1402256389776358,0.0266428714057508,1163,2520
0,T+18,20,20032,2559,0.12774560702875398,0.0255491214057508,1163,2520
1,T+18,1,19810,17167,0.8665825340737001,0.008665825340737001,1161,2501
1,T+18,2,19810,15815,0.798334174659263,0.015966683493185262,1161,2501
1,T+18,3,19810,14405,0.7271580010095912,0.021814740030287733,1161,2501
1,T+18,4,19810,13074,0.659969712266532,0.026398788490661282,1161,2501
1,T+18,5,19810,11793,0.5953054013124685,0.029765270065623423,1161,2501
1,T+18,6,19810,10653,0.5377587077233721,0.03226552246340232,1161,2501
1,T+18,7,19810,9644,0.4868248359414437,0.03407773851590106,1161,2501
1,T+18,8,19810,8681,0.4382130237253912,0.0350570418980313,1161,2501
1,T+18,9,19810,7866,0.3970721857647653,0.03573649671882887,1161,2501
1,T+18,10,19810,7087,0.35774861181221607,0.035774861181221605,1161,2501
1,T+18,11,19810,6364,0.3212518929833417,0.03533770822816759,1161,2501
1,T+18,12,19810,5754,0.2904593639575972,0.03485512367491166,1161,2501
1,T+18,13,19810,5224,0.2637051993942453,0.03428167592125189,1161,2501
1,T+18,14,19810,4726,0.2385663806158506,0.03339929328621909,1161,2501
1,T+18,15,19810,4283,0.21620393740535082,0.03243059061080262,1161,2501
1,T+18,16,19810,3870,0.19535588086824837,0.03125694093891974,1161,2501
1,T+18,17,19810,3516,0.17748611812216053,0.030172640080767293,1161,2501
1,T+18,18,19810,3193,0.16118122160524986,0.029012619888944973,1161,2501
1,T+18,19,19810,2902,0.14649167087329631,0.0278334174659263,1161,2501
1,T+18,20,19810,2641,0.13331650681474003,0.026663301362948005,1161,2501
2,T+18,1,19549,17008,0.8700189267993248,0.008700189267993248,1163,2479
2,T+18,2,19549,15643,0.8001943833444166,0.016003887666888334,1163,2479
2,T+18,3,19549,14317,0.732364826845363,0.02197094480536089,1163,2479
2,T+18,4,19549,12990,0.6644841168346207,0.026579364673384828,1163,2479
2,T+18,5,19549,11785,0.6028441352498849,0.030142206762494246,1163,2479
2,T+18,6,19549,10606,0.5425341449690522,0.03255204869814313,1163,2479
2,T+18,7,19549,9566,0.4893344928129316,0.034253414496905214,1163,2479
2,T+18,8,19549,8594,0.43961327945163436,0.03516906235613075,1163,2479
2,T+18,9,19549,7767,0.3973093252851808,0.035757839275666274,1163,2479
2,T+18,10,19549,6965,0.35628420891094176,0.03562842089109418,1163,2479
2,T+18,11,19549,6249,0.3196582945419203,0.03516241239961123,1163,2479
2,T+18,12,19549,5683,0.29070540692618546,0.034884648831142256,1163,2479
2,T+18,13,19549,5151,0.2634917387078623,0.0342539260320221,1163,2479
2,T+18,14,19549,4609,0.23576653537265332,0.03300731495217147,1163,2479
2,T+18,15,19549,4163,0.2129520691595478,0.03194281037393217,1163,2479
2,T+18,16,19549,3774,0.19305335311269117,0.030888536498030587,1163,2479
2,T+18,17,19549,3435,0.17571231265026344,0.029871093150544786,1163,2479
2,T+18,18,19549,3110,0.15908742135147577,0.028635735843265637,1163,2479
2,T+18,19,19549,2858,0.14619673640595426,0.02777737991713131,1163,2479
2,T+18,20,19549,2591,0.1325387487851041,0.02650774975702082,1163,2479
3,T+18,1,19235,16612,0.8636340005198856,0.008636340005198856,1160,2461
3,T+18,2,19235,15343,0.7976605146867689,0.01595321029373538,1160,2461
3,T+18,3,19235,14064,0.7311671432284897,0.021935014296854693,1160,2461
3,T+18,4,19235,12733,0.6619703665193657,0.02647881466077463,1160,2461
3,T+18,5,19235,11495,0.5976085261242526,0.029880426306212633,1160,2461
3,T+18,6,19235,10365,0.5388614504808942,0.032331687028853646,1160,2461
3,T+18,7,19235,9382,0.48775669352742396,0.03414296854691968,1160,2461
3,T+18,8,19235,8444,0.4389914218871848,0.03511931375097479,1160,2461
3,T+18,9,19235,7623,0.3963088120613465,0.035667793085521184,1160,2461
3,T+18,10,19235,6890,0.35820119573693787,0.03582011957369379,1160,2461
3,T+18,11,19235,6253,0.3250844814140889,0.03575929295554978,1160,2461
3,T+18,12,19235,5667,0.29461918377956847,0.03535430205354822,1160,2461
3,T+18,13,19235,5123,0.26633740577073045,0.03462386275019496,1160,2461
3,T+18,14,19235,4603,0.2393033532622823,0.03350246945671952,1160,2461
3,T+18,15,19235,4198,0.2182479854432025,0.03273719781648037,1160,2461
3,T+18,16,19235,3809,0.19802443462438263,0.031683909539901224,1160,2461
3,T+18,17,19235,3477,0.18076423186898882,0.030729919417728103,1160,2461
3,T+18,18,19235,3155,0.16402391473875746,0.02952430465297634,1160,2461
3,T+18,19,19235,2855,0.14842734598388355,0.028201195736937874,1160,2461
3,T+18,20,19235,2621,0.1362620223550819,0.02725240447101638,1160,2461
4,T+18,1,19050,16450,0.863517060367454,0.00863517060367454,1163,2437
4,T+18,2,19050,15210,0.7984251968503937,0.015968503937007876,1163,2437
4,T+18,3,19050,13898,0.7295538057742782,0.021886614173228344,1163,2437
4,T+18,4,19050,12698,0.6665616797900262,0.02666246719160105,1163,2437
4,T+18,5,19050,11469,0.6020472440944882,0.03010236220472441,1163,2437
4,T+18,6,19050,10421,0.5470341207349081,0.03282204724409449,1163,2437
4,T+18,7,19050,9499,0.4986351706036745,0.03490446194225722,1163,2437
4,T+18,8,19050,8582,0.450498687664042,0.03603989501312336,1163,2437
4,T+18,9,19050,7751,0.40687664041994753,0.03661889763779528,1163,2437
4,T+18,10,19050,6999,0.3674015748031496,0.036740157480314964,1163,2437
4,T+18,11,19050,6326,0.3320734908136483,0.03652808398950131,1163,2437
4,T+18,12,19050,5717,0.30010498687664044,0.03601259842519685,1163,2437
4,T+18,13,19050,5206,0.2732808398950131,0.03552650918635171,1163,2437
4,T+18,14,19050,4700,0.24671916010498687,0.03454068241469817,1163,2437
4,T+18,15,19050,4278,0.22456692913385826,0.03368503937007874,1163,2437
4,T+18,16,19050,3873,0.20330708661417324,0.032529133858267716,1163,2437
4,T+18,17,19050,3502,0.18383202099737533,0.03125144356955381,1163,2437
4,T+18,18,19050,3183,0.16708661417322834,0.0300755905511811,1163,2437
4,T+18,19,19050,2892,0.15181102362204724,0.028844094488188976,1163,2437
4,T+18,20,19050,2637,0.1384251968503937,0.02768503937007874,1163,2437
5,T+18,1,18838,16208,0.8603885762819832,0.008603885762819832,1159,2425
5,T+18,2,18838,14962,0.7942456736383905,0.01588491347276781,1159,2425
5,T+18,3,18838,13740,0.7293767915914641,0.02188130374774392,1159,2425
5,T+18,4,18838,12560,0.6667374455887037,0.02666949782354815,1159,2425
5,T+18,5,18838,11382,0.6042042679689988,0.030210213398449943,1159,2425
5,T+18,6,18838,10301,0.546820256927487,0.03280921541564922,1159,2425
5,T+18,7,18838,9389,0.4984074742541671,0.0348885231977917,1159,2425
5,T+18,8,18838,8510,0.4517464699012634,0.03613971759210107,1159,2425
5,T+18,9,18838,7755,0.41166790529780234,0.03705011147680221,1159,2425
5,T+18,10,18838,6982,0.37063382524684146,0.03706338252468415,1159,2425
5,T+18,11,18838,6357,0.3374562055419896,0.03712018260961885,1159,2425
5,T+18,12,18838,5767,0.3061365325406094,0.036736383904873125,1159,2425
5,T+18,13,18838,5218,0.2769933113918675,0.03600913048094278,1159,2425
5,T+18,14,18838,4701,0.24954878437201403,0.03493682981208197,1159,2425
5,T+18,15,18838,4316,0.22911137063382525,0.034366705595073786,1159,2425
5,T+18,16,18838,3918,0.20798386240577557,0.03327741798492409,1159,2425
5,T+18,17,18838,3566,0.18929822698800297,0.03218069858796051,1159,2425
5,T+18,18,18838,3261,0.17310754857203525,0.031159358742966343,1159,2425
5,T+18,19,18838,3012,0.15988958488162225,0.03037902112750823,1159,2425
5,T+18,20,18838,2766,0.14683087376579254,0.02936617475315851,1159,2425
6,T+18,1,18700,16283,0.8707486631016043,0.008707486631016044,1163,2396
6,T+18,2,18700,15075,0.8061497326203209,0.01612299465240642,1163,2396
6,T+18,3,18700,13806,0.7382887700534759,0.022148663101604276,1163,2396
6,T+18,4,18700,12642,0.6760427807486631,0.027041711229946523,1163,2396
6,T+18,5,18700,11474,0.6135828877005347,0.030679144385026738,1163,2396
6,T+18,6,18700,10419,0.5571657754010695,0.03342994652406417,1163,2396
6,T+18,7,18700,9469,0.5063636363636363,0.03544545454545455,1163,2396
6,T+18,8,18700,8578,0.458716577540107,0.036697326203208556,1163,2396
6,T+18,9,18700,7756,0.41475935828877003,0.0373283422459893,1163,2396
6,T+18,10,18700,6996,0.37411764705882355,0.03741176470588236,1163,2396
6,T+18,11,18700,6375,0.3409090909090909,0.0375,1163,2396
6,T+18,12,18700,5786,0.30941176470588233,0.037129411764705876,1163,2396
6,T+18,13,18700,5294,0.28310160427807485,0.036803208556149734,1163,2396
6,T+18,14,18700,4785,0.25588235294117645,0.035823529411764705,1163,2396
6,T+18,15,18700,4331,0.2316042780748663,0.034740641711229946,1163,2396
6,T+18,16,18700,3933,0.21032085561497327,0.03365133689839572,1163,2396
6,T+18,17,18700,3533,0.18893048128342246,0.032118181818181823,1163,2396
6,T+18,18,18700,3225,0.17245989304812834,0.0310427807486631,1163,2396
6,T+18,19,18700,2950,0.15775401069518716,0.02997326203208556,1163,2396
6,T+18,20,18700,2681,0.14336898395721925,0.028673796791443853,1163,2396
7,T+18,1,18285,15974,0.8736122504785343,0.008736122504785343,1160,2369
7,T+18,2,18285,14819,0.8104457205359584,0.01620891441071917,1160,2369
7,T+18,3,18285,13615,0.7445993984140006,0.022337981952420018,1160,2369
7,T+18,4,18285,12373,0.6766748701121138,0.027066994804484552,1160,2369
7,T+18,5,18285,11187,0.6118129614438064,0.03059064807219032,1160,2369
7,T+18,6,18285,10128,0.5538966365873667,0.033233798195242,1160,2369
7,T+18,7,18285,9138,0.49975389663658737,0.03498277276456112,1160,2369
7,T+18,8,18285,8280,0.4528301886792453,0.036226415094339624,1160,2369
7,T+18,9,18285,7487,0.4094613070823079,0.03685151763740771,1160,2369
7,T+18,10,18285,6762,0.36981132075471695,0.0369811320754717,1160,2369
7,T+18,11,18285,6144,0.33601312551271534,0.03696144380639869,1160,2369
7,T+18,12,18285,5568,0.30451189499589826,0.03654142739950779,1160,2369
7,T+18,13,18285,5053,0.27634673229423024,0.03592507519824993,1160,2369
7,T+18,14,18285,4572,0.25004101722723543,0.035005742411812965,1160,2369
7,T+18,15,18285,4152,0.22707136997538965,0.03406070549630845,1160,2369
7,T+18,16,18285,3801,0.20787530762920425,0.03326004922067268,1160,2369
7,T+18,17,18285,3455,0.18895269346458846,0.03212195788898004,1160,2369
7,T+18,18,18285,3169,0.17331145747880777,0.031196062346185396,1160,2369
7,T+18,19,18285,2888,0.15794366967459667,0.030009297238173367,1160,2369
7,T+18,20,18285,2629,0.14377905386929177,0.028755810773858356,1160,2369
0,T+19,1,20030,17416,0.8694957563654518,0.008694957563654519,1162,2520
0,T+19,2,20030,16086,0.8030953569645531,0.01606190713929106,1162,2520
0,T+19,3,20030,14650,0.7314028956565152,0.021942086869695454,1162,2520
0,T+19,4,20030,13265,0.6622566150773839,0.026490264603095354,1162,2520
0,T+19,5,20030,12056,0.6018971542685971,0.03009485771342986,1162,2520
0,T+19,6,20030,10895,0.5439340988517224,0.03263604593110334,1162,2520
0,T+19,7,20030,9798,0.4891662506240639,0.03424163754368448,1162,2520
0,T+19,8,20030,8908,0.4447329006490265,0.03557863205192212,1162,2520
0,T+19,9,20030,8015,0.40014977533699453,0.0360134797803295,1162,2520
0,T+19,10,20030,7218,0.36035946080878684,0.036035946080878685,1162,2520
0,T+19,11,20030,6545,0.32675986020968545,0.0359435846230654,1162,2520
0,T+19,12,20030,5900,0.2945581627558662,0.03534697953070395,1162,2520
0,T+19,13,20030,5324,0.26580129805292063,0.034554168746879686,1162,2520
0,T+19,14,20030,4864,0.24283574638042935,0.03399700449326011,1162,2520
0,T+19,15,20030,4443,0.2218172740888667,0.03327259111333,1162,2520
0,T+19,16,20030,4030,0.20119820269595606,0.03219171243135297,1162,2520
0,T+19,17,20030,3648,0.18212680978532203,0.03096155766350475,1162,2520
0,T+19,18,20030,3305,0.16500249625561658,0.029700449326010982,1162,2520
0,T+19,19,20030,3010,0.15027458811782327,0.02855217174238642,1162,2520
0,T+19,20,20030,2758,0.13769345981028458,0.027538691962056917,1162,2520
1,T+19,1,19808,17243,0.8705068659127625,0.008705068659127626,1160,2500
1,T+19,2,19808,15920,0.8037156704361874,0.01607431340872375,1160,2500
1,T+19,3,19808,14543,0.7341983037156704,0.02202594911147011,1160,2500
1,T+19,4,19808,13243,0.6685682552504039,0.026742730210016157,1160,2500
1,T+19,5,19808,11992,0.6054119547657512,0.03027059773828756,1160,2500
1,T+19,6,19808,10882,0.5493739903069467,0.0329624394184168,1160,2500
1,T+19,7,19808,9868,0.49818255250403876,0.03487277867528272,1160,2500
1,T+19,8,19808,8907,0.4496668012924071,0.03597334410339257,1160,2500
1,T+19,9,19808,8096,0.4087237479806139,0.03678513731825525,1160,2500
1,T+19,10,19808,7342,0.3706583198707593,0.037065831987075935,1160,2500
1,T+19,11,19808,6621,0.33425888529886916,0.03676847738287561,1160,2500
1,T+19,12,19808,6021,0.30396809369951533,0.03647617124394184,1160,2500
1,T+19,13,19808,5469,0.27610056542810985,0.03589307350565428,1160,2500
1,T+19,14,19808,4961,0.2504543618739903,0.03506361066235864,1160,2500
1,T+19,15,19808,4515,0.22793820678513732,0.0341907310177706,1160,2500
1,T+19,16,19808,4106,0.20728998384491115,0.03316639741518578,1160,2500
1,T+19,17,19808,3746,0.18911550888529888,0.03214963651050081,1160,2500
1,T+19,18,19808,3415,0.1724050888529887,0.031032915993537965,1160,2500
1,T+19,19,19808,3126,0.15781502423263327,0.029984854604200323,1160,2500
1,T+19,20,19808,2858,0.14428513731825526,0.028857027463651055,1160,2500
2,T+19,1,19492,17024,0.8733839523907244,0.008733839523907244,1162,2475
2,T+19,2,19492,15694,0.805150831110199,0.01610301662220398,1162,2475
2,T+19,3,19492,14399,0.7387133182844243,0.022161399548532728,1162,2475
2,T+19,4,19492,13097,0.6719166837676995,0.026876667350707983,1162,2475
2,T+19,5,19492,11905,0.6107633901087626,0.03053816950543813,1162,2475
2,T+19,6,19492,10775,0.5527908885696696,0.033167453314180174,1162,2475
2,T+19,7,19492,9731,0.49923045351939255,0.03494613174635748,1162,2475
2,T+19,8,19492,8793,0.4511081469320747,0.03608865175456598,1162,2475
2,T+19,9,19492,7950,0.4078596347219372,0.03670736712497435,1162,2475
2,T+19,10,19492,7185,0.36861276421095834,0.03686127642109584,1162,2475
2,T+19,11,19492,6447,0.33075107736507287,0.03638261851015802,1162,2475
2,T+19,12,19492,5875,0.30140570490457624,0.036168684588549146,1162,2475
2,T+19,13,19492,5339,0.27390724399753746,0.03560794171967987,1162,2475
2,T+19,14,19492,4769,0.24466447773445515,0.03425302688282372,1162,2475
2,T+19,15,19492,4339,0.22260414529037553,0.03339062179355633,1162,2475
2,T+19,16,19492,3937,0.20198029961009645,0.03231684793761543,1162,2475
2,T+19,17,19492,3577,0.18351118407551817,0.03119690129283809,1162,2475
2,T+19,18,19492,3252,0.16683767699569055,0.0300307818592243,1162,2475
2,T+19,19,19492,2992,0.15349887133182843,0.0291647855530474,1162,2475
2,T+19,20,19492,2720,0.1395444284834804,0.02790888569669608,1162,2475
3,T+19,1,19234,16673,0.8668503691379849,0.008668503691379848,1159,2461
3,T+19,2,19234,15443,0.802901112613081,0.01605802225226162,1159,2461
3,T+19,3,19234,14191,0.7378080482478944,0.02213424144743683,1159,2461
3,T+19,4,19234,12905,0.6709472808568161,0.026837891234272646,1159,2461
3,T+19,5,19234,11671,0.6067900592700426,0.03033950296350213,1159,2461
3,T+19,6,19234,10582,0.5501715711760424,0.03301029427056255,1159,2461
3,T+19,7,19234,9605,0.4993761048143912,0.03495632733700739,1159,2461
3,T+19,8,19234,8646,0.4495164812311532,0.035961318498492253,1159,2461
3,T+19,9,19234,7844,0.40781948632629716,0.03670375376936674,1159,2461
3,T+19,10,19234,7102,0.3692419673494853,0.03692419673494853,1159,2461
3,T+19,11,19234,6459,0.33581158365394614,0.036939274201934075,1159,2461
3,T+19,12,19234,5877,0.3055526671519185,0.036666320058230215,1159,2461
3,T+19,13,19234,5364,0.27888114796714153,0.0362545492357284,1159,2461
3,T+19,14,19234,4818,0.2504939170219403,0.035069148383071645,1159,2461
3,T+19,15,19234,4412,0.22938546324217532,0.0344078194863263,1159,2461
3,T+19,16,19234,4017,0.20884891338255174,0.03341582614120828,1159,2461
3,T+19,17,19234,3677,0.19117188312363523,0.03249922013101799,1159,2461
3,T+19,18,19234,3355,0.17443069564313196,0.03139752521576375,1159,2461
3,T+19,19,19234,3047,0.1584173858791723,0.03009930331704274,1159,2461
3,T+19,20,19234,2795,0.14531558698138713,0.029063117396277427,1159,2461
4,T+19,1,19038,16506,0.8670028364323984,0.008670028364323984,1162,2436
4,T+19,2,19038,15299,0.8036033196764366,0.016072066393528733,1162,2436
4,T+19,3,19038,14021,0.7364744195818889,0.022094232587456665,1162,2436
4,T+19,4,19038,12861,0.6755436495430193,0.02702174598172077,1162,2436
4,T+19,5,19038,11639,0.6113562348986238,0.03056781174493119,1162,2436
4,T+19,6,19038,10599,0.5567286479672234,0.0334037188780334,1162,2436
4,T+19,7,19038,9670,0.5079315054102321,0.03555520537871625,1162,2436
4,T+19,8,19038,8785,0.46144552999264626,0.036915642399411704,1162,2436
4,T+19,9,19038,7969,0.4185838848618552,0.03767254963756697,1162,2436
4,T+19,10,19038,7229,0.37971425569912803,0.03797142556991281,1162,2436
4,T+19,11,19038,6553,0.3442063241937178,0.03786269566130896,1162,2436
4,T+19,12,19038,5927,0.31132471898308645,0.03735896627797037,1162,2436
4,T+19,13,19038,5423,0.2848513499317155,0.037030675491123016,1162,2436
4,T+19,14,19038,4914,0.2581153482508667,0.03613614875512134,1162,2436
4,T+19,15,19038,4463,0.23442588507196135,0.0351638827607942,1162,2436
4,T+19,16,19038,4079,0.21425569912805967,0.034280911860489545,1162,2436
4,T+19,17,19038,3699,0.1942956192877403,0.03303025527891586,1162,2436
4,T+19,18,19038,3383,0.1776972371047379,0.03198550267885282,1162,2436
4,T+19,19,19038,3095,0.16256959764681164,0.030888223552894212,1162,2436
4,T+19,20,19038,2843,0.14933291312112618,0.029866582624225237,1162,2436
5,T+19,1,18835,16298,0.8653039554021767,0.008653039554021767,1158,2425
5,T+19,2,18835,15069,0.8000530926466685,0.01600106185293337,1158,2425
5,T+19,3,18835,13888,0.737350676931245,0.02212052030793735,1158,2425
5,T+19,4,18835,12733,0.676028670029201,0.02704114680116804,1158,2425
5,T+19,5,18835,11594,0.6155561454738518,0.030777807273692594,1158,2425
5,T+19,6,18835,10533,0.5592248473586409,0.03355349084151845,1158,2425
5,T+19,7,18835,9594,0.5093708521369791,0.03565595964958854,1158,2425
5,T+19,8,18835,8730,0.46349880541544997,0.037079904433236,1158,2425
5,T+19,9,18835,7984,0.4238916910007964,0.03815025219007167,1158,2425
5,T+19,10,18835,7220,0.383328908946111,0.0383328908946111,1158,2425
5,T+19,11,18835,6594,0.35009291213166976,0.038510220334483675,1158,2425
5,T+19,12,18835,5986,0.3178125829572604,0.038137509954871245,1158,2425
5,T+19,13,18835,5449,0.2893018316963101,0.03760923812052031,1158,2425
5,T+19,14,18835,4921,0.26126891425537563,0.03657764799575259,1158,2425
5,T+19,15,18835,4512,0.23955402176798513,0.03593310326519777,1158,2425
5,T+19,16,18835,4107,0.21805149986726838,0.03488823997876294,1158,2425
5,T+19,17,18835,3741,0.19861959118662065,0.03376533050172551,1158,2425
5,T+19,18,18835,3435,0.1823732413060791,0.032827183435094234,1158,2425
5,T+19,19,18835,3176,0.16862224581895408,0.032038226705601275,1158,2425
5,T+19,20,18835,2921,0.15508362091850278,0.031016724183700557,1158,2425
6,T+19,1,18425,16058,0.8715332428765264,0.008715332428765264,1162,2381
6,T+19,2,18425,14888,0.8080325644504749,0.0161606512890095,1162,2381
6,T+19,3,18425,13664,0.7416010854816825,0.022248032564450473,1162,2381
6,T+19,4,18425,12524,0.6797286295793759,0.027189145183175036,1162,2381
6,T+19,5,18425,11395,0.6184531886024424,0.03092265943012212,1162,2381
6,T+19,6,18425,10349,0.5616824966078697,0.03370094979647218,1162,2381
6,T+19,7,18425,9402,0.5102849389416554,0.03571994572591588,1162,2381
6,T+19,8,18425,8542,0.4636092265943012,0.037088738127544096,1162,2381
6,T+19,9,18425,7740,0.42008141112618724,0.037807327001356854,1162,2381
6,T+19,10,18425,7011,0.38051560379918586,0.03805156037991859,1162,2381
6,T+19,11,18425,6392,0.3469199457259159,0.03816119402985075,1162,2381
6,T+19,12,18425,5806,0.31511533242876527,0.03781383989145183,1162,2381
6,T+19,13,18425,5291,0.2871641791044776,0.03733134328358209,1162,2381
6,T+19,14,18425,4793,0.26013568521031205,0.03641899592944369,1162,2381
6,T+19,15,18425,4354,0.23630936227951152,0.035446404341926724,1162,2381
6,T+19,16,18425,3984,0.2162279511533243,0.034596472184531886,1162,2381
6,T+19,17,18425,3584,0.19451831750339213,0.033068113975576664,1162,2381
6,T+19,18,18425,3274,0.1776933514246947,0.031984803256445045,1162,2381
6,T+19,19,18425,3000,0.1628222523744912,0.030936227951153326,1162,2381
6,T+19,20,18425,2730,0.14816824966078698,0.029633649932157398,1162,2381
7,T+19,1,18250,15998,0.8766027397260274,0.008766027397260274,1159,2368
7,T+19,2,18250,14862,0.8143561643835616,0.01628712328767123,1159,2368
7,T+19,3,18250,13695,0.7504109589041096,0.022512328767123287,1159,2368
7,T+19,4,18250,12495,0.6846575342465754,0.027386301369863017,1159,2368
7,T+19,5,18250,11354,0.6221369863013698,0.03110684931506849,1159,2368
7,T+19,6,18250,10298,0.5642739726027397,0.03385643835616438,1159,2368
7,T+19,7,18250,9326,0.511013698630137,0.03577095890410959,1159,2368
7,T+19,8,18250,8468,0.464,0.03712,1159,2368
7,T+19,9,18250,7670,0.42027397260273974,0.037824657534246575,1159,2368
7,T+19,10,18250,6938,0.38016438356164384,0.03801643835616439,1159,2368
7,T+19,11,18250,6315,0.346027397260274,0.03806301369863014,1159,2368
7,T+19,12,18250,5730,0.31397260273972605,0.037676712328767126,1159,2368
7,T+19,13,18250,5232,0.2866849315068493,0.03726904109589041,1159,2368
7,T+19,14,18250,4743,0.2598904109589041,0.03638465753424658,1159,2368
7,T+19,15,18250,4309,0.23610958904109589,0.035416438356164384,1159,2368
7,T+19,16,18250,3950,0.21643835616438356,0.03463013698630137,1159,2368
7,T+19,17,18250,3604,0.19747945205479453,0.03357150684931507,1159,2368
7,T+19,18,18250,3296,0.1806027397260274,0.03250849315068493,1159,2368
7,T+19,19,18250,3027,0.16586301369863013,0.03151397260273973,1159,2368
7,T+19,20,18250,2766,0.15156164383561643,0.030312328767123288,1159,2368
0,T+20,1,20028,17480,0.8727781106450969,0.00872778110645097,1161,2519
0,T+20,2,20028,16191,0.8084182144997004,0.01616836428999401,1161,2519
0,T+20,3,20028,14786,0.7382664270021969,0.022147992810065905,1161,2519
0,T+20,4,20028,13430,0.6705612142999801,0.026822448571999204,1161,2519
0,T+20,5,20028,12253,0.6117934891152387,0.030589674455761936,1161,2519
0,T+20,6,20028,11097,0.5540742959856201,0.0332444577591372,1161,2519
0,T+20,7,20028,10024,0.5004993009786299,0.0350349510685041,1161,2519
0,T+20,8,20028,9124,0.45556221290193727,0.03644497703215498,1161,2519
0,T+20,9,20028,8235,0.41117435590173756,0.03700569203115638,1161,2519
0,T+20,10,20028,7441,0.3715298581985221,0.037152985819852206,1161,2519
0,T+20,11,20028,6770,0.33802676253245456,0.037182943878570004,1161,2519
0,T+20,12,20028,6142,0.3066706610744957,0.036800479328939484,1161,2519
0,T+20,13,20028,5565,0.2778609946075494,0.03612192929898143,1161,2519
0,T+20,14,20028,5093,0.2542939884162173,0.03560115837827043,1161,2519
0,T+20,15,20028,4664,0.23287397643299382,0.034931096464949074,1161,2519
0,T+20,16,20028,4248,0.2121030557219892,0.03393648891551827,1161,2519
0,T+20,17,20028,3855,0.19248052726183343,0.032721689634511684,1161,2519
0,T+20,18,20028,3507,0.17510485320551228,0.03151887357699221,1161,2519
0,T+20,19,20028,3215,0.16052526462951866,0.030499800279608545,1161,2519
0,T+20,20,20028,2969,0.1482424605552227,0.02964849211104454,1161,2519
1,T+20,1,19753,17268,0.8741963246089202,0.008741963246089201,1159,2497
1,T+20,2,19753,15970,0.8084847871209436,0.016169695742418874,1159,2497
1,T+20,3,19753,14618,0.7400394876727586,0.02220118463018276,1159,2497
1,T+20,4,19753,13348,0.6757454563863717,0.02702981825545487,1159,2497
1,T+20,5,19753,12118,0.6134764339593985,0.03067382169796993,1159,2497
1,T+20,6,19753,11031,0.5584468182048297,0.03350680909228978,1159,2497
1,T+20,7,19753,10015,0.5070115931757202,0.035490811522300415,1159,2497
1,T+20,8,19753,9066,0.45896825798612867,0.036717460638890295,1159,2497
1,T+20,9,19753,8256,0.4179618285830001,0.03761656457247001,1159,2497
1,T+20,10,19753,7506,0.37999291246899203,0.03799929124689921,1159,2497
1,T+20,11,19753,6820,0.3452640105300461,0.03797904115830507,1159,2497
1,T+20,12,19753,6213,0.3145345010884423,0.03774414013061307,1159,2497
1,T+20,13,19753,5661,0.28658937882853236,0.037256619247709205,1159,2497
1,T+20,14,19753,5136,0.2600111375487268,0.03640155925682175,1159,2497
1,T+20,15,19753,4675,0.2366729104439832,0.03550093656659748,1159,2497
1,T+20,16,19753,4259,0.2156128183060801,0.03449805092897282,1159,2497
1,T+20,17,19753,3887,0.1967802359135321,0.03345264010530046,1159,2497
1,T+20,18,19753,3560,0.18022578848782464,0.032440641927808433,1159,2497
1,T+20,19,19753,3260,0.16503822204222143,0.031357262188022074,1159,2497
1,T+20,20,19753,2988,0.15126816179820787,0.030253632359641576,1159,2497
2,T+20,1,19491,17097,0.8771740803447745,0.008771740803447746,1161,2475
2,T+20,2,19491,15793,0.8102714073161972,0.016205428146323943,1161,2475
2,T+20,3,19491,14532,0.7455748807141758,0.022367246421425274,1161,2475
2,T+20,4,19491,13225,0.6785182904930481,0.027140731619721924,1161,2475
2,T+20,5,19491,12063,0.6189010312451901,0.030945051562259508,1161,2475
2,T+20,6,19491,10955,0.5620542814632394,0.033723256887794366,1161,2475
2,T+20,7,19491,9928,0.5093632958801498,0.035655430711610495,1161,2475
2,T+20,8,19491,9005,0.46200810630547434,0.03696064850443795,1161,2475
2,T+20,9,19491,8172,0.41927043250731105,0.037734338925657994,1161,2475
2,T+20,10,19491,7411,0.3802267713303576,0.03802267713303576,1161,2475
2,T+20,11,19491,6660,0.3416961674619055,0.037586578420809605,1161,2475
2,T+20,12,19491,6102,0.31306756964752963,0.03756810835770356,1161,2475
2,T+20,13,19491,5554,0.2849520291416551,0.03704376378841517,1161,2475
2,T+20,14,19491,4989,0.2559642912113283,0.03583500076958596,1161,2475
2,T+20,15,19491,4540,0.23292801805961727,0.03493920270894259,1161,2475
2,T+20,16,19491,4138,0.2123031142578626,0.03396849828125802,1161,2475
2,T+20,17,19491,3769,0.19337129957416244,0.032873120927607614,1161,2475
2,T+20,18,19491,3435,0.17623518547021702,0.03172233338463906,1161,2475
2,T+20,19,19491,3168,0.16253655533323072,0.030881945513313837,1161,2475
2,T+20,20,19491,2898,0.14868400800369402,0.029736801600738806,1161,2475
3,T+20,1,19222,16730,0.8703568827385287,0.008703568827385287,1158,2460
3,T+20,2,19222,15531,0.8079804390802205,0.016159608781604412,1158,2460
3,T+20,3,19222,14299,0.7438872125689314,0.02231661637706794,1158,2460
3,T+20,4,19222,13038,0.6782852980959317,0.02713141192383727,1158,2460
3,T+20,5,19222,11851,0.6165331391114348,0.03082665695557174,1158,2460
3,T+20,6,19222,10766,0.5600873998543335,0.03360524399126001,1158,2460
3,T+20,7,19222,9798,0.5097284361668921,0.03568099053168245,1158,2460
3,T+20,8,19222,8852,0.4605139943814379,0.036841119550515035,1158,2460
3,T+20,9,19222,8059,0.4192591821870773,0.03773332639683696,1158,2460
3,T+20,10,19222,7317,0.3806575798564145,0.038065757985641456,1158,2460
3,T+20,11,19222,6678,0.34741442097596503,0.03821558630735616,1158,2460
3,T+20,12,19222,6083,0.31646030589949015,0.037975236707938814,1158,2460
3,T+20,13,19222,5555,0.28899178025179484,0.03756893143273333,1158,2460
3,T+20,14,19222,5034,0.2618874206638227,0.03666423889293518,1158,2460
3,T+20,15,19222,4615,0.24008948080324627,0.036013422120486936,1158,2460
3,T+20,16,19222,4224,0.2197482051815628,0.03515971282905005,1158,2460
3,T+20,17,19222,3865,0.20107168869004266,0.034182187077307254,1158,2460
3,T+20,18,19222,3538,0.1840599313286859,0.03313078763916346,1158,2460
3,T+20,19,19222,3216,0.16730829258141713,0.031788575590469256,1158,2460
3,T+20,20,19222,2964,0.1541983144313807,0.030839662886276143,1158,2460
4,T+20,1,19035,16568,0.8703966377725243,0.008703966377725244,1161,2436
4,T+20,2,19035,15393,0.8086682427107958,0.016173364854215916,1161,2436
4,T+20,3,19035,14167,0.744260572629367,0.022327817178881007,1161,2436
4,T+20,4,19035,13027,0.6843708957184135,0.027374835828736538,1161,2436
4,T+20,5,19035,11859,0.62301024428684,0.031150512214342004,1161,2436
4,T+20,6,19035,10816,0.5682164433937483,0.0340929866036249,1161,2436
4,T+20,7,19035,9880,0.5190438665615971,0.036333070659311795,1161,2436
4,T+20,8,19035,9008,0.4732335172051484,0.03785868137641187,1161,2436
4,T+20,9,19035,8192,0.43036511688993956,0.03873286052009456,1161,2436
4,T+20,10,19035,7444,0.3910690832676648,0.039106908326766485,1161,2436
4,T+20,11,19035,6770,0.35566062516417124,0.03912266876805884,1161,2436
4,T+20,12,19035,6159,0.3235618597320725,0.0388274231678487,1161,2436
4,T+20,13,19035,5630,0.29577094825321776,0.03845022327291831,1161,2436
4,T+20,14,19035,5107,0.2682952456002101,0.03756133438402942,1161,2436
4,T+20,15,19035,4651,0.24433937483582874,0.036650906225374306,1161,2436
4,T+20,16,19035,4257,0.22364066193853427,0.035782505910165484,1161,2436
4,T+20,17,19035,3885,0.2040977147360126,0.03469661150512214,1161,2436
4,T+20,18,19035,3574,0.18775939059627003,0.033796690307328604,1161,2436
4,T+20,19,19035,3253,0.17089571841344892,0.03247018649855529,1161,2436
4,T+20,20,19035,2988,0.15697399527186762,0.03139479905437353,1161,2436
5,T+20,1,18561,16094,0.8670869026453316,0.008670869026453316,1157,2412
5,T+20,2,18561,14901,0.8028123484726039,0.016056246969452077,1157,2412
5,T+20,3,18561,13737,0.7401002101179893,0.02220300630353968,1157,2412
5,T+20,4,18561,12626,0.6802435213619956,0.027209740854479827,1157,2412
5,T+20,5,18561,11497,0.6194170572706212,0.030970852863531063,1157,2412
5,T+20,6,18561,10444,0.562685200150854,0.033761112009051235,1157,2412
5,T+20,7,18561,9526,0.5132266580464414,0.035925866063250905,1157,2412
5,T+20,8,18561,8668,0.4670007003932978,0.03736005603146382,1157,2412
5,T+20,9,18561,7916,0.42648564193739563,0.0383837077743656,1157,2412
5,T+20,10,18561,7192,0.3874791228920856,0.03874791228920856,1157,2412
5,T+20,11,18561,6574,0.354183503044017,0.03896018533484187,1157,2412
5,T+20,12,18561,5973,0.321803782123808,0.03861645385485696,1157,2412
5,T+20,13,18561,5440,0.2930876569150369,0.0381013953989548,1157,2412
5,T+20,14,18561,4928,0.2655029362642099,0.03717041107698939,1157,2412
5,T+20,15,18561,4534,0.24427563170087818,0.03664134475513173,1157,2412
5,T+20,16,18561,4139,0.22299445073002533,0.03567911211680405,1157,2412
5,T+20,17,18561,3792,0.20429933732018749,0.034730887344431874,1157,2412
5,T+20,18,18561,3487,0.1878670330262378,0.033816065944722806,1157,2412
5,T+20,19,18561,3216,0.17326652658800712,0.03292064005172135,1157,2412
5,T+20,20,18561,2949,0.158881525779861,0.031776305155972205,1157,2412
6,T+20,1,18390,16087,0.874768896139206,0.008747688961392061,1161,2380
6,T+20,2,18390,14937,0.8122349102773246,0.01624469820554649,1161,2380
6,T+20,3,18390,13752,0.7477977161500816,0.02243393148450245,1161,2380
6,T+20,4,18390,12641,0.6873844480696031,0.027495377922784125,1161,2380
6,T+20,5,18390,11535,0.6272430668841762,0.03136215334420881,1161,2380
6,T+20,6,18390,10507,0.5713431212615552,0.03428058727569331,1161,2380
6,T+20,7,18390,9562,0.5199564980967918,0.03639695486677543,1161,2380
6,T+20,8,18390,8672,0.4715606307775965,0.03772485046220772,1161,2380
6,T+20,9,18390,7874,0.4281674823273518,0.03853507340946166,1161,2380
6,T+20,10,18390,7157,0.389178901576944,0.0389178901576944,1161,2380
6,T+20,11,18390,6537,0.35546492659053835,0.03910114192495922,1161,2380
6,T+20,12,18390,5963,0.32425231103860797,0.03891027732463295,1161,2380
6,T+20,13,18390,5464,0.29711799891245244,0.038625339858618817,1161,2380
6,T+20,14,18390,4973,0.27041870581837957,0.03785861881457314,1161,2380
6,T+20,15,18390,4531,0.24638390429581294,0.03695758564437194,1161,2380
6,T+20,16,18390,4140,0.22512234910277323,0.03601957585644372,1161,2380
6,T+20,17,18390,3748,0.2038064165307232,0.03464709081022295,1161,2380
6,T+20,18,18390,3418,0.18586188145731375,0.033455138662316475,1161,2380
6,T+20,19,18390,3132,0.1703099510603589,0.03235889070146819,1161,2380
6,T+20,20,18390,2864,0.15573681348559,0.031147362697118,1161,2380
7,T+20,1,18246,16047,0.8794804340677409,0.00879480434067741,1158,2368
7,T+20,2,18246,14933,0.8184259563739997,0.016368519127479993,1158,2368
7,T+20,3,18246,13800,0.7563301545544229,0.022689904636632684,1158,2368
7,T+20,4,18246,12620,0.6916584456867259,0.027666337827469033,1158,2368
7,T+20,5,18246,11509,0.630768387591801,0.03153841937959005,1158,2368
7,T+20,6,18246,10454,0.5729474953414447,0.034376849720486685,1158,2368
7,T+20,7,18246,9492,0.52022361065439,0.036415652745807305,1158,2368
7,T+20,8,18246,8632,0.4730899923270854,0.03784719938616683,1158,2368
7,T+20,9,18246,7852,0.4303408966348789,0.0387306806971391,1158,2368
7,T+20,10,18246,7121,0.39027732105666996,0.039027732105667,1158,2368
7,T+20,11,18246,6495,0.3559684314370273,0.039156527458073,1158,2368
7,T+20,12,18246,5917,0.32429025539844347,0.03891483064781322,1158,2368
7,T+20,13,18246,5405,0.2962293105338156,0.03850981036939603,1158,2368
7,T+20,14,18246,4926,0.26997698125616576,0.03779677737586321,1158,2368
7,T+20,15,18246,4487,0.24591691329606488,0.036887536994409734,1158,2368
7,T+20,16,18246,4114,0.22547407650992,0.0360758522415872,1158,2368
7,T+20,17,18246,3766,0.20640140304724322,0.03508823851803135,1158,2368
7,T+20,18,18246,3454,0.18930176477036062,0.03407431765866491,1158,2368
7,T+20,19,18246,3190,0.1748328400745369,0.03321823961416201,1158,2368
7,T+20,20,18246,2909,0.1594322043187548,0.03188644086375096,1158,2368
